account_idx,true_label,xgb_proba,anomaly_score,risk_score,risk_tier
0,0,0.00027489856001920997,0.03369764945147846,0.006959448738311059,Green
1,0,0.006190246995538473,0.15106173432284964,0.0351645444610007,Green
2,0,0.0881257377564907,0.03355769668854113,0.07721212954290078,Green
3,0,0.000771062693092972,0.09507165076153795,0.019631180306781962,Green
4,0,0.00023865644761826842,0.04057026424685723,0.00830497800746606,Green
5,0,0.001070855208672583,0.09496409264829409,0.01984950269659688,Green
6,0,0.00014881397946737708,0.07085028718706161,0.01428910862098622,Green
7,0,0.09559040665626525,0.04183988352405576,0.08484030202982336,Green
8,0,0.0872789442539215,0.0752731403015523,0.08487778346344765,Green
9,0,0.002869928954169154,0.08268016058642687,0.018831975280620694,Green
10,0,9.00188839295879e-05,0.06289927762082909,0.012651870631309485,Green
11,0,0.0016045009950175883,0.061021006095129234,0.013487802015039914,Green
12,0,0.004296669736504555,0.09454335796034825,0.02234600738127329,Green
13,0,0.00039472318021580575,0.07045382467931673,0.014406543480035987,Green
14,0,0.07874760031700134,0.10152216909761791,0.08330251407312467,Green
15,0,8.30759308882989e-05,0.09509460364286697,0.01908538147328403,Green
16,0,0.000254211196443066,0.07566780095690001,0.015336929148534453,Green
17,0,0.001006544253323227,0.017326678253353857,0.004270571053329352,Green
18,0,0.0005896233022212982,0.08877883583796843,0.018227465809370718,Green
19,0,0.0008744149468839169,0.07450187359918863,0.015599906677344856,Green
20,0,0.0005192273005377501,0.1261981809663211,0.025655018033694413,Green
21,0,0.0003292837063781917,0.08916134583068519,0.018095696131239587,Green
22,0,0.0008632916491478681,0.10533028019319214,0.021756689357956716,Green
23,0,0.012972642667591572,0.09692557447793201,0.02976322902965966,Green
24,0,0.001169549929909408,0.08210942436921702,0.017357524817770927,Green
25,0,0.0015518380794674158,0.05093986123587267,0.011429442710748465,Green
26,0,0.008926519425585866,0.06529285067855232,0.020199785676179156,Green
27,0,0.001458484586328268,0.0888455407470337,0.01893589581846935,Green
28,0,0.000942013249732554,0.033536945682338004,0.0074609997362536425,Green
29,0,0.00023105567670427264,0.04298193085231927,0.00878123071182727,Green
30,0,0.022377080097794533,0.023948804918936705,0.022691425062022968,Green
31,0,0.00029290405218489467,0.13017599354719636,0.02626952195118718,Green
32,0,0.043531975522637364,0.07524000844817816,0.04987358210774552,Green
33,0,0.000892063812352717,0.16126440753002164,0.03296653255588649,Green
34,0,0.0003324844699818641,0.058792999503618146,0.012024587476709116,Green
35,0,0.0009927976527251304,0.029603665006855136,0.00671497112355113,Green
36,0,0.00012431650975486264,0.03295916582238609,0.006691286372281106,Green
37,0,0.01929590031504631,0.07590963857956128,0.0306186479679493,Green
38,0,0.0060595346614718435,0.030286414926982922,0.010904910714574058,Green
39,0,7.414334395434707e-05,0.07001183064198306,0.014061680803560088,Green
40,0,0.004258348932489752,0.07640881736497207,0.018688442618986213,Green
41,0,0.000398218265036121,0.10110036031766119,0.020538646675561132,Green
42,0,0.001841359178069979,0.07839153353209945,0.01715139404887587,Green
43,0,0.0009997475892305375,0.09784589915259437,0.0203689779019033,Green
44,0,0.0009030888439156116,0.09521100879272858,0.0197646728336782,Green
45,0,0.0003012536035384983,0.10031501531937598,0.02030400594670599,Green
46,0,0.0003180323226843029,0.3042139246691618,0.06109721079197979,Green
47,0,0.0003234714444261044,0.29035886288040186,0.05833054973162124,Green
48,0,0.0002753510372713208,0.4480732671775073,0.0898349342653185,Green
49,0,0.023728246241807936,0.15937220987834344,0.05085703896911503,Green
50,0,0.00035996115184389055,0.086584759890039,0.017604920899482908,Green
51,0,0.00030570557573810224,0.20044279499312584,0.04033312345921564,Green
52,0,0.00024401244590990248,0.04850024415563477,0.009895258787854874,Green
53,0,0.00018992348923347891,0.17171699981213387,0.03449533875381355,Green
54,0,0.0007075968896970153,0.0882997398844587,0.01822602548864935,Green
55,0,0.00016979544016066937,0.11353393405314703,0.022842623162757935,Green
56,0,0.019924483820796014,0.13358966599279734,0.04265752025519627,Green
57,0,0.00012092237884644418,0.1736442985703448,0.034825597617146105,Green
58,0,0.0016972218756563962,0.06483862971241763,0.014325503443008642,Green
59,0,0.000338357052532956,0.09526499411670454,0.01932368446536727,Green
60,0,0.0005555373732931912,0.07884243242315452,0.01621291638326545,Green
61,0,0.002281608665362001,0.021150334858213916,0.006055353903932383,Green
62,0,0.006069457530975342,0.15082010037247076,0.03501958609927442,Green
63,0,0.0001553780253743753,0.06340625799554613,0.012805554019408721,Green
64,0,0.00027217248571105297,0.04797418947311792,0.009812575883192424,Green
65,0,0.11735736578702927,0.09667167179539135,0.11322022698870168,Green
66,0,0.007994163036346435,0.030333828613667596,0.012462096151810667,Green
67,0,0.14510913453996183,0.11623632303144285,0.13933457223825801,Green
68,0,0.00971954339183867,0.13301685720363354,0.03437900615419764,Green
69,0,0.00022106475080363452,0.04033321601947546,0.008243495004537998,Green
70,0,0.0023850963450968267,0.10685758424712159,0.023279593925501774,Green
71,0,0.0002580878732260317,0.16829548351728824,0.033865567002038466,Green
72,0,0.0006882184941787272,0.09247669065660825,0.01904591292666463,Green
73,0,0.003444877080619335,0.07269833340305125,0.017295568345105716,Green
74,0,0.0004448060528375208,0.12681697379296727,0.025719239600863465,Green
75,0,0.0018277312163263559,0.08462781438578079,0.01838774785021724,Green
76,0,0.0003668732766527683,0.1283395130729351,0.025961401235909228,Green
77,0,0.0005464226589538157,0.05963015961451091,0.012363170050065231,Green
78,0,0.006315533723682165,0.06396537988629236,0.017845502956204202,Green
79,0,0.000762721081264317,0.1749459601829627,0.03559936890160399,Green
80,0,0.0016105081886053085,0.04949567132603097,0.01118754081609044,Green
81,0,0.0009026611456647516,0.09219440525317103,0.019161009967166003,Green
82,0,0.0004095137963304297,0.1251113733397942,0.025349885705023174,Green
83,0,0.0014137011952698232,0.11106019997148021,0.023343000950511894,Green
84,0,0.0033057821681722996,0.06546981930913666,0.01573858959636517,Green
85,0,0.0008739963872358204,0.1749563212635841,0.03569046136250547,Green
86,0,0.0008632024750113486,0.04794828886996508,0.010280219754002092,Green
87,0,0.007334170117974281,0.08684357049310064,0.023236050192999548,Green
88,0,0.00261039393953979,0.1046340796607089,0.023015131083773607,Green
89,0,0.00036240406916476786,0.052212483891168546,0.010732420033565521,Green
90,0,0.0011132691521197557,0.1681219139697201,0.034514998115639815,Green
91,0,0.007690404262393713,0.07616829909541688,0.021385983228998345,Green
92,0,0.00030372076435014606,0.22889187335755368,0.04602135128299084,Green
93,0,4.501940420595929e-05,0.1726973069579154,0.03457547691494784,Green
94,0,0.0026247002650052306,0.013446668088829251,0.004789093829770034,Green
95,0,0.0005055134883150458,0.10969242310876896,0.022342895412405826,Green
96,0,0.001939620659686625,0.0664007046268349,0.014831837453116278,Green
97,0,0.0012038936314638705,0.027402532745505963,0.006443621454272287,Green
98,0,0.0001466208865167573,0.06244523464323927,0.012606343637861258,Green
99,0,0.0006010887445881963,0.0790136445580874,0.016283599907288036,Green
100,0,0.0006059569190256297,0.09092159819434176,0.018669085174088853,Green
101,0,0.013810849003493787,0.06419155207627768,0.023886989618050563,Green
102,0,0.01654997654259205,0.10004331308056832,0.033248643850187304,Green
103,0,0.000453382486011833,0.15745606376733057,0.031853918742275576,Green
104,0,0.02507360652089119,0.05870613919448497,0.03180011305560994,Green
105,0,0.00029457481286954135,0.05703891695822063,0.011643443241939756,Green
106,0,0.0006886096787638963,0.2360054741377902,0.047751982570569146,Green
107,0,0.0003051670733839273,0.04217560416173132,0.008679254491053404,Green
108,0,0.012592398561537266,0.07887365773069747,0.025848650395369304,Green
109,0,0.025588215515017512,0.1146423625248797,0.043399044916989954,Green
110,0,0.0002995055518113076,0.10204503973443235,0.02064861238833551,Green
111,0,0.007157080806791782,0.13325911055394438,0.0323774867562223,Green
112,0,0.002795563032850623,0.044910703377948016,0.0112185911018701,Green
113,0,0.00017194942047353833,0.27329998145250256,0.054797555826879334,Green
114,0,5.105623640702106e-05,0.08937262019718073,0.017915369028561758,Green
115,0,0.00787082128226757,0.22632160640896118,0.05156097830760628,Green
116,0,0.0011731657665222882,0.22772111691965294,0.046482755997148406,Green
117,0,0.0006152921007014811,0.07169520602705945,0.014831274885973073,Green
118,0,0.058510332554578784,0.06379382957965629,0.059567031959594285,Green
119,0,0.0004344578017480671,0.18486338776406006,0.03732024379421045,Green
120,0,0.00015917661075945944,0.04526488230580867,0.009180317749769299,Green
121,0,0.001299403002485633,0.04765017517006749,0.010569557436002002,Green
122,0,0.00026839594938792287,0.7142750657016391,0.14306972989983813,Green
123,0,0.00031520224292762576,0.0718428547868692,0.014620732751715939,Green
124,0,0.00047912505688145756,0.2025536252827545,0.04089402510205606,Green
125,0,0.001559970318339765,0.13789132695038087,0.02882624164474798,Green
126,0,0.00041748976218514144,0.2118028726130221,0.042694566332352524,Green
127,0,0.014862492866814136,0.043528509293184935,0.020595696152088293,Green
128,0,0.0006793590029701591,0.13773096496344514,0.02808968019506515,Green
129,0,0.0001777159719495103,0.1031741058494662,0.020776993947452842,Green
130,0,0.0007575088064186275,0.16864923765655823,0.03433585457644654,Green
131,0,0.0001481631465139799,0.17797869612286057,0.03571426974178329,Green
132,0,0.006474599894136191,0.07054894779857668,0.019289469475024287,Green
133,0,0.001764326961711049,0.048471297154479974,0.011105721000264832,Green
134,0,8.453025366179645e-05,0.080151864664063,0.01609799713574203,Green
135,0,0.002087940345518291,0.05099972058752456,0.011870296393919542,Green
136,0,0.2020473897457123,0.054050372586156734,0.17244798631380118,Green
137,0,0.0007653109089005738,0.046237556615872914,0.00985976005029504,Green
138,0,0.00041866513784043495,0.043759634792219455,0.009086859068716237,Green
139,0,0.006298729311674833,0.32545090600701826,0.07012916465074351,Green
140,0,0.00015186899690888822,0.044026447835727935,0.008926784764672695,Green
141,0,0.0008957046491559596,0.04838183103572976,0.010392929926470718,Green
142,0,4.5216637226985766e-05,0.1545402979648424,0.03094423290275006,Green
143,0,0.0012152835726737977,0.0993491401818103,0.020842054894501097,Green
144,0,0.005498004704713821,0.049772795887533694,0.014352962941277794,Green
145,0,0.003623490920290351,0.17420015899964067,0.037738824536160405,Green
146,0,0.00024134331615641714,0.1756453427801477,0.035322143208954666,Green
147,0,0.0004259546403773129,0.08767856839054708,0.01787647739041126,Green
148,0,0.0011196521343663334,0.09373164358616531,0.019642050424726124,Green
149,0,0.000552707863971591,0.09720083464987896,0.01988233322115306,Green
150,0,0.00032081492245197293,0.14347280425570433,0.02895121278910244,Green
151,0,0.00011311479174764827,0.08657674658769014,0.017405841150936144,Green
152,0,9.630843269405886e-05,0.11168701896468969,0.02241445053909318,Green
153,0,0.0001837115181842819,0.038883882284331386,0.007923745671413702,Green
154,0,0.00012972134427400306,0.030917506537277737,0.006287278382874749,Green
155,0,0.004261273052543401,0.0896088748423234,0.021330793410499396,Green
156,0,0.0017610290669836104,0.08992480612040721,0.019393784477668326,Green
157,0,0.0006127429893240333,0.09452151188811414,0.01939449676908205,Green
158,0,0.00044802884804084897,0.05258725162371589,0.010875873403175855,Green
159,0,0.00020845491089858115,0.0526913204476511,0.010705028018249081,Green
160,0,8.071959746303037e-05,0.16473070146127386,0.033010715970225195,Green
161,0,0.0034941408317536115,0.15660655738324897,0.03411662414205267,Green
162,0,0.0013648500433191657,0.10055540015916561,0.021202960066488453,Green
163,0,0.00020851847948506476,0.10025563065859039,0.020217940915306126,Green
164,0,0.0003354729909915477,0.13179826957624452,0.026628032308042136,Green
165,0,0.04628621898591518,0.11998747309166286,0.061026469807064714,Green
166,0,0.0003382621740456671,0.32411952888136863,0.06509451551551025,Green
167,0,0.00020616256806533782,0.05118271538492712,0.010401473131437692,Green
168,0,0.0002740119001828134,0.16552626158112776,0.0333244618363718,Green
169,0,0.007173817418515682,0.09037563423805457,0.023814180782423457,Green
170,0,8.058824241743424e-05,0.09137151974620701,0.018338774543175347,Green
171,0,0.02170455493032932,0.06460357047182812,0.030284358038629076,Green
172,0,0.0008196070091798901,0.13222830879257688,0.02710134736585928,Green
173,0,0.0007783428067341448,0.11957135982750482,0.024536946210888273,Green
174,0,0.0003617886337451637,0.19914347371868482,0.04011812565073309,Green
175,0,0.0002156744245439768,0.045434483182580296,0.009259436176151239,Green
176,0,0.0002635377808474004,0.048343986488024744,0.009879627522282868,Green
177,0,0.00014679857122246176,0.07252783766349999,0.014623006389677963,Green
178,0,0.0014306884841062129,0.06283829046806494,0.013712208880897955,Green
179,0,0.00041426727548241613,0.06684782195727276,0.013700978211840483,Green
180,0,0.0002144582278560847,0.07392449341958254,0.014956465266201374,Green
181,0,0.00016105994873214514,0.16674993125958532,0.03347883421090277,Green
182,0,0.001880164910107851,0.229249339844959,0.047353999897078065,Green
183,0,0.000473177689127624,0.05497616411747022,0.011373774974796143,Green
184,0,0.0001993116282392293,0.09063537088966558,0.018286523480524498,Green
185,0,0.011186204897239803,0.15318753800184062,0.03958647151815996,Green
186,0,0.0008615644881501793,0.07894365532341256,0.016477982655202655,Green
187,0,0.022065048664808275,0.09402867175259111,0.03645777328236484,Green
188,0,0.0001489946327637881,0.08678420927970576,0.01747603756215218,Green
189,0,0.00038695219554938374,0.014362346655198754,0.0031820310874792574,Green
190,0,0.0004162901022937149,0.025619463096238172,0.0054569247010826044,Green
191,0,0.0012172950664535165,0.06320845984831247,0.013615528022825304,Green
192,0,0.0027059424202889202,0.09463213774153376,0.021091181484537883,Green
193,0,0.00042979517020285134,0.01417970594923313,0.003179777326008907,Green
194,0,0.00048471985501237215,0.05517010609329458,0.011421797102668812,Green
195,0,0.00014182912127580494,0.19083157039018045,0.03827977737505673,Green
196,0,0.002564837038516998,0.08958095913944861,0.019968061458703314,Green
197,0,0.00035793489660136403,0.05360300196357331,0.01100694830999575,Green
198,0,0.0009874166687950491,0.0641831565131613,0.013626564637668297,Green
199,0,9.617233590688556e-05,0.07138761651448015,0.014354461171621537,Green
200,0,0.0020914625376462935,0.055970145269442745,0.012867199084005581,Green
201,0,0.0021717330440878865,0.06926193848008592,0.015589774131287492,Green
202,0,0.0095544109120965,0.0469406240877431,0.017031653547225818,Green
203,0,0.005257027549669146,0.09159015928406339,0.022523653896547993,Green
204,0,0.0006889331969432532,0.05941025986745094,0.012433198531044787,Green
205,0,0.0020794261479750273,0.09078852074823716,0.019821245068027453,Green
206,0,0.5392159938812255,0.0689296498547658,0.4451587250759336,Amber
207,0,0.0011224304093047975,0.016204877444384307,0.004138919816320698,Green
208,0,8.921982444007882e-05,0.07152014813009169,0.014375405485570399,Green
209,0,0.0002702131518162787,0.05842374040136152,0.011900918601725326,Green
210,0,0.0026519762817770244,0.3358987269536042,0.06930132641614244,Green
211,0,0.0001161527557997033,0.0594190679399518,0.01197673579263012,Green
212,0,0.0006048548617400229,0.04548675865666885,0.009581235620725785,Green
213,0,0.0001683907728875056,0.18769835377507937,0.03767438337332587,Green
214,0,0.0006752720102667809,0.08020292819634024,0.016580803247481467,Green
215,0,0.001263770880177617,0.07328876536535907,0.015668769777213903,Green
216,0,0.0020021426025778055,0.0706433441846465,0.01573038291899154,Green
217,0,0.001242898445343599,0.09081577886014437,0.019157474528303752,Green
218,0,0.002369514014571905,0.11894123610481687,0.02568385843262089,Green
219,0,0.0008434200659394264,0.015299365341542635,0.003734609121060067,Green
220,0,0.1185926042497158,0.15149309718833306,0.12517270283743925,Green
221,0,0.0013489369652234017,0.034297972696617926,0.007938744111502305,Green
222,0,0.0002801316091790795,0.2247558824050082,0.04517528176834489,Green
223,0,0.0014917927794158457,0.07448555024383255,0.01609054427229918,Green
224,0,0.0019492603256367146,0.09385446304989216,0.0203303008704878,Green
225,0,0.03150569312274456,0.12804316706417576,0.050813187911030795,Green
226,0,0.017503788694739342,0.1812552235746609,0.050254075670723646,Green
227,0,6.407720975403209e-05,0.0958460157895172,0.01922046492570666,Green
228,0,0.0006329305819235742,0.03932651266319634,0.008371646998178125,Green
229,0,0.0006607174524106084,0.09711508473412618,0.019951590908753716,Green
230,0,0.0004802185925655067,0.04360292074864515,0.009104759023781434,Green
231,0,0.0013388703344389798,0.11217979465967085,0.023507055199485347,Green
232,0,0.00010693589429138229,0.09112490908543994,0.018310530532521088,Green
233,0,0.040691493451595305,0.03260772704325568,0.03907474016992738,Green
234,0,0.008147823531180619,0.008939943531123437,0.008306247531169183,Green
235,0,0.00016413688426837326,0.1270891520624187,0.025549139919898434,Green
236,0,0.00039186783251352606,0.10161369805756991,0.0206362338775248,Green
237,0,0.00011380512296454981,0.060201101888970265,0.01213126447616569,Green
238,0,9.79991484200582e-05,0.03127053663427516,0.006332506645591078,Green
239,0,0.015312747657299043,0.06309814773276519,0.02486982767239227,Green
240,0,0.0017285430105403066,0.16123102921806948,0.03362904025204613,Green
241,0,0.0005045433528721333,0.06509905871726962,0.013423446425751627,Green
242,0,0.0007752197911031544,0.03887463937893918,0.008395103708670358,Green
243,0,0.008013702370226384,0.11281571044480537,0.028974103985142177,Green
244,0,0.0009451414924114942,0.19675555030512715,0.04010722325495462,Green
245,0,0.0007461237953975796,0.08307148347289038,0.017211195730896137,Green
246,0,0.015362670272588731,0.057981098302863285,0.023886355878643642,Green
247,0,0.0001940241229021922,0.042432311774327595,0.008641681653187272,Green
248,0,0.0025821032002568242,0.1297426045902679,0.02801420347825903,Green
249,0,0.0007047182880342007,0.06134412364123122,0.012832599358673603,Green
250,0,0.00026665127370506525,0.0666688578286787,0.013547092584699787,Green
251,0,0.004601929150521755,0.09502410803092795,0.02268636492660299,Green
252,0,0.12448290586471557,0.2079403726086946,0.14117439921351138,Green
253,0,0.040723726898431775,0.06410244320976632,0.04539947016069869,Green
254,0,0.0011702119372785091,0.050441807657879624,0.01102453108139873,Green
255,0,0.0017806334188207984,0.09914071980516123,0.021252650696088882,Green
256,0,0.003049707412719727,0.08644350611315313,0.019728467152806406,Green
257,0,0.0013791126548312604,0.040923211487962206,0.009287932421457448,Green
258,0,0.010275462176650763,0.08630135879663577,0.02548064150064776,Green
259,0,0.00010848309902939947,0.1444738191633985,0.028981550311903213,Green
260,0,0.0004268840828444809,0.20390874512171522,0.041123256290618616,Green
261,0,0.0012451560702174901,0.14201523047898648,0.029399170951971282,Green
262,0,0.00010053776641143485,0.09550006217973672,0.01918044264907649,Green
263,0,0.0028250003699213265,0.027735686731353213,0.007807137642207702,Green
264,0,0.010658234544098377,0.17547065334017858,0.04362071830331441,Green
265,0,0.0032727107405662536,0.05044221988348781,0.012706612569150563,Green
266,0,0.005450787954032421,0.0728953985766989,0.018939710078565715,Green
267,0,0.32215924263000484,0.06198939344328721,0.2701252727926613,Green
268,0,0.00022005466162227093,0.07384186122093099,0.014944415973484013,Green
269,0,0.0006133326329290867,0.06233680165823817,0.012958026437990901,Green
270,0,0.046289671957492826,0.06584435262214965,0.05020060809042419,Green
271,0,0.0012963597662746906,0.10540058721454619,0.022117205255928984,Green
272,0,0.0010497804265469312,0.05842101508414054,0.01252402735806565,Green
273,0,0.0020126602612435818,0.026507679331213806,0.006911664075237626,Green
274,0,0.14555886387825012,0.0826527341067836,0.1329776379239568,Green
275,0,0.19563418328762053,0.06901413806995643,0.17031017424408773,Green
276,0,0.0006885567214339972,0.1391792227130724,0.02838668991976167,Green
277,0,0.025030457228422166,0.062058872662528804,0.03243614031524349,Green
278,0,0.0010564093594439329,0.028785908958236982,0.006602309279202542,Green
279,0,0.007282760366797447,0.039949692265976056,0.013816146746633166,Green
280,0,0.0003005363396368921,0.09530784470095029,0.019301998011899565,Green
281,0,6.117256270954385e-05,0.11268500732198514,0.022585939514564658,Green
282,0,0.0003759456914849579,0.051189939486489436,0.010538744450485851,Green
283,0,0.01424884870648384,0.04383090910724624,0.02016526078663632,Green
284,0,0.0015337210381403566,0.17472246263508284,0.03617146935752885,Green
285,0,0.9204172849655152,0.04291348556444975,0.7449165250853022,Red
286,0,0.005524414731189608,0.09827980614393013,0.02407549301373771,Green
287,0,0.005481316894292832,0.10006982627466257,0.024399018770366775,Green
288,0,0.0009805173380300401,0.0423109579278582,0.009246605455995672,Green
289,0,0.0026579799596220255,0.06139246455551585,0.014404876878800788,Green
290,0,0.002564553217962384,0.10826388868936587,0.02370442031224308,Green
291,0,0.00024678595655132086,0.06658290992287004,0.013514010749815062,Green
292,0,0.4114250004291534,0.07478696448024241,0.3440973932393712,Amber
293,0,0.0036027616821229457,0.07467387389319839,0.01781698412433803,Green
294,0,0.00026685138000175356,0.029064450886380495,0.0060263712812775,Green
295,0,0.0005258606513962149,0.0329613242479624,0.007012953370709451,Green
296,0,0.0070131988730281584,0.03423816307152131,0.012458191712726788,Green
297,0,0.00017175972170662134,0.057986705163166744,0.011734748809998643,Green
298,0,0.014281118288636208,0.07034053152481042,0.02549300093587105,Green
299,0,0.0033574600936844942,0.12780945860635995,0.028247859796219577,Green
300,0,0.00035466979607008393,0.08616483597861159,0.017516703032578382,Green
301,0,0.004254023171961307,0.10305800186061793,0.024014818909692627,Green
302,0,0.00031701491097919644,0.03305076412583445,0.0068637647539502465,Green
303,0,0.003000458050519228,0.02518858575143947,0.007438083590703275,Green
304,0,8.349334530066699e-05,0.0373059325649299,0.007527981189226512,Green
305,0,0.008976312726736069,0.12991728376407966,0.03316450693420478,Green
306,0,0.00030150641105137766,0.05058633898167809,0.010358472925176717,Green
307,0,0.009103349782526492,0.046514933471799885,0.016585666520381168,Green
308,0,0.000269301695516333,0.06362923358531528,0.012941288073476118,Green
309,0,0.007871728483587503,0.04836628004503674,0.01597063879587735,Green
310,0,0.0005452769284602255,0.13667463437411478,0.02777114841759113,Green
311,0,0.000141097376763355,0.21336657403276027,0.04278619270796273,Green
312,0,0.00020063555566594002,0.2761937086431951,0.05539925017317176,Green
313,0,0.006201963522471487,0.08668354372952054,0.022298279563881293,Green
314,0,0.0021054881159216165,0.02940327098928076,0.0075650446905934435,Green
315,0,0.0017233761260285973,0.09545468038603612,0.020469636978030097,Green
316,0,0.052396648377180104,0.04639825283952915,0.051196969269649915,Green
317,0,0.0024169515119865535,0.08134752521520383,0.018203066252630004,Green
318,0,0.0015773336170241236,0.09034790919670022,0.01933144873295934,Green
319,0,0.0002228987170383334,0.06087557635140611,0.012353434243911885,Green
320,0,0.0006851268466562032,0.07088157331370266,0.014724416140065493,Green
321,0,0.0001173627213574946,0.15379962035198688,0.030853814247483364,Green
322,0,0.00018006617319770156,0.09932666950181789,0.020009386838921735,Green
323,0,0.015415671421214937,0.05806464953442241,0.02394546704385643,Green
324,0,0.3244893729686737,0.041796567328859266,0.2679508118407108,Green
325,0,0.0003218171768821776,0.052970138031149035,0.010851481347735547,Green
326,0,0.004086643271148205,0.05946603675455637,0.015162521967829835,Green
327,0,0.0022282913560047746,0.04617818265278729,0.011018269615361276,Green
328,0,0.0060159252025187016,0.05834394004658862,0.016481528171332683,Green
329,0,0.006107605621218681,0.05921484091642035,0.016729052680259014,Green
330,0,0.0007360385614447295,0.12324664209295765,0.025238159267747307,Green
331,0,0.0006649820716120303,0.3476699336133453,0.07006597237995867,Green
332,0,0.009669413790106773,0.06146514022982728,0.020028559078050873,Green
333,0,0.0010013800114393235,0.03394156716632658,0.007589417442416774,Green
334,0,0.0014219484175555406,0.11314924947625131,0.02376740862929469,Green
335,0,0.028208565711975095,0.0930920475904212,0.04118526208766431,Green
336,0,0.0025652163196355103,0.11305979688676047,0.0246641324330605,Green
337,0,0.008188805263489484,0.11141287740413175,0.028833619691617934,Green
338,0,0.00028014642302878203,0.04568209390274684,0.009360535918972393,Green
339,0,0.0008712275535799563,0.028963935552362045,0.0064897691533363725,Green
340,0,0.0003387814678717405,0.05989620422468515,0.012250266019234419,Green
341,0,0.011519634816795587,0.01878168448740728,0.012972044750917924,Green
342,0,0.0017021047649905085,0.07923452397554694,0.01720858860710179,Green
343,0,0.012560363858938217,0.08041119996055639,0.026130531079261846,Green
344,0,0.0002467510348651558,0.056442709010897235,0.01148594263007157,Green
345,0,0.00022522435756400228,0.03786654315252928,0.007753488116557057,Green
346,0,0.00031585005344823,0.12231893429026358,0.024716466900811293,Green
347,0,0.020850242674350736,0.06013532290374756,0.028707258720230097,Green
348,0,0.006997527368366718,0.09877729306667477,0.025353480508028325,Green
349,0,0.0037334616761654613,0.07239173506552891,0.01746511635403815,Green
350,0,7.077304035192355e-05,0.07800155361883836,0.015656929156049208,Green
351,0,0.08040163069963455,0.12809654307834695,0.08994061317537702,Green
352,0,0.0001332809013547376,0.11344723073582624,0.022796070868249033,Green
353,0,0.0031840248964726927,0.14440823578243503,0.031428867073665157,Green
354,0,0.04967935383319855,0.040672771119181245,0.04787803729039508,Green
355,0,9.18374236789532e-05,0.07711374475647745,0.01549621889023865,Green
356,0,0.006210096459835768,0.1554918406948942,0.036066445306847446,Green
357,0,0.0002479369344655424,0.048226768887947406,0.009843703325161914,Green
358,0,8.094738732324913e-05,0.021806272087865407,0.00442601232743168,Green
359,0,0.0003270128159783781,0.1262740032944964,0.025516410911681976,Green
360,0,6.107325243647209e-05,0.13234227813816332,0.026517314229581836,Green
361,0,0.023627141118049623,0.06445068480052064,0.03179184985454383,Green
362,0,0.001304665324278176,0.09046671876159965,0.019137076011742468,Green
363,0,0.0005056642461568117,0.15821075987213748,0.03204668337135294,Green
364,0,0.0005817405297420919,0.07305877551784058,0.015077147527361787,Green
365,0,0.00014007878489792348,0.038081634507274864,0.00772838992937331,Green
366,0,0.0024698788416571914,0.06570427044715597,0.015116757162756945,Green
367,0,0.002333927154541016,0.032831983761472484,0.008433538475927309,Green
368,0,0.0030330037465319034,0.017899590392343092,0.00600632107569414,Green
369,0,0.00010628820746205747,0.087536818131653,0.017592394192300242,Green
370,0,0.0027554128784686325,0.045456308187589355,0.011295591940292775,Green
371,0,0.0051134192850440735,0.1578480453034392,0.03566034448872309,Green
372,0,0.0002651548944413662,0.2625675735412854,0.05272563862381016,Green
373,0,0.004609106015414,0.07478392698034111,0.01864407020839942,Green
374,0,0.011284425854682922,0.07904973902845844,0.024837488489438023,Green
375,0,0.019659675471484662,0.04296756454931348,0.024321253287050426,Green
376,0,0.000346095216809772,0.06392643725741197,0.013062163624930208,Green
377,0,0.00017885322158690543,0.18042130249146532,0.03622734307556258,Green
378,0,0.005846063792705536,0.16392537808254232,0.03746192665067289,Green
379,0,0.0006238928879611194,0.06111637870292887,0.012722390050954666,Green
380,0,0.002352062915451825,0.08609832040804076,0.019101314413969606,Green
381,0,0.0014410309493541717,0.06738744497703093,0.014630313754889521,Green
382,0,0.006742867454886436,0.06693512120043939,0.018781318203997022,Green
383,0,0.0008111309260129928,0.08426420222306347,0.017501745185423086,Green
384,0,0.00498589901253581,0.039775620038007234,0.011943843217630094,Green
385,0,0.0003609285573475063,0.07970394862444663,0.016229532570767327,Green
386,0,0.005304449331015348,0.027298520953376815,0.00970326365548764,Green
387,0,0.00043380741844885047,0.07000301533021099,0.014347649000801274,Green
388,0,0.00011972268694080413,0.21949318213035252,0.04399441457562314,Green
389,0,0.09118822440505028,0.02339980869736336,0.0776305412635129,Green
390,0,0.001672203291673213,0.15563215389654167,0.0324641934126469,Green
391,0,0.005085833184421062,0.05392276025146623,0.014853218597830092,Green
392,0,8.606962946942077e-05,0.059876521287505424,0.012044159961076618,Green
393,0,0.030980426445603372,0.052694807032170485,0.0353233025629168,Green
394,0,0.0007213895791210235,0.04419749664798574,0.009416610992893964,Green
395,0,0.011506740376353264,0.0714504686691758,0.02349548603491777,Green
396,0,6.236265398911201e-05,0.22935140581669713,0.045920171286530705,Green
397,0,0.00023145839222706854,0.1798371999337188,0.036152606700525405,Green
398,0,0.04749738471582531,0.018730521914361333,0.04174401215553252,Green
399,0,0.0005634280620142818,0.10014997846571064,0.020480738142753547,Green
400,0,0.011030871979892254,0.11973437340527272,0.032771572264968345,Green
401,0,0.0024559527635574343,0.11384221947859964,0.02473320610656587,Green
402,0,0.00022523967199958861,0.090833846157229,0.018346960969045468,Green
403,0,0.00038208151236176493,0.07220445962764613,0.014746557135418633,Green
404,0,0.0014841348398476838,0.04208866907237605,0.009605041686353354,Green
405,0,0.002650035824626684,0.07935710663640481,0.017991449986982308,Green
406,0,0.001616931112948805,0.18436186117852177,0.03816591712606339,Green
407,0,0.015678432304412127,0.0818485054753159,0.02891244693859288,Green
408,0,0.0008194615365937352,0.0325452654781561,0.007164622324906207,Green
409,0,0.0002070077054668218,0.11483133818047937,0.023131873800469327,Green
410,0,0.0030454587191343307,0.13822437502651183,0.030081241980609824,Green
411,0,0.0004564353672321886,0.08427391908956534,0.017219932111698817,Green
412,0,0.0003606618149206042,0.10686042454857651,0.021660614361651783,Green
413,0,0.013622942194342614,0.06705583680818236,0.02430952111711056,Green
414,0,0.0006960968486964703,0.10878960735133866,0.022314798949224904,Green
415,0,0.0011725904187187552,0.09198031505215788,0.019334135345406577,Green
416,0,8.310340199386701e-05,0.0840896633216664,0.01688441538592837,Green
417,0,0.0024992636870592834,0.080497820586535,0.018098975066954424,Green
418,0,0.00028121746727265416,0.16390709182549998,0.03300639233891812,Green
419,0,0.00023312520934268833,0.12043148107178123,0.024272796381830393,Green
420,0,0.0014692157856188715,0.04688048928930991,0.010551470486357076,Green
421,0,0.010965826921164988,0.10420335112277043,0.029613331761486075,Green
422,0,0.00023637303384020926,0.02100680021176433,0.0043904584694250326,Green
423,0,0.00022721560671925544,0.06396812744114098,0.012975397973603598,Green
424,0,0.00012849312333855777,0.1530411591987579,0.03071102633842242,Green
425,0,0.00012894335959572344,0.11557992881551238,0.023219140450779052,Green
426,0,0.0017581398598849772,0.049789250991845155,0.011364362086277011,Green
427,0,0.003383716521784663,0.1384654565019312,0.030400064517813966,Green
428,0,0.0006049072369933128,0.07125808669274357,0.01473554312814336,Green
429,0,0.0025169535540044306,0.11550632693736068,0.025114828230675675,Green
430,0,0.00017006251437123865,0.10525266185813063,0.021186582383123112,Green
431,0,0.0007193441851995885,0.06638452789271257,0.013852380926702181,Green
432,0,0.002697544277179986,0.07040883960461826,0.016239803342667638,Green
433,0,7.019463300821372e-05,0.17330370685014754,0.034716897076436076,Green
434,0,4.302591187297367e-05,0.1023205809066378,0.020498536910825933,Green
435,0,0.005614866875112057,0.11524608392288822,0.027541110284667287,Green
436,0,0.005881817452609539,0.04504484500743322,0.013714422963574275,Green
437,0,0.00048227044171653686,0.13386876884031285,0.027159570121435793,Green
438,0,0.06629896685481071,0.10906462215636592,0.07485209791512175,Green
439,0,0.0002004131383728236,0.025909173162913857,0.005342165143281029,Green
440,0,0.0012834937311708926,0.16320159705087056,0.03366711439511082,Green
441,0,0.0005982000380754471,0.05918353099071755,0.012315266228603865,Green
442,0,0.0017243456561118365,0.11916528020762948,0.025212532566415362,Green
443,0,0.00015640546334907415,0.10138332923659965,0.020401790217999184,Green
444,0,6.325770082185044e-05,0.07755546871385399,0.015561699903428275,Green
445,0,0.0009397882036864758,0.06986076785997791,0.01472398413494476,Green
446,0,0.0008208444167394191,0.039823617406182406,0.008621399014628014,Green
447,0,0.00014195447583915667,0.09394702410861909,0.018902968402395137,Green
448,0,0.0005132101417984813,0.08301191535311023,0.017012951184060827,Green
449,0,0.012088046967983246,0.022524959697457277,0.014175429513878051,Green
450,0,0.00044696578406728805,0.17821515552941639,0.0360006037331371,Green
451,0,0.001522905845195055,0.053453549600837126,0.011909034596323467,Green
452,0,0.0001269714586669579,0.02721409918129549,0.0055443970031926635,Green
453,0,0.00048806868726387616,0.05940063306862764,0.012270581563536626,Green
454,0,0.00012868985068053006,0.03846002088345814,0.00779495605723605,Green
455,0,0.00021645486704073845,0.33124253424589367,0.06642167074281131,Green
456,0,0.051013671606779096,0.053968166604150436,0.05160457060625337,Green
457,0,0.00023430418223142625,0.18919890364344744,0.03802722407447462,Green
458,0,0.0011404441902413964,0.0919063448351012,0.019293624319213352,Green
459,0,9.333012494607828e-05,0.16493551238107643,0.033061766576172144,Green
460,0,0.00966889150440693,0.08441239007656043,0.024617591218837626,Green
461,0,0.00011986702884314582,0.07118471309889754,0.014332836242854021,Green
462,0,0.0006849060708191245,0.10224168234954957,0.02099626132656521,Green
463,0,0.00013187312870286403,0.101042059922423,0.02031391048744689,Green
464,0,0.0004889137228019536,0.06425862892409395,0.01324285676306035,Green
465,0,0.0010581407346762716,0.03912770593260988,0.008672053774262991,Green
466,0,0.0032029682304710147,0.25796653243474804,0.05415568107132641,Green
467,0,0.0005910863168537618,0.07835337940657856,0.01614354493479872,Green
468,0,0.0015626211185008289,0.2044924796888085,0.04214859283256235,Green
469,0,4.4438412442104894e-05,0.10333180973213481,0.02070191267638064,Green
470,0,0.0006058979663066566,0.14697468773282324,0.029879655919609966,Green
471,0,0.0023598734755069014,0.2012753672743131,0.04214297223526814,Green
472,0,0.011576518788933754,0.04457983864724243,0.01817718276059549,Green
473,0,0.00018295326153747738,0.11788649249702476,0.02372366110863493,Green
474,0,0.0002154225716367364,0.05262844785994378,0.010698027629298142,Green
475,0,0.01956946011632681,0.0744946806099266,0.03055450421504677,Green
476,0,0.03543630689382553,0.060727775284078474,0.040494600571876115,Green
477,0,0.001053745753597468,0.0716383432715641,0.01517066525719079,Green
478,0,0.0009757614461705089,0.10667598766824053,0.022115806690584508,Green
479,0,0.0030196236446499826,0.14207032395261415,0.03082976370624281,Green
480,0,0.00019767350459005685,0.11136833462111483,0.022431805727895004,Green
481,0,0.014124647341668605,0.06626677461416017,0.024553072796166916,Green
482,0,0.021108515001833437,0.10314285688520686,0.03751538337850811,Green
483,0,0.0021894100122153756,0.08814962130480032,0.01938145227073236,Green
484,0,0.000244658108567819,0.04512532154365029,0.00922079079558431,Green
485,0,0.0018026778008788822,0.07489245145313957,0.016420632531331015,Green
486,0,0.004626020416617393,0.05716451046582492,0.015133718426458897,Green
487,0,0.0014527099439874292,0.06651986496797874,0.014466140948785688,Green
488,0,0.0009297603741288186,0.16009212856328073,0.03276223401195919,Green
489,0,0.02831125296652317,0.11923426327771516,0.046495855028761565,Green
490,0,0.00042764985701069234,0.015207090658037062,0.003383538017215966,Green
491,0,0.00019418437150307,0.05114465466827937,0.010384278430858327,Green
492,0,0.03085703458636999,0.04701541477399842,0.03408871062389567,Green
493,0,0.0002113818089128472,0.11849937684893408,0.023868980816917088,Green
494,0,0.01851634159684181,0.16207989702792247,0.04722905268305794,Green
495,0,0.14042997509241104,0.16947050725931292,0.1462380815257914,Green
496,0,0.0002060215047094971,0.04875606375864756,0.009916029955497107,Green
497,0,0.0009025098755955696,0.09512167287071613,0.019746342474619677,Green
498,0,0.0037582602351903913,0.08070258669358452,0.019147125526869212,Green
499,0,0.00047029529232531784,0.07530565842774568,0.015437367919409388,Green
500,0,0.00025875029386952515,0.029724189206022426,0.006151838076300104,Green
501,0,0.002831727499142289,0.07992216619947402,0.01824981523920863,Green
502,0,0.0021020726999267936,0.10779962928867738,0.023241584017676904,Green
503,0,0.001153146638534963,0.11549251985471906,0.024021021281771776,Green
504,0,0.0020968096330761907,0.1404990250285034,0.029777252712161625,Green
505,0,0.0005425915122032165,0.13301472195878047,0.02703701760151866,Green
506,0,0.006733873952180147,0.14086312187620437,0.033559723536984984,Green
507,0,0.00017694145790301264,0.09484632323216233,0.019110817812754873,Green
508,0,0.00010150557791348546,0.07873371158632562,0.01582794677959591,Green
509,0,0.01915160343050957,0.10191828137079245,0.03570493901856614,Green
510,0,0.007130305934697389,0.1309843819850191,0.03190112114476173,Green
511,0,0.0008773323381319643,0.09865758313769103,0.020433382498043773,Green
512,0,0.003280185256153345,0.09762032771971758,0.022148213748866188,Green
513,0,0.002219913015142083,0.24328852042903182,0.050433634497920016,Green
514,0,5.6040348135866223e-05,0.07780689529832666,0.015606211338174022,Green
515,0,0.04616816155612469,0.06336458399940126,0.04960744604478,Green
516,0,0.0006886873918119818,0.01500312947730038,0.003551575808909661,Green
517,0,0.00033312350278720255,0.06487104303025973,0.013240707408281704,Green
518,0,0.007421464473009109,0.14528926646115753,0.03499502487063879,Green
519,0,5.599824144155719e-05,0.19165815789427815,0.03837643017200887,Green
520,0,0.0004278235603123903,0.17303409650172352,0.03494907814859461,Green
521,0,0.06295222602784634,0.061867804523562706,0.06273534172698961,Green
522,0,0.001113869296386838,0.08031602281393171,0.01695429999989581,Green
523,0,0.000648222176823765,0.08746638800442393,0.018011855342343792,Green
524,0,0.0006311952485702932,0.09616232496871713,0.019737421192599656,Green
525,0,0.0003204401349648833,0.09850754847527415,0.019957861803026732,Green
526,0,0.0011638867901638148,0.030446433826490937,0.007020396197429238,Green
527,0,0.0008285556337796152,0.05091602002846895,0.01084604851271748,Green
528,0,0.001185340341180563,0.1132389369061198,0.023596059654168406,Green
529,0,0.0003031107160495594,0.07727393555413826,0.015697275683667297,Green
530,0,0.0014758064644411206,0.06756885567375663,0.01469441630630422,Green
531,0,0.0019502382026985287,0.07750932333180523,0.017062055228519866,Green
532,0,0.0005090106395073235,0.13479952300663847,0.027367113112933546,Green
533,0,0.008393349964171647,0.05444616187670069,0.017603912346677453,Green
534,0,0.024859043397009374,0.16455853700727893,0.052798942119063275,Green
535,0,0.0020502350176684558,0.11214115297371101,0.02406841860887696,Green
536,0,0.0002683150058146566,0.03989764175024336,0.008194180354700396,Green
537,0,0.00018325228593312203,0.07680987937077696,0.015508577702901887,Green
538,0,0.001991526363417506,0.2083064668376211,0.04325451445825822,Green
539,0,0.018622830929234623,0.02449215787707732,0.019796696318803163,Green
540,0,0.0006603539921343326,0.0437976070179204,0.009287804597291543,Green
541,0,0.013145299442112447,0.11157256947870424,0.0328307534494308,Green
542,0,0.0008605511393398046,0.09089519999754782,0.018867480910981404,Green
543,0,0.0022619728464633227,0.09430321573743614,0.02067022142465788,Green
544,0,0.00033280942589044573,0.08659077368518837,0.017584402277750027,Green
545,0,0.000742141657974571,0.1593054329330773,0.03245479991299511,Green
546,0,0.001040854793973267,0.022352810888034796,0.005303246012785571,Green
547,0,0.0002464990771841258,0.17688255764158642,0.03557371079006458,Green
548,0,0.0010291910963132977,0.03529963914286373,0.007883280705623382,Green
549,0,0.0008474824600853026,0.1419747198356568,0.029072929935199596,Green
550,0,0.0006459058960899711,0.1724419058260824,0.035005105882088446,Green
551,0,0.003186535951681435,0.11463485349908853,0.02547619946116285,Green
552,0,0.002165768237318843,0.05463057832772101,0.012658730255399275,Green
553,0,0.01694603282958269,0.1018643374222231,0.033929693748110765,Green
554,0,0.00015032982046250253,0.13324452059758093,0.02676916797588618,Green
555,0,0.0003268043859861791,0.08471338372912397,0.017204120254613733,Green
556,0,0.0006635688012465834,0.030268428795796033,0.006584540800156472,Green
557,0,0.004782539326697588,0.05822626126220287,0.015471283713798642,Green
558,0,0.00018719997897278517,0.0598976399447729,0.012129287972132806,Green
559,0,0.0005661817034706473,0.08098762315078771,0.016650469992934055,Green
560,0,0.0006654889904893935,0.07436055254468403,0.015404501701328318,Green
561,0,0.03490229994058609,0.1590807503185322,0.0597379900161753,Green
562,0,0.004170145280659199,0.09107286926075725,0.021550690076678803,Green
563,0,0.00012917978747282178,0.025591902035096203,0.005221724236997497,Green
564,0,0.002603972423821688,0.06510888540407643,0.015104955019872635,Green
565,0,0.0014115878380835055,0.059380742479321375,0.013005418766331078,Green
566,0,0.006198832672089339,0.15391443300441082,0.03574195273855363,Green
567,0,0.0044463610276579855,0.1267004149754109,0.028897171817208564,Green
568,0,0.0003323592129163444,0.062336104828942404,0.012733108336121554,Green
569,0,0.0008873107028193772,0.06583925394579679,0.013877699351414856,Green
570,0,0.01127233374863863,0.2594860852799145,0.0609150840548938,Green
571,0,0.00022780135623179376,0.029482759640142304,0.0060787930130138945,Green
572,0,0.0012101067695766687,0.07939632937894217,0.016847351291449767,Green
573,0,4.790119419340044e-05,0.0673070887848001,0.013499738712314737,Green
574,0,0.013871201872825622,0.07074196888464912,0.02524535527519032,Green
575,0,0.0024722531437873837,0.05668635343008275,0.013315073201046454,Green
576,0,0.14498808085918427,0.0539977490651932,0.12679001450038604,Green
577,0,0.04415211379528045,0.09507601324026552,0.054336893684277465,Green
578,0,0.0014511293033137918,0.043798081923945784,0.009920519827440188,Green
579,0,0.35002319216728206,0.04715804761886636,0.2894501632575989,Green
580,0,0.0006292871898040175,0.06784250353972895,0.014071930459789002,Green
581,0,0.0006317522493191063,0.08455602264360122,0.017416606328175526,Green
582,0,0.0002560555090894923,0.033034135280415905,0.006811671463354774,Green
583,0,0.0962734006345272,0.07432583223001459,0.09188388695362468,Green
584,0,0.037815856188535696,0.07059488453454978,0.04437166185773851,Green
585,0,0.00012593553110491485,0.0929571906483914,0.018692186554562208,Green
586,0,0.00845921728760004,0.09742431691806049,0.026252237213692124,Green
587,0,0.0018989639123901724,0.012651133324665826,0.004049397794845302,Green
588,0,0.0016166760586202146,0.0538494833449059,0.012063237515877349,Green
589,0,0.00046379790874198076,0.02876748714931923,0.0061245357568574296,Green
590,0,0.07874043025076388,0.0735215730919471,0.07769665881900052,Green
591,0,0.0008728893706575036,0.07600516535310588,0.015899344567147176,Green
592,0,0.0002944863343145698,0.09766820993988626,0.019769231055428903,Green
593,0,0.014109530486166477,0.13016646498038764,0.037320917385010706,Green
594,0,0.0004349802213255316,0.019001485543938008,0.004148281285848026,Green
595,0,0.0003319140174426138,0.1812234921478543,0.03651022964352494,Green
596,0,0.002520241378806531,0.07071355299023205,0.01615890370109163,Green
597,0,0.08704551793634892,0.03617578098705628,0.0768715705464904,Green
598,0,0.0008013654500246049,0.09980431600504584,0.020601955561028847,Green
599,0,0.000752411934081465,0.06814830899023236,0.01423159134531164,Green
600,0,0.0009375607129186392,0.10038400136298317,0.020826848842931543,Green
601,0,0.0033719953149557117,0.05623125260059077,0.01394384677208272,Green
602,0,0.011779057141393422,0.027556941327005723,0.014934633978515882,Green
603,0,0.034616945311427116,0.04617437565133466,0.03692843137940863,Green
604,0,0.0029989189002662896,0.03638183136510556,0.009675501393234143,Green
605,0,0.12596058696508408,0.11700580198568987,0.12416962996920523,Green
606,0,0.1236657664179802,0.06076367739710302,0.11108534861380477,Green
607,0,0.00013446064840536565,0.08920130382005728,0.017947829282735743,Green
608,0,0.0005107543896883726,0.07490675438483546,0.015389954388717786,Green
609,0,0.5725889921188354,0.08355210623030536,0.4747816149411294,Amber
610,0,0.03979933708906174,0.060931488568010596,0.044025767384851505,Green
611,0,0.002591789583675563,0.06473218032704993,0.015019867732350433,Green
612,0,0.00038474993780255316,0.05059181282568916,0.010426162515379873,Green
613,0,0.03756773844361305,0.06976999496467415,0.04400818974782527,Green
614,0,0.00023431613808497784,0.05524520999223866,0.011236494908915711,Green
615,0,0.0005954058957286179,0.0824144347986761,0.01695921167631811,Green
616,0,0.0009790932992473245,0.060422419706066516,0.01286775858061116,Green
617,0,0.0009519071551039814,0.20329345910368196,0.041420217544819574,Green
618,0,0.007715698890388012,0.10274614383623792,0.02672178787955799,Green
619,0,0.025646057724952695,0.1010617625631833,0.04072919869259882,Green
620,0,0.00011018388177035375,0.053898252508455015,0.010867797607107285,Green
621,0,0.0018332567531615495,0.0796660127840663,0.017399807959342498,Green
622,0,0.000285231729503721,0.15623371806290873,0.03147492899618472,Green
623,0,0.006901463214308024,0.07326295686354582,0.020173761944155582,Green
624,0,0.03582713054493069,0.12159200022533931,0.05298010448101241,Green
625,0,0.00018333601474296302,0.034625467913540445,0.007071762394502458,Green
626,0,0.00039055637316778304,0.05152362530500619,0.010617170159535462,Green
627,0,0.006004012748599052,0.06081068502471959,0.01696534720382316,Green
628,0,0.0012732502305880188,0.08257860969860807,0.017534322124192026,Green
629,0,0.000571741780731827,0.15684562116027054,0.03182651765663957,Green
630,0,0.0014823012286797165,0.09849386054839343,0.020884613092622455,Green
631,0,0.0014679686981253326,0.06000883415971852,0.013176141790443968,Green
632,0,0.000836353050544858,0.1907229421763257,0.03881367087570102,Green
633,0,0.00034557752660475667,0.10264084288215657,0.020804630597715115,Green
634,0,7.958736387081444e-05,0.037765275926060424,0.007616725076308735,Green
635,0,0.00028218968072906135,0.018856661223918013,0.003997083989366851,Green
636,0,0.00010804452322190627,0.04724752415924094,0.00953594045042571,Green
637,0,0.0048471502494066955,0.046479105257837404,0.013173541251092834,Green
638,0,0.0004025051719509065,0.07365218511253149,0.015052441160067022,Green
639,0,0.0003078556852415204,0.0982293434734838,0.01989215324288997,Green
640,0,0.00018727434216998519,0.16903292530519035,0.033956404534774054,Green
641,0,0.005668758973479271,0.11758105013588085,0.028051217205959583,Green
642,0,0.0008224597433581948,0.07210990779079471,0.015079949352845495,Green
643,0,0.0003573284950107336,0.13083817154620483,0.026453497105249548,Green
644,0,0.0006362047861330211,0.10820513643961968,0.02214999111683035,Green
645,0,0.0005773272481746972,0.07648144770425253,0.015758151339390257,Green
646,0,0.014093341305851936,0.05229438223442169,0.021733549491565883,Green
647,0,0.00010509554849704727,0.10097325163534922,0.020278726765867477,Green
648,0,7.476234604837373e-05,0.17017365479878752,0.034094540836596195,Green
649,0,0.0018299124436452984,0.12239130864838767,0.025942191684593767,Green
650,0,0.0010738233104348183,0.19232664398193466,0.03932438744473478,Green
651,0,0.0003896593698300421,0.05297568514672591,0.010906864525209213,Green
652,0,0.006484669679775834,0.06565658979924308,0.018319053703669277,Green
653,0,0.0002748421567957848,0.06277519176622885,0.012774912078682395,Green
654,0,0.019042305089533328,0.03478732537697909,0.022191309147022477,Green
655,0,0.002239481033757329,0.05314130305265044,0.012419845437535949,Green
656,0,0.00015432598011102527,0.1097058433072146,0.022064629445531735,Green
657,0,0.0011986509198322892,0.14271776400788203,0.02950247353744223,Green
658,0,0.0020196583122014996,0.14512992580171158,0.03064171181010351,Green
659,0,0.002754170121625066,0.13404102707917417,0.029011541513134884,Green
660,0,0.0004083943786099553,0.09768317275376362,0.019863350053640684,Green
661,0,0.00033020246191881595,0.08424865445218954,0.017113892859972956,Green
662,0,0.0006727931555360556,0.0704576759571939,0.014629769715867623,Green
663,0,0.41391487717628483,0.08144360671171218,0.34742062308337035,Amber
664,0,0.0011717499466612933,0.16765234521306624,0.034467868999942274,Green
665,0,0.0004265306168235838,0.0862766508176964,0.017596554656998144,Green
666,0,0.00025405164924450217,0.0888087498506404,0.017964991289523675,Green
667,0,0.004986073076725006,0.043747534594413044,0.012738365380262611,Green
668,0,0.00023303490015678106,0.17767711380827741,0.035721850681780895,Green
669,0,0.02317075505852699,0.028459476134580993,0.02422849927373779,Green
670,0,0.16864678561687468,0.024616623839670705,0.1398407532614339,Green
671,0,0.0014775435207411646,0.053215612153428495,0.01182515724727863,Green
672,0,0.0010720136924646795,0.10066488899410747,0.020990588752793235,Green
673,0,0.001864311099052429,0.039680534044042676,0.009427555688050478,Green
674,0,0.0004382763989269733,0.04656754713076267,0.009664130545294112,Green
675,0,0.0010090014431625605,0.1326259534078162,0.027332391836093282,Green
676,0,0.0010653337463736533,0.06575396797923379,0.014003060592945678,Green
677,0,0.000199600713676773,0.04011124686686594,0.008181929944314605,Green
678,0,0.0011013937066309154,0.0459051728382076,0.01006214953294625,Green
679,0,0.0003061880241148174,0.1523570779781863,0.030716366014929105,Green
680,0,0.249507424980402,0.036353964321946444,0.2068767328487109,Green
681,0,0.0008030744036659598,0.0740225656067743,0.015446972644287625,Green
682,0,0.0035613622749224305,0.12292693344112746,0.027434476508163427,Green
683,0,0.03580173850059509,0.04097805749834196,0.036837002300144465,Green
684,0,0.0950184017419815,0.10657705150062231,0.09733013169370967,Green
685,0,0.0002308566588908434,0.05105214768946481,0.010395114865005634,Green
686,0,6.396555436367634e-05,0.21786448062783106,0.043624068569057144,Green
687,0,5.230986807873706e-05,0.11198523871560788,0.022438895637584562,Green
688,0,0.004207070264965296,0.034809253775750316,0.010327506967122299,Green
689,0,0.00044820499606430526,0.04312736142437601,0.008984036281726645,Green
690,0,0.11304604411125183,0.0923197204891347,0.1089007793868284,Green
691,0,0.003053955896757543,0.1298030566490446,0.02840377604721495,Green
692,0,0.9446872234344482,0.05450411555587192,0.766650601858733,Red
693,0,0.028513588197529315,0.07031341389089492,0.03687355333620244,Green
694,0,0.000638782768510282,0.13647691170188578,0.027806408555185375,Green
695,0,0.025708788167685268,0.16567743749945912,0.05370251803404004,Green
696,0,0.007144440896809101,0.17368896718409418,0.04045334615426611,Green
697,0,0.00042245866497978566,0.054097265660087546,0.011157420064001335,Green
698,0,0.00020476105273701248,0.011005900591477992,0.0023649889604852076,Green
699,0,0.001003944780677557,0.16663633268090028,0.03413042236072209,Green
700,0,0.000567739037796855,0.07375870551194398,0.015205932332626276,Green
701,0,0.00041546075372025373,0.05250915410493018,0.010834199423962236,Green
702,0,0.0009951976593583823,0.05170198521624581,0.011136555170735866,Green
703,0,0.01269812062382698,0.09697809718036099,0.029554115935133782,Green
704,0,8.53850768180564e-05,0.050020686140432584,0.01007244528954096,Green
705,0,0.00213118054671213,0.11482439356923411,0.024669823151216522,Green
706,0,0.07184455692768096,0.0873689365758088,0.07494943285730653,Green
707,0,0.030767837166786195,0.15321760389052166,0.05525779051153328,Green
708,0,0.0020621065981686116,0.04173424168101068,0.009996533614737024,Green
709,0,0.002260741405189037,0.2208673862368114,0.0459820703715135,Green
710,0,0.00015727286954643206,0.07126770066259362,0.014379358428155868,Green
711,0,0.000493685167748481,0.061368728981446914,0.012668693930488166,Green
712,0,0.005565903428941965,0.13137087258912686,0.03072689726097894,Green
713,0,0.0009611307876184582,0.07580404754251158,0.01592971413859708,Green
714,0,0.00022891174303367733,0.08727297233027496,0.017637723860481933,Green
715,0,0.0007123588700778782,0.1326795640557459,0.02710579990721148,Green
716,0,0.001187319355085492,0.0514237664583829,0.011234608775744972,Green
717,0,0.058602169156074524,0.1153637765383735,0.06995449063253431,Green
718,0,0.0035334079992026092,0.042481508667726604,0.011323028132907406,Green
719,0,0.0010668549453839659,0.21373442355024028,0.04360036866635522,Green
720,0,0.0012241944903507828,0.06336120463427966,0.013651596519136557,Green
721,0,0.019861874729394914,0.11538080530660058,0.03896566084483604,Green
722,0,0.0027749935630708936,0.06800895162627375,0.015821785175711464,Green
723,0,0.806025242805481,0.19439091889380897,0.6836983780231467,Red
724,0,0.002589684631675482,0.128396274966826,0.027751002698705583,Green
725,0,0.055669714510440824,0.09651089267734833,0.06383795014382232,Green
726,0,0.00013748574710916727,0.07299321649248529,0.014708631896184389,Green
727,0,0.017353688925504686,0.08359744902660117,0.03060244094572398,Green
728,0,5.23643524502404e-05,0.06631615297055657,0.013305122076071504,Green
729,0,0.3924111485481262,0.13334696805961452,0.3405983124504239,Amber
730,0,0.0015787542914040386,0.04768755676600279,0.010800514786323786,Green
731,0,0.0005552474758587778,0.08753472934202877,0.01795114384909277,Green
732,0,0.002437881869263947,0.10085153324090955,0.022120612143593066,Green
733,0,0.0038429781794548034,0.07444998881466372,0.017964380306496584,Green
734,0,0.0015681925695389509,0.10340880886160066,0.02193631582795129,Green
735,0,0.0026002035941928626,0.05912441188770029,0.013905045252894346,Green
736,0,0.00029645828763023017,0.054410284103138556,0.011119223450731894,Green
737,0,0.0011982069350779056,0.1267729728917088,0.026313160126404077,Green
738,0,0.001516028307378292,0.11277660998090064,0.023768144642082756,Green
739,0,8.389456488657742e-05,0.13341053308849649,0.026749222269608554,Green
740,0,0.00024006848107092083,0.10935469505758973,0.022062993796374678,Green
741,0,0.0016511321300640702,0.2904735740264868,0.059415620509348614,Green
742,0,3.794367476075422e-05,0.14999524294933617,0.030029403529675827,Green
743,0,0.0005922382231801748,0.08414907530338062,0.01730360563922026,Green
744,0,0.010827058739960194,0.0326230766201125,0.015186262315990653,Green
745,0,0.002402527071535587,0.11489343367392621,0.024900708392013707,Green
746,0,0.0005529824993573129,0.07608105221461275,0.0156585964424084,Green
747,0,0.004193777171894908,0.17407169289757726,0.03816936031703137,Green
748,0,0.000988007732667029,0.08086457208945953,0.016963320604025525,Green
749,0,0.001477595348842442,0.1344966180485852,0.028081399888790985,Green
750,0,0.0005077002715552226,0.1600626735971924,0.032418694936682646,Green
751,0,0.001424068387132138,0.03703708966247365,0.008546672642200439,Green
752,0,0.0015013788593932985,0.061558786731170975,0.01351286043374883,Green
753,0,0.00021423869184218348,0.041911921982681455,0.008553775350010036,Green
754,0,0.0017707066610455511,0.020392058411025003,0.00549497701104144,Green
755,0,0.0003857121744658798,0.18624330806295955,0.037557231352164606,Green
756,0,0.0036946467589586973,0.07893016265517586,0.01874174993820213,Green
757,0,0.032049674168229104,0.08108831720851736,0.04185740277628676,Green
758,0,0.0003245247295126319,0.07634333913960141,0.015528287611530384,Green
759,0,0.0023304329719394446,0.06092465963491741,0.014049278304535034,Green
760,0,0.007243037968873977,0.036974427279864094,0.013189315831072,Green
761,0,0.00021995879942551252,0.04453542775266059,0.009083052590072525,Green
762,0,6.20020909991581e-05,0.23346374171739345,0.04674235001627801,Green
763,0,0.01039886069484055,0.09298525866608846,0.02691614028909013,Green
764,0,0.011873426660895348,0.1343157156685323,0.03636188446242273,Green
765,0,0.000366967060836032,0.05936264372568057,0.012166102393804936,Green
766,0,0.00021209893748164177,0.08648028463476126,0.017465736076937563,Green
767,0,0.0013332646107301117,0.06285869840626875,0.013638351369837836,Green
768,0,0.00019640285754576325,0.056709604397054414,0.011499043165447491,Green
769,0,0.00014810834400122986,0.17070355879989207,0.0342591984351794,Green
770,0,0.00046728429151698947,0.050730008555406055,0.010519829144294801,Green
771,0,0.023267555609345437,0.11578398479898012,0.041770841447272375,Green
772,0,0.00045311151770874856,0.08250286738849882,0.01686306269186676,Green
773,0,0.0006418913486413658,0.04090315287524179,0.008694143653961449,Green
774,0,0.0003880699281580746,0.16443142687746243,0.03319674131801894,Green
775,0,0.00021963280451018364,0.04350119791453655,0.008875945826515455,Green
776,0,0.00010156782736885362,0.15061389043508158,0.03020403234891139,Green
777,0,0.00011771121935453266,0.1411024420028031,0.028314657376044244,Green
778,0,0.001375556515995413,0.17679511258946942,0.036459467730690205,Green
779,0,0.002974877203814685,0.2085580814467905,0.044091518052409844,Green
780,0,0.0004903628607280553,0.13816757335926352,0.028025804960435143,Green
781,0,0.0003345350211020559,0.1495952354390906,0.030186675104699755,Green
782,0,6.370155642798636e-05,0.14184696387083504,0.02842035401930939,Green
783,0,0.00011619625729508698,0.2175783865268738,0.04360863431121082,Green
784,0,0.0004570664023049176,0.1688143387583609,0.03412852087351611,Green
785,0,0.005124380299821496,0.1418026747937377,0.03246003919860473,Green
786,0,0.0005166439805179834,0.10894537584063911,0.022202390352542206,Green
787,0,0.0008428971515968442,0.08273662169971478,0.01722164206122043,Green
788,0,0.00039658565656282003,0.07442982257505489,0.015203233040261228,Green
789,0,0.001757477829232812,0.06937834970662653,0.015281652204711553,Green
790,0,0.004103395156562328,0.03671324128941679,0.01062536438313322,Green
791,0,0.0001405572140356526,0.05274286269256833,0.010661018309742185,Green
792,0,0.007316177105531096,0.058819267511921895,0.017616795186809253,Green
793,0,0.19696445316076278,0.1564867856889222,0.18886891966639466,Green
794,0,0.000158940494293347,0.06910188592662204,0.013947529580759083,Green
795,0,0.008192446175962686,0.14462616063089234,0.03547918906694861,Green
796,0,0.021049848943948745,0.07618106923827149,0.03207609300281329,Green
797,0,0.0008912042132578791,0.035711472865293144,0.00785525794366493,Green
798,0,0.0022093836683779954,0.07902782248709134,0.01757307143212066,Green
799,0,0.001111847348511219,0.031976035785243766,0.007284685035857727,Green
800,0,0.05297524519264698,0.05426250883235132,0.05323269792058785,Green
801,0,0.00032395256566815074,0.14357946756045184,0.028975055564624885,Green
802,0,6.658017955487593e-05,0.08408648154423343,0.016870560452490583,Green
803,0,0.009186798706650734,0.06190173929442022,0.019729786824204627,Green
804,0,0.0007050993270240724,0.0742826848032003,0.015420616422259316,Green
805,0,0.0021509587531909347,0.1475964964352523,0.031240066289603203,Green
806,0,0.0006061626132577657,0.09065990870891771,0.01861691183238975,Green
807,0,0.009184352308511733,0.06659275194954115,0.02066603223671761,Green
808,0,0.0020909439772367477,0.07626123331723172,0.01692500184523574,Green
809,0,0.006949565839022398,0.12604920709099104,0.030769494089416122,Green
810,0,0.009951704926788808,0.08933963508851504,0.02582929095913405,Green
811,0,0.022108735889196394,0.1222325367766586,0.04213349606668883,Green
812,0,0.0001455228339182213,0.08476994771632618,0.01707040781039981,Green
813,0,0.003964986442588269,0.06111957845756979,0.015395904845584571,Green
814,0,0.00010880428599193692,0.07649982580882998,0.015387008590559543,Green
815,0,9.50418361753691e-05,0.09330814203884258,0.01873766187670881,Green
816,0,0.0007460857043042778,0.22142578087714074,0.04488202473887156,Green
817,0,0.000781688594724983,0.0708023534347554,0.014785821562731062,Green
818,0,0.002104406175203621,0.04528023332217733,0.01073957160459836,Green
819,0,0.00033821539254859086,0.10585371987852991,0.021441316289744848,Green
820,0,0.07140672057867051,0.14733233710580904,0.08659184388409821,Green
821,0,0.00010058259940706193,0.036560651711203915,0.007392596421766431,Green
822,0,7.737228588666767e-05,0.0410286126013542,0.008267620348980173,Green
823,0,0.03443424105644226,0.059961674153492586,0.03953972767585232,Green
824,0,0.020875506289303302,0.040778141441360806,0.024856033319714803,Green
825,0,0.00013829310482833536,0.11962832324785963,0.024036299133434587,Green
826,0,0.0002923924999777228,0.10739628921727523,0.02171317184343722,Green
827,0,0.00011781187786255033,0.05096246002824583,0.010286741507939205,Green
828,0,0.0006565372226759791,0.09456025836348408,0.019437281450837597,Green
829,0,0.002287903823889792,0.16277287595237658,0.03438489824958715,Green
830,0,0.005855195131152868,0.0579161323567252,0.016267382576267333,Green
831,0,0.17348439544439315,0.08018945590164978,0.15482540753584448,Green
832,0,0.0005665175383910536,0.1090839071322499,0.02226999545716282,Green
833,0,0.0034015817102044823,0.027529817208839482,0.008227228809931481,Green
834,0,0.00015455562388524413,0.1159465766718937,0.02331295983348693,Green
835,0,0.0002243810857180506,0.19017056279808406,0.038213617428191245,Green
836,0,0.026721096970140933,0.033392925066093516,0.028055462589331448,Green
837,0,0.0003850625944323838,0.1168465699986817,0.02367736407528224,Green
838,0,0.0012165600433945655,0.050030831803195466,0.010979414395354744,Green
839,0,0.0003898739465512335,0.05258475665845339,0.010828850488931663,Green
840,0,8.04821182100568e-05,0.1555165885907517,0.031167703412718382,Green
841,0,0.01856495263054967,0.10892506476738635,0.03663697505791701,Green
842,0,0.0013486963929608463,0.0761379060374771,0.016306538321864093,Green
843,0,0.0002474682230968028,0.08195733329852263,0.016589441238181967,Green
844,0,0.00015385641454486177,0.03439661292486985,0.007002407716609857,Green
845,0,0.0033427222631871698,0.09986319681234103,0.022646817173017936,Green
846,0,0.00018651625723578035,0.07682566115759887,0.015514345237308394,Green
847,0,0.00012969196832273154,0.12448614459868387,0.025000982494394954,Green
848,0,0.0016197471180930735,0.08132058323044802,0.01755991434056406,Green
849,0,0.0005171049037016928,0.08863444446821632,0.018140572816604614,Green
850,0,0.0004802226205356419,0.04862596164307587,0.010109370425043685,Green
851,0,0.000257563084596768,0.03680742659005135,0.0075675357856876835,Green
852,0,0.0011522909393534065,0.22225466901218116,0.04537276655391895,Green
853,0,0.00023597221297677606,0.13703282209464887,0.027595342189311187,Green
854,0,0.010876978654414416,0.05134122223344773,0.018969827370221078,Green
855,0,0.05304825752973556,0.09682325977398469,0.06180325797858539,Green
856,0,0.00023083437408786268,0.043273944268664995,0.008839456353003287,Green
857,0,0.006588301155716181,0.05094826088590378,0.0154602931017537,Green
858,0,0.0002686328691197559,0.06441770559506652,0.013098447414309105,Green
859,0,0.0007950620143674314,0.09927324467590751,0.020490698546675443,Green
860,0,0.00030901933205313976,0.06324021983748344,0.012895259433139197,Green
861,0,0.0003677367873024195,0.05626274117433267,0.011546737664708467,Green
862,0,0.008044964354485273,0.1096328108741951,0.02836253365842723,Green
863,0,0.0008880671812221408,0.05639257126036468,0.011988967997050647,Green
864,0,0.001336850062943995,0.07397702874247242,0.015864885798849676,Green
865,0,0.2391432963311672,0.10044958705357171,0.21140455447564813,Green
866,0,0.0024183361791074278,0.1456596681253394,0.031066602568353818,Green
867,0,0.0007696234853938222,0.045798409281832014,0.009775380644681458,Green
868,0,0.00037161549553275106,0.06024613999413057,0.012346520395252311,Green
869,0,0.0013133819214999677,0.06270217472490479,0.013591140482180929,Green
870,0,0.005379447829909623,0.05552699204798529,0.015408956673524753,Green
871,0,0.008229529391974211,0.021152487609777407,0.010814121035534849,Green
872,0,0.000612905144225806,0.05267368303700785,0.011025060722782212,Green
873,0,0.016859914362430575,0.08023951831430547,0.029535835152805553,Green
874,0,0.0012455543037503958,0.135329335451197,0.02806231053323971,Green
875,0,0.00015198792098090053,0.1401866112471267,0.028158912586210054,Green
876,0,0.004904411360621453,0.07418334480593954,0.018760198049685067,Green
877,0,0.0007188714109361172,0.11580247660792845,0.02373559245033458,Green
878,0,0.012449860945343972,0.09957207341874184,0.029874303440023543,Green
879,0,0.004752699565142393,0.060716392434260386,0.01594543813896599,Green
880,0,0.00022272811620496213,0.03247615799410239,0.006673414091784446,Green
881,0,0.009501136839389801,0.07955298336357954,0.023511506144227742,Green
882,0,0.0002553449186962098,0.1640640747005799,0.033017090875072944,Green
883,0,0.0001465712717617862,0.05318695594088072,0.010754648205585571,Green
884,0,0.1387855254113674,0.0998816527279701,0.13100475087468794,Green
885,0,0.005910533480346203,0.05751880539138544,0.016232187862554048,Green
886,0,0.0017257911385968328,0.14210366261131332,0.029801365433140124,Green
887,0,0.00981426853686571,0.07240285618624323,0.022331986066741215,Green
888,0,0.0010492125642485917,0.1190166401988151,0.024642698091161888,Green
889,0,0.0009602377191185951,0.03126203926726527,0.007020598028747929,Green
890,0,0.0005810540867969393,0.07446290248140328,0.015357423765718203,Green
891,0,0.021497155353426934,0.048742557221412956,0.026946235727024134,Green
892,0,0.000604342547012493,0.06357635684413442,0.013198745406436875,Green
893,0,0.0034423490986227987,0.0782975443701082,0.018413388152919877,Green
894,0,0.06254437044262885,0.08346750530877749,0.06672899741585858,Green
895,0,0.0010041671455837786,0.07306425465949068,0.015416184648365156,Green
896,0,0.00432475758716464,0.08370587972100271,0.02020098201393225,Green
897,0,0.880038046836853,0.03503957836049573,0.7110383531415816,Red
898,0,0.00041253103991039096,0.18053504602721182,0.03643703403737067,Green
899,0,0.008803998166695238,0.10353244155087496,0.027749686843531178,Green
900,0,0.01015228545293212,0.12109122304492013,0.03234007297132972,Green
901,0,0.00024282202939502896,0.1585664209467652,0.031907541812869054,Green
902,0,0.0013897734927013517,0.08096831778848117,0.01730548235185731,Green
903,0,0.0012043839786201717,0.10185166126728099,0.02133383943635233,Green
904,0,0.012321870401501655,0.09961508448499987,0.029780513218201292,Green
905,0,0.015239114314317702,0.1091469595274722,0.0340206833569486,Green
906,0,0.003727360907942057,0.062065476778810205,0.015394984082115684,Green
907,0,0.0032697441056370735,0.122885814367134,0.027192958157936455,Green
908,0,0.00014646404015365987,0.06643437458607379,0.013404046149337682,Green
909,0,7.898635303718037e-05,0.10319104452045376,0.020701397986520494,Green
910,0,0.009477132884785532,0.06971452812511163,0.021524611932850747,Green
911,0,0.000210269502713345,0.05592700555655529,0.01135361671348173,Green
912,0,0.003258548444136977,0.036074135985330824,0.009821665952375744,Green
913,0,0.0014323411043733359,0.06375113860184277,0.01389610060386722,Green
914,0,0.003806292917579413,0.05302397602040761,0.01364982953814505,Green
915,0,0.002098946226760745,0.1346774021926293,0.028614637419934454,Green
916,0,0.026794109866023062,0.16604193668115513,0.054643675229049476,Green
917,0,0.001267807395197451,0.08057140811838011,0.01712852753983398,Green
918,0,0.0004952713614329695,0.060712078108514804,0.012538632710849333,Green
919,0,0.009586582984775304,0.08336780863111508,0.024342828114043258,Green
920,0,0.0025968787493184206,0.0667894937354159,0.015435401746537913,Green
921,0,0.004835474584251642,0.034226019069981926,0.010713583481397698,Green
922,0,0.0007480389322154224,0.025943758631421756,0.005787182872056687,Green
923,0,0.022372546279802917,0.030142428368323735,0.02392652269750708,Green
924,0,0.00201525092124939,0.04195005262526074,0.010002211262051659,Green
925,0,0.00018476681143511086,0.11703281758560669,0.023554376966269424,Green
926,0,7.87996752478648e-05,0.1547998235853779,0.031023004457273864,Green
927,0,0.0009786774986423551,0.013687421297638327,0.0035204262584415487,Green
928,0,0.009522372111678123,0.0546817027070166,0.018554238230745815,Green
929,0,0.00036103891907259824,0.12917917412234028,0.02612466595972613,Green
930,0,0.0036004364490509035,0.09047942948776586,0.02097623505679389,Green
931,0,0.0007157542975619435,0.06285634310408286,0.013143872058866125,Green
932,0,0.005920039908960461,0.031395837386321464,0.01101519940443266,Green
933,0,0.003589203068986535,0.06805566814550346,0.016482496084289915,Green
934,0,0.00012761513062287122,0.08128197033589908,0.01635848617167811,Green
935,0,0.000530720385722816,0.06261132753473471,0.012946841815525191,Green
936,0,0.0007917513605207205,0.11580050344414068,0.023793501777244708,Green
937,0,0.00550880687078461,0.050716773900185676,0.014550400276664821,Green
938,0,0.0004574248974677175,0.06687343343223535,0.013740626604421241,Green
939,0,0.0006296344799920917,0.06567631403753438,0.013638970391500546,Green
940,0,0.1234457455575466,0.055248993274977065,0.1098063951010327,Green
941,0,0.008139997906982898,0.07301670776123427,0.02111533987783317,Green
942,0,0.0038274071412160993,0.09637896534735704,0.022337718782444282,Green
943,0,0.0015902581973932684,0.03249904025372152,0.007772014608658917,Green
944,0,0.32830541133880614,0.09151842114326758,0.28094801329969843,Green
945,0,0.0005019318661652506,0.04439588733997966,0.009280722960928129,Green
946,0,0.0002419506083242595,0.06225019069206361,0.012643598625072127,Green
947,0,0.005152184143662452,0.12177062691758408,0.028475872698446775,Green
948,0,0.00446236776188016,0.1946897199958255,0.04250783820866921,Green
949,0,0.02738160118460655,0.04047375728131604,0.030000032403948447,Green
950,0,0.00031798898708075286,0.03290909289304129,0.006836209768272859,Green
951,0,0.0001955122541403398,0.08032938398300789,0.016222286599913843,Green
952,0,0.04108909964561462,0.07958760526887627,0.04878880077026695,Green
953,0,0.00030682104406878354,0.0610819518892679,0.012461847213108604,Green
954,0,0.00041720489389263093,0.09735389856029997,0.01980454362717409,Green
955,0,0.0036443792283535007,0.1321261965144761,0.029340742685578017,Green
956,0,0.15409643054008484,0.11866186102435138,0.14700951663693815,Green
957,0,0.0011338877258822322,0.12195282238036634,0.025297674656779047,Green
958,0,0.0007070357212796807,0.05877919236442416,0.012321467049908575,Green
959,0,0.0017132979119196534,0.10622211019269424,0.022615060368074567,Green
960,0,0.2025818973779678,0.04678524593367894,0.17142256708911002,Green
961,0,0.00026747758965939283,0.08513473782906211,0.017240929637539933,Green
962,0,0.00036526703624986114,0.08216418559032669,0.016725050747065224,Green
963,0,0.005143783893436194,0.12354958752992934,0.028824944620734816,Green
964,0,0.0027130286209285258,0.08898854110207723,0.019968131117158262,Green
965,0,0.0014687306946143508,0.07183533119257027,0.015542050794205531,Green
966,0,0.00432305212598294,0.03946032682640856,0.011350507066068062,Green
967,0,0.01614577155560255,0.064711247519743,0.025858866748430638,Green
968,0,0.00018413200159557162,0.08481831970982498,0.01711096954324145,Green
969,0,0.04250593706965446,0.10823778305309324,0.05565230626634222,Green
970,0,0.00018738095532171427,0.06518106592513244,0.013186117949283857,Green
971,0,0.0006073846016079187,0.09444838954598422,0.019375585590483173,Green
972,0,0.010059262625873089,0.04158517801019519,0.01636444570273751,Green
973,0,0.051505228877067565,0.14039207413792626,0.0692825979292393,Green
974,0,0.0014429623959586024,0.05164470626363278,0.011483311169493436,Green
975,0,0.00971122905611992,0.11812485675508214,0.031393954595912356,Green
976,0,0.0006821379996836185,0.04174671545544188,0.00889505349083527,Green
977,0,0.005268991086632013,0.1092339590250652,0.026061984674318646,Green
978,0,0.00710836686193943,0.10429091799565282,0.026544877088682105,Green
979,0,0.002269315579906106,0.04659316017618585,0.011134084499162053,Green
980,0,0.0007334202702622861,0.06951700819925895,0.014490137856061616,Green
981,0,0.002696229238063097,0.07013826486984392,0.01618463636441926,Green
982,0,0.00019626067078206688,0.05112965641976172,0.010382939820577995,Green
983,0,0.0025627230294048785,0.02302392334125949,0.0066549630917758,Green
984,0,0.001394267159048468,0.043614157420488534,0.009838245211336479,Green
985,0,0.015746663324534893,0.053348862904106814,0.023267103240449276,Green
986,0,0.003017813339829445,0.04995815971930738,0.01240588261572503,Green
987,0,0.00012629665434360504,0.07866038421950189,0.01583311416737526,Green
988,0,0.0018764308886602523,0.13668810267665937,0.02883876524626007,Green
989,0,0.0037697814870625737,0.12814896785402796,0.028645618760455648,Green
990,0,0.0005425994750112295,0.09172101232950068,0.018778282045909114,Green
991,0,0.0015149082755669951,0.057540710458320245,0.012720068712117644,Green
992,0,0.0023769015446305276,0.14998826010128885,0.031899173255962185,Green
993,0,0.009852964151650668,0.06501537748749461,0.020885446818819455,Green
994,0,0.00014981731510488316,0.11062521606901297,0.022244897065886497,Green
995,0,0.0003245379193685949,0.0859815202363871,0.01745593438277229,Green
996,0,0.00019207092991564424,0.07468199346239532,0.015090055436411575,Green
997,0,0.00012160951446276157,0.0444865232288002,0.008994592257330247,Green
998,0,0.001274184649810195,0.07284027871675666,0.015587403463199485,Green
999,0,0.0012372030061669648,0.09392042312916016,0.0197738470307656,Green
1000,0,0.00014369945565704257,0.05492784215663343,0.011100527995852318,Green
1001,0,0.0011575167765840888,0.09868395715982803,0.020662804853232873,Green
1002,0,0.00355605143122375,0.047560941398628834,0.012357029424704765,Green
1003,0,0.0005549972935114056,0.09373535075422891,0.019191067985654904,Green
1004,0,0.00029349818360060456,0.09406429858779618,0.019047658264439715,Green
1005,0,0.0008035244303755463,0.07428398869173569,0.015499617282647572,Green
1006,0,0.0001940625108545646,0.05750010084308002,0.011655270177299653,Green
1007,0,0.006243044976145029,0.06342534410065694,0.017679504801047408,Green
1008,0,0.0002853446057997644,0.0464467522554554,0.00951762613573089,Green
1009,0,0.010699087940156459,0.03914003051720158,0.01638727645556548,Green
1010,0,0.0004765700316056609,0.11081944529747557,0.022545145084779637,Green
1011,0,0.03269865401089191,0.050824838116756345,0.036323890832064804,Green
1012,0,0.00012986067595193161,0.03715644578296594,0.007535177697354732,Green
1013,0,0.035802374780178066,0.11513133876357638,0.05166816757685773,Green
1014,0,0.0004033869423437864,0.1347146744903797,0.02726564445195096,Green
1015,0,0.0006220213253982365,0.07034843542025411,0.014567304144369408,Green
1016,0,0.00032955246861092745,0.09024413467639197,0.01831246891016713,Green
1017,0,0.0009848077083006502,0.06249899467451253,0.013287645101543025,Green
1018,0,0.0006731464294716716,0.030443588900669585,0.0066272349237112525,Green
1019,0,0.0002002354682190344,0.04385773879889169,0.008931736134353562,Green
1020,0,0.0002681077749002725,0.08473337873007408,0.01716116196593503,Green
1021,0,0.2208067774772644,0.040828547127493835,0.18481113140731031,Green
1022,0,0.001281145168468356,0.037599616163111825,0.008544839367397049,Green
1023,0,0.003183148265816271,0.1269130378401757,0.027929126180688154,Green
1024,0,0.001299096643924713,0.06941172722083573,0.014921622759306913,Green
1025,0,0.001885793567635119,0.10416315468491152,0.022341265791090394,Green
1026,0,0.01353850420564413,0.06391007231882437,0.023612817828280175,Green
1027,0,0.02648210432380438,0.07811560399760052,0.0368088042585636,Green
1028,0,0.0002822733717039227,0.03505264328710194,0.007236347354783524,Green
1029,0,0.00020440805819816888,0.035824442155551715,0.007328414877668876,Green
1030,0,0.002018799725919962,0.02190796689687011,0.005996633160109991,Green
1031,0,0.00026955833891406655,0.05660325661021111,0.011536297993173471,Green
1032,0,0.005804678704589605,0.04909640319683978,0.014463023603039638,Green
1033,0,0.1888020932674408,0.0552828401450395,0.16209824264296055,Green
1034,0,0.0019186931021977214,0.03540989638102841,0.008616933757963859,Green
1035,0,0.0009924233425408601,0.12362214627528711,0.025518367929090107,Green
1036,0,0.0001473824420827441,0.11328149136112696,0.022774204225891582,Green
1037,0,0.00123129008570686,0.16214063860607306,0.03341315978978009,Green
1038,0,0.0004235113738104701,0.08284841670801671,0.016908492440651714,Green
1039,0,0.0017743619158864022,0.062391707889429104,0.013897831110594939,Green
1040,0,0.007003255188465118,0.16753393389704643,0.03910939093018137,Green
1041,0,0.00021281976078171285,0.12438563373086424,0.02504738255479821,Green
1042,0,0.24259313344955444,0.0698713438801569,0.2080487755356749,Green
1043,0,0.09111816436052322,0.03266854302217283,0.07942824009285315,Green
1044,0,0.0015931576839648186,0.1711061284506038,0.03549575183729261,Green
1045,0,0.0009895265102386475,0.09639618605692982,0.020070858419576877,Green
1046,0,0.1008163258433342,0.05924979877020569,0.0925030204287085,Green
1047,0,0.004152339068241417,0.014541234810593037,0.00623011821671174,Green
1048,0,0.0033358687767758963,0.012132172411590557,0.005095129503738828,Green
1049,0,0.0001705196307739243,0.147697917665238,0.029675999237666728,Green
1050,0,8.287591772386803e-05,0.1060045123935889,0.021267203212896872,Green
1051,0,0.0008926606155000627,0.13400574374459856,0.027515277241319754,Green
1052,0,0.00018873614317271858,0.041460960306829046,0.008443180975903982,Green
1053,0,0.0004917267011478543,0.14095460370400442,0.02858430210171916,Green
1054,0,0.0002606378635391593,0.029475142459683933,0.006103538782768112,Green
1055,0,0.031690793856978414,0.05606511240672503,0.036565657566927735,Green
1056,0,0.024422549456357953,0.05395170175721328,0.030328379916529015,Green
1057,0,0.002496586856432259,0.03891918636376384,0.009781106757898575,Green
1058,0,0.0033393799792975185,0.07082824337290196,0.016837152658018405,Green
1059,0,0.00012909993747598492,0.13412143668632537,0.026927567287245855,Green
1060,0,0.0006942891865037382,0.08091948726143557,0.0167393288014901,Green
1061,0,0.004360857233405113,0.1416112758973342,0.03181094096619092,Green
1062,0,0.0028188520576804877,0.0639665929948005,0.015048400245104487,Green
1063,0,0.010749605856835842,0.05893787698862045,0.020387260083192763,Green
1064,0,0.005308963637799024,0.07823488817573666,0.01989414854538655,Green
1065,0,0.00019319409620948135,0.10339797667440633,0.020834150611848845,Green
1066,0,0.00021417163370642813,0.15226343282873872,0.030624023872712878,Green
1067,0,0.001786575373262167,0.03408177256185535,0.008245614810980802,Green
1068,0,0.0005264485604129731,0.05078140601588985,0.010577440051508347,Green
1069,0,0.025238742120563984,0.20491440170541914,0.061173874037535006,Green
1070,0,0.0008581292466260492,0.06972837390859526,0.01463217817901989,Green
1071,0,0.0029325426090508703,0.0862134816310576,0.019588730413452216,Green
1072,0,0.0016654217848554253,0.04740420604283975,0.010813178636452288,Green
1073,0,0.001341411517933011,0.07259742871915795,0.015592614958177996,Green
1074,0,0.00271980861434713,0.13415467839293568,0.029006782570064834,Green
1075,0,0.00017832167213782668,0.15218335100675548,0.030579327539061348,Green
1076,0,0.000445785780902952,0.12513300526834212,0.02538322967839078,Green
1077,0,0.00015815272636245936,0.07308821137677704,0.014744164456445373,Green
1078,0,0.0010190141620114446,0.1331774778122964,0.02745070689206843,Green
1079,0,0.0024011906119994816,0.08052256994387824,0.018025466478375232,Green
1080,0,0.00022205742134246976,0.1438459547611949,0.02894683688931295,Green
1081,0,0.00120181730017066,0.13955816744170008,0.028873087328476536,Green
1082,0,0.004232820868492126,0.1852244509521979,0.04043114688523327,Green
1083,0,0.0003107013064436615,0.09513959167073541,0.019276479379302006,Green
1084,0,0.00025255203363485636,0.03302764812470879,0.006807571251849642,Green
1085,0,0.0002274269121699035,0.09745330898774471,0.01967260332728486,Green
1086,0,0.0030438114888966085,0.06171067383204151,0.014777183957525586,Green
1087,0,0.0023320538690313696,0.04704183075185453,0.011274009245596,Green
1088,0,0.22538428306579592,0.16204428597863035,0.21271628364836281,Green
1089,0,0.0026271989801898597,0.1583383110860049,0.03376942140135286,Green
1090,0,0.00018489795183995739,0.07839816169493333,0.015827550700458628,Green
1091,0,0.007949799951165914,0.08466270879169852,0.02329238171927243,Green
1092,0,0.16048516035079957,0.07706707863837417,0.1438015440083145,Green
1093,0,0.0008540912065654993,0.04702771208162818,0.010088815381578034,Green
1094,0,0.0008418452111072839,0.022713632877269394,0.005216202744339705,Green
1095,0,0.005868708714842796,0.026400298006673747,0.009975026573208985,Green
1096,0,0.008973094914108514,0.10526751279098576,0.028231978489483958,Green
1097,0,0.000595840869937092,0.07193849651249494,0.014864371998448658,Green
1098,0,0.0008107548812404275,0.07492528658023602,0.01563366122103954,Green
1099,0,0.0026133214123547077,0.1369649688120563,0.02948365089229502,Green
1100,0,0.0011059714248403906,0.06829770589088563,0.014544318318049436,Green
1101,0,0.0015525162918493152,0.04863597395137874,0.010969207823755198,Green
1102,0,0.023232805356383324,0.1067598822880781,0.039938220742722276,Green
1103,0,0.00047020214842632415,0.10607558928914385,0.021591279576569825,Green
1104,0,0.0007065449957735837,0.13369739299220737,0.027304714595060335,Green
1105,0,0.2426031768321991,0.09454396506496422,0.21299133447875213,Green
1106,0,0.0009114114800468087,0.04101122881443629,0.008931374946924704,Green
1107,0,0.0009376866742968558,0.08316338733733217,0.017382826806903912,Green
1108,0,0.00035628225887194274,0.08107872556044143,0.016500770919185836,Green
1109,0,0.06248636767268181,0.07501531024085831,0.06499215618631711,Green
1110,0,0.010041417414322495,0.16860054463257462,0.04175324285797292,Green
1111,0,0.08567412309348582,0.13133620531250104,0.09480653953728888,Green
1112,0,0.00043323199497535825,0.08774532783939758,0.017895651163859796,Green
1113,0,0.012367038941010832,0.056044083876559396,0.021102447928120542,Green
1114,0,0.0004830164369195699,0.13761719864008234,0.02790985287755212,Green
1115,0,0.0004357841215096414,0.11130088521217599,0.022608804339642907,Green
1116,0,0.002116570761427283,0.06824295365578195,0.015341847340298214,Green
1117,0,0.005521841952577234,0.016703537678026667,0.0077581810976671195,Green
1118,0,0.1851255752146244,0.1042977062659854,0.1689600014248966,Green
1119,0,0.010079870373010636,0.05017712811341865,0.01809932192109224,Green
1120,0,0.00020377128093969078,0.16390677197497464,0.03294437141974667,Green
1121,0,0.0009686234872788191,0.023504914223741024,0.005475881634571259,Green
1122,0,0.0031404431443661455,0.10402652364401964,0.02331765924429684,Green
1123,0,0.007948210462927818,0.07096578350024578,0.020551725070391408,Green
1124,0,0.0072321779094636435,0.044756146297427295,0.014736971587056372,Green
1125,0,0.00022801529266871514,0.13573573602182679,0.027329559438500323,Green
1126,0,0.0019686619052663445,0.09676777842523213,0.020928485209259495,Green
1127,0,0.011139868572354316,0.10061550861597358,0.029034996581078165,Green
1128,0,0.0005018596129957587,0.09861359009141013,0.02012420570867863,Green
1129,0,0.09922607168555259,0.06005280093751711,0.0913914175359455,Green
1130,0,0.002640463388524949,0.04095000198037461,0.01030237110689488,Green
1131,0,0.006731522735208273,0.09022201148126796,0.023429620484420207,Green
1132,0,0.0015074101276695727,0.1468888893430409,0.030583705970743832,Green
1133,0,6.411084032151849e-05,0.06291123170931787,0.012633535014120786,Green
1134,0,0.0009556526783853769,0.06118456223086334,0.013001434588880968,Green
1135,0,0.00030187025549821556,0.11730318523321842,0.02370213325104225,Green
1136,0,0.03042215630412102,0.047792688975854064,0.033896262838467625,Green
1137,0,0.00017490632017143072,0.056053765929228214,0.011350678241982784,Green
1138,0,0.0002771502244286239,0.09114239782598718,0.018450199744740332,Green
1139,0,0.0009911456727422774,0.11623156814653363,0.02403923016750054,Green
1140,0,0.00014164891181280839,0.08369234674130277,0.016851788477710797,Green
1141,0,0.0004112433874979615,0.05113813141157961,0.010556620992314289,Green
1142,0,0.0005984782008454203,0.06606113595543336,0.013691009751763007,Green
1143,0,0.0006913149205502123,0.14624441248174885,0.029801934432789935,Green
1144,0,0.001130998821463436,0.034895253556061365,0.00788384976838302,Green
1145,0,0.006711043929681182,0.08199467885342841,0.021767770914430624,Green
1146,0,0.46473832130432124,0.12166563672886943,0.3961237843892309,Amber
1147,0,0.00010671698692021891,0.16805911579861585,0.03369719674925934,Green
1148,0,0.004291625041514635,0.0548965455478739,0.014412609142786486,Green
1149,0,0.0008349200012162328,0.0419212966772952,0.009052195336432025,Green
1150,0,0.0014968068106099965,0.14627382472318343,0.03045221039312468,Green
1151,0,0.018312954530119895,0.07014866193815954,0.028680096011727822,Green
1152,0,0.00026133030187338593,0.05305383574644994,0.010819831390788693,Green
1153,0,0.014735478674992919,0.04130366683677554,0.020049116307349443,Green
1154,0,0.0002439515257719904,0.12921687362467324,0.026038535945552235,Green
1155,0,0.004516417440026998,0.04248694133667551,0.012110522219356698,Green
1156,0,0.00039855479262769223,0.03771160446184897,0.007861164726471947,Green
1157,0,0.001909711107145995,0.14190849108227202,0.029909467102171194,Green
1158,0,0.0005054404609836638,0.21085483977026592,0.0425753203228401,Green
1159,0,0.0003209555521607399,0.11006428688974504,0.022269621819677593,Green
1160,0,0.000782254512887448,0.09888633111659896,0.020403069833629748,Green
1161,0,0.0008731915149837732,0.11264499954830949,0.02322755312164891,Green
1162,0,0.0012174544855952263,0.11672853271451243,0.024319670131378663,Green
1163,0,0.0024465205380693076,0.09193002414243069,0.02034322125894158,Green
1164,0,0.0001105337061744649,0.11038975903660497,0.02216637877226056,Green
1165,0,0.001511825295165181,0.10030713673597651,0.02127088758332744,Green
1166,0,0.007321509392932057,0.0790640769961794,0.021670022913581524,Green
1167,0,0.056919219344854353,0.14345169223974016,0.07422571392383151,Green
1168,0,0.025616867840290068,0.047842922055950796,0.030062078683422214,Green
1169,0,0.00017688395746517926,0.11408546788333282,0.022958600742638703,Green
1170,0,0.001033792132511735,0.09956632142732484,0.020740297991474352,Green
1171,0,0.008708523400127888,0.13727113447310066,0.03442104561472244,Green
1172,0,0.003034447925165295,0.11864859501387584,0.026157277342907397,Green
1173,0,0.001302635157480836,0.059741359975172804,0.012990380121019227,Green
1174,0,0.00015699664218118416,0.04847616229610215,0.009820829772965375,Green
1175,0,0.0007575170253403485,0.056487937103101335,0.011903601040892543,Green
1176,0,0.00010795458147185854,0.1076240031221998,0.021611164289617443,Green
1177,0,0.00018450969655532388,0.0802641149438671,0.016200430746017673,Green
1178,0,0.00017763462965376676,0.07493690678141225,0.01512948906000546,Green
1179,0,0.00019062852370552716,0.095744901548271,0.01930148312861862,Green
1180,0,0.0007101767463609577,0.09095057819159204,0.01875825703540717,Green
1181,0,0.012072468735277652,0.1887904139609117,0.047416057780404454,Green
1182,0,0.0005380032816901803,0.1575453963164396,0.031939481888640056,Green
1183,0,0.04234423711895943,0.11850225626678937,0.057575840948525414,Green
1184,0,0.24174001216888427,0.031010281359970134,0.19959406600710144,Green
1185,0,0.0013775646919384598,0.1068271884928441,0.02246748945211958,Green
1186,0,0.033336198702454564,0.07456565562023491,0.04158209008601063,Green
1187,0,4.171347900410183e-05,0.15278183922879987,0.030589738628963248,Green
1188,0,0.00012611770944204181,0.09547936537704775,0.01919676724296318,Green
1189,0,0.0005187566508539021,0.05863043832909618,0.012141092986502355,Green
1190,0,0.00011344692175043748,0.21382531479338437,0.04285582049607722,Green
1191,0,0.019715203903615475,0.10378145294681025,0.036528453712254425,Green
1192,0,6.0914778441656384e-05,0.07011056248733895,0.014070844320221113,Green
1193,0,0.0022972881793975834,0.16133778656598505,0.034105387856715075,Green
1194,0,0.001496855146251619,0.18518190331242498,0.03823386477948629,Green
1195,0,0.00010453137365402655,0.10155190369024897,0.02039400583697301,Green
1196,0,0.0033411683049052953,0.050228147370444405,0.012718564118013117,Green
1197,0,0.0025891627417877314,0.11593626291997498,0.025258582777425178,Green
1198,0,0.002898103278130293,0.10156817039446567,0.022632116701397365,Green
1199,0,0.00021869233751203865,0.08330075427301813,0.016835104724613255,Green
1200,0,0.07492886185646057,0.11358764009923925,0.0826606175050163,Green
1201,0,0.000650728342588991,0.15592820488520057,0.031706223651111295,Green
1202,0,0.1088930457830429,0.04135949401686814,0.09538633542980796,Green
1203,0,0.00013783141039311886,0.048903039087213655,0.009890872945757223,Green
1204,0,0.008292261976748705,0.031587970298401755,0.012951403641079315,Green
1205,0,0.0003614055458456278,0.10451493295606468,0.021192111027889433,Green
1206,0,0.01740998523309827,0.09371613095885171,0.03267121437824895,Green
1207,0,0.0004750740830786526,0.12466648637314523,0.025313356541091965,Green
1208,0,0.00012567146040964872,0.21725575769468392,0.04355168870726449,Green
1209,0,0.0006952199153602123,0.08489110678551687,0.01753439728939154,Green
1210,0,0.00025537723558954895,0.13238557617180022,0.026681417022831676,Green
1211,0,0.001406514924019575,0.1258600104130309,0.02629721402182184,Green
1212,0,0.0016980948275886474,0.02429095050059996,0.006216665962190908,Green
1213,0,0.00024208899121731518,0.09058841286315,0.018311353765603847,Green
1214,0,0.0037277351133525372,0.10037815392364749,0.023057818875411522,Green
1215,0,0.0029553373344242575,0.025495212263981517,0.007463312320335708,Green
1216,0,0.0003179304156219587,0.04411122943888642,0.00907659022027485,Green
1217,0,0.0006162338191643357,0.09769441834069775,0.020031870723471016,Green
1218,0,0.0014204305596649648,0.08326338567186,0.017789021582103964,Green
1219,0,0.0031664631329476832,0.07105043390214331,0.016743257286786807,Green
1220,0,0.0004107870801817626,0.20203953613693512,0.04073653689153243,Green
1221,0,0.0001842893267166801,0.03522299978984745,0.007192031419342832,Green
1222,0,0.0007665048644412308,0.09623183417491868,0.019859570726536716,Green
1223,0,0.006386245414614677,0.01982839378493867,0.009074675088679474,Green
1224,0,0.013287077844142915,0.15768811892081983,0.04216728605947829,Green
1225,0,0.0111129785887897,0.10010544651974541,0.028911472174980843,Green
1226,0,0.0003057106863707304,0.11727752431002517,0.023700073411101613,Green
1227,0,0.00013345115585252642,0.07951279484238691,0.0160093198931594,Green
1228,0,0.001966118044219911,0.20506562181915886,0.04258601879920769,Green
1229,0,0.0010470282635651528,0.26893584123596004,0.054624790858044114,Green
1230,0,0.0008380204671993852,0.09220040071511972,0.019110496516783447,Green
1231,0,0.00018328289152123032,0.10208260668729349,0.020563147650675677,Green
1232,0,0.005106878187507391,0.04734423188913551,0.013554348927833013,Green
1233,0,0.000665908632799983,0.08996531080825071,0.018525789067890125,Green
1234,0,0.0010162079706788063,0.09443385013075792,0.019699736402694623,Green
1235,0,0.0020160783547908067,0.10114275443979678,0.021841413571792,Green
1236,0,0.0012244964018464088,0.05683933195068087,0.012347463511613298,Green
1237,0,0.01914002513512969,0.053005936686942444,0.02591320744549224,Green
1238,0,0.2715901732444763,0.16898279587646087,0.2510686977708732,Green
1239,0,0.002318731090053916,0.01874850056807492,0.005604684985658116,Green
1240,0,0.00035777553566731515,0.09931759530844482,0.02014973949022281,Green
1241,0,0.0002809176512528211,0.057154800224448306,0.011655694165891916,Green
1242,0,0.013048079796135426,0.06517186105101659,0.02347283604711166,Green
1243,0,0.0006615122430957853,0.19957328507172536,0.04044386680882169,Green
1244,0,0.0019355755764991045,0.05751736821224867,0.013051934103649014,Green
1245,0,0.028051820024847986,0.08278280208680365,0.038998016437239116,Green
1246,0,0.00033965106122195725,0.11111649903912783,0.022495020656803127,Green
1247,0,0.0005143842427060008,0.15634993641323144,0.031681494676811084,Green
1248,0,0.0027936877217143775,0.036068381059441185,0.009448626389259737,Green
1249,0,0.002275655372068286,0.06771607653266062,0.01536373960418675,Green
1250,0,0.01531275352463126,0.08512585314708444,0.029275373449121893,Green
1251,0,0.0003197596000973135,0.1595328295328248,0.032162373586642805,Green
1252,0,0.0003207439905963838,0.12423287690955188,0.025103170574387476,Green
1253,0,0.0014395409962162375,0.08329349280651685,0.01781033135827636,Green
1254,0,0.0015508645446971059,0.10172723638505682,0.021586138912769042,Green
1255,0,0.00018708555435296146,0.07384046014816922,0.014917760473116212,Green
1256,0,0.0008765116799622774,0.05125183142211287,0.010951575628392394,Green
1257,0,0.0007656318135559559,0.03538341549913325,0.0076891885506714126,Green
1258,0,0.00017373749287799003,0.05542449932050458,0.011223889858403306,Green
1259,0,0.0020552445668727158,0.13980525716168754,0.029605247085835677,Green
1260,0,0.0006087304325774312,0.15343741899376173,0.031174468144814286,Green
1261,0,0.00883184620179236,0.04540095043141689,0.016145667047717263,Green
1262,0,0.0009970344020985068,0.09601398829592414,0.020000425180863632,Green
1263,0,0.044656952470541,0.04912812493624657,0.045551186963682114,Green
1264,0,0.20056062042713166,0.1421722681201383,0.188882949965733,Green
1265,0,0.012393434531986713,0.09614852001761866,0.029144451629113097,Green
1266,0,0.00045635037822648887,0.04308819018526557,0.008982718339634304,Green
1267,0,0.00035814191796816884,0.06519992036405028,0.013326497607184589,Green
1268,0,0.0007339710951782763,0.08715690545416942,0.0180185579669765,Green
1269,0,0.010481857787817718,0.08890781563035276,0.02616704935632472,Green
1270,0,0.00015250052674673498,0.055315164213056746,0.011185033264008735,Green
1271,0,0.00012538991577457637,0.08316711902741068,0.016733735738101795,Green
1272,0,0.0006184829748235643,0.08195128272341291,0.01688504292454143,Green
1273,0,0.0026731650345027448,0.029617370495537854,0.008062006126709764,Green
1274,0,0.3097158908843994,0.07474020413075587,0.2627207535336707,Green
1275,0,0.0021410110872238874,0.05087889569336944,0.011888588008452996,Green
1276,0,0.0001356806606054306,0.02423717692050588,0.004955979912585519,Green
1277,0,0.17120453640818595,0.03409781273884409,0.14378319167431758,Green
1278,0,0.0005332536646164953,0.06052392238734905,0.012531387409163004,Green
1279,0,0.008909081737510859,0.06476156938618352,0.02007957926724539,Green
1280,0,0.000408966513350606,0.006393099633783106,0.0016057931374371056,Green
1281,0,0.0004448354244232178,0.013139594440134284,0.002983787227565431,Green
1282,0,0.01784317959100008,0.019195710080238446,0.018113685688847754,Green
1283,0,0.0011696240399032831,0.051949018408738126,0.01132550291367025,Green
1284,0,0.000443162873852998,0.10714761699739984,0.021784053698562365,Green
1285,0,0.0198503315448761,0.08093400009388473,0.032067065254677826,Green
1286,0,0.0007539511483628304,0.06417504730177982,0.013438170379046226,Green
1287,0,0.0017139690462499857,0.058016494745983145,0.012974474186196617,Green
1288,0,0.018170330673456192,0.0925461933570167,0.03304550321016829,Green
1289,0,0.0012969957548193633,0.036254332923379144,0.008288463188531318,Green
1290,0,0.07844735458493232,0.06194402383933326,0.07514668843581251,Green
1291,0,0.0019254668150097132,0.051417096666244846,0.011823792785256738,Green
1292,0,0.0004129661771003157,0.143366408012673,0.029003654544214847,Green
1293,0,0.0009067648672498762,0.07776733310394651,0.0162788785145892,Green
1294,0,0.00048182407626882193,0.06960775555286683,0.01430701037158842,Green
1295,0,0.005907854158431291,0.018639969557950255,0.008454277238335084,Green
1296,0,0.0006047756527550518,0.09594275131537189,0.019672370785278413,Green
1297,0,0.005777327995747327,0.07481633374461266,0.01958512914552039,Green
1298,0,0.00018201266648247837,0.06099792003457989,0.012345194140101958,Green
1299,0,0.0018465966684743762,0.11086304896507312,0.02364988712779412,Green
1300,0,0.0008457073883619159,0.17526513121015724,0.03572959215272097,Green
1301,0,0.04611829966306686,0.045468923799684015,0.04598842449039029,Green
1302,0,0.0022572869202122092,0.07152589519642603,0.01611100857545497,Green
1303,0,0.0008245270350016653,0.1494602218245253,0.030551665992906388,Green
1304,0,0.0027184739243239163,0.027644707298617715,0.007703720599182675,Green
1305,0,0.0009326201397925615,0.05004861189726178,0.010755818491286403,Green
1306,0,0.02729244865477085,0.12748768695809568,0.04733149631543581,Green
1307,0,0.0001549329695990309,0.06256054965790597,0.012636056307260416,Green
1308,0,6.505336568807252e-05,0.1490965563358971,0.029871353959729872,Green
1309,0,0.0024333264213055373,0.09094636897572037,0.020135934932188498,Green
1310,0,0.00017719684110488742,0.18691740374260835,0.03752523822140557,Green
1311,0,0.00032050407608039675,0.09540402430522338,0.01933720812190899,Green
1312,0,0.09683295488357543,0.051205126761636285,0.0877073892591876,Green
1313,0,0.0003324228571727872,0.09891549446957586,0.020049037179653395,Green
1314,0,0.0010328596108593047,0.07509222679080521,0.015844733046848483,Green
1315,0,0.0014156001154333351,0.2931651559711492,0.059765511286576506,Green
1316,0,0.20691397935152053,0.08673335491976529,0.18287785446516946,Green
1317,0,0.04271370656788349,0.22313337190529306,0.07879763963536539,Green
1318,0,0.0004319153347751125,0.038070207894967185,0.007959573846813525,Green
1319,0,0.00035077641950920224,0.12124369075775025,0.024529359287157406,Green
1320,0,0.0058004196733236315,0.04277669083811943,0.01319567390628279,Green
1321,0,0.0001201857317937538,0.23593830183480174,0.04728380895239534,Green
1322,0,8.961708226706833e-05,0.10556244065382894,0.021184181796579438,Green
1323,0,0.01717075388878584,0.031741314687566975,0.020084866048542066,Green
1324,0,0.0008117644698359071,0.057173421735828914,0.012084095923034506,Green
1325,0,0.0015346807194873688,0.0939235976094499,0.020012464097479872,Green
1326,0,0.0007692395709455013,0.19990576721581768,0.040596545099919924,Green
1327,0,0.001574527588672936,0.022828909357917673,0.005825403942521882,Green
1328,0,0.00024389467143919318,0.041244726357202825,0.008444061008591918,Green
1329,0,0.0002134184411261231,0.18048950538946387,0.036268635830793663,Green
1330,0,0.001922637945972383,0.0455171849580192,0.010641547348381745,Green
1331,0,0.00018745124398265035,0.11920384973807129,0.02399073094280037,Green
1332,0,0.0587714035063982,0.06486402916103003,0.059989928637324566,Green
1333,0,0.0002011180738918483,0.06128882251263415,0.012418658961640305,Green
1334,0,0.0006229712162166834,0.05730828855440451,0.011960034683854245,Green
1335,0,8.505092919222079e-05,0.04694045682002987,0.009456132107359749,Green
1336,0,0.00038961890386417507,0.05418279842481981,0.0111482548080553,Green
1337,0,0.0027801339514553548,0.1158754939331716,0.025399205947798598,Green
1338,0,8.89280388946645e-05,0.06027058233849628,0.012125258898814986,Green
1339,0,0.10009399652481078,0.12411727919529318,0.10489865305890725,Green
1340,0,0.000978021463379264,0.057133889274193925,0.012209195025542192,Green
1341,0,0.002615656377747655,0.030365154510015802,0.008165556004201283,Green
1342,0,0.0012369314790703356,0.0929784918217739,0.019585243547611045,Green
1343,0,0.0003854847280308604,0.09460839729408667,0.019230067241242016,Green
1344,0,0.0001180850900709629,0.13456315780471176,0.027007099632999115,Green
1345,0,0.0011918024625629186,0.055335387808650785,0.01202051953178049,Green
1346,0,0.02292594127357006,0.1376361623872574,0.04586798549630752,Green
1347,0,6.469709114753641e-05,0.03790461826513919,0.0076326813259458655,Green
1348,0,0.00014030862948857247,0.6331973068552263,0.12675170827463608,Green
1349,0,0.003551768767647445,0.05711181734119238,0.01426377848235643,Green
1350,0,0.0036592399701476097,0.04291945095415117,0.011511282166948321,Green
1351,0,0.00011359479394741357,0.07799792868224176,0.01569046157160628,Green
1352,0,0.02087187021970749,0.04911747464681769,0.026520991105129527,Green
1353,0,0.0004398703575134277,0.04339403615919847,0.009030703517850434,Green
1354,0,0.0015982294222339987,0.04128326452001434,0.009535236441790065,Green
1355,0,0.07372771576046942,0.04614268596302012,0.06821070980097957,Green
1356,0,0.00021623757784254848,0.15748699850534303,0.03167038976334264,Green
1357,0,0.0007136285945307464,0.30436794135784173,0.06144449114719293,Green
1358,0,0.0009922151686623693,0.09151221687254141,0.019096215509438172,Green
1359,0,0.0005113799532409757,0.03555196305682986,0.007519496573958751,Green
1360,0,0.008137718215584755,0.21584209907239488,0.049678594386946766,Green
1361,0,0.011656684125773609,0.06287291095954839,0.02189992949252856,Green
1362,0,0.0008363502682186663,0.10684409356736846,0.02203789892804862,Green
1363,0,0.0004949654685333371,0.10276676614686023,0.020949325604198713,Green
1364,0,0.0003410898149013519,0.16877634462700802,0.034028140777322684,Green
1365,0,0.01057200152426958,0.04165569394689424,0.01678874000879451,Green
1366,0,0.00025356371770612895,0.10126437970040468,0.020455726914245836,Green
1367,0,0.011927187629044055,0.07654588355195019,0.02485092681362528,Green
1368,0,0.007388224638998509,0.09903566830474708,0.025717713372148218,Green
1369,0,0.00022980913054198026,0.269673296176432,0.05411850653971997,Green
1370,0,0.002270232234150171,0.09532580547819469,0.020881346882959072,Green
1371,0,0.0009091872023418546,0.11188841995026443,0.023105033751926362,Green
1372,0,0.03072449453175068,0.05601709982690214,0.035783015590780974,Green
1373,0,0.0003213429095922038,0.1126307749572334,0.02278322931912044,Green
1374,0,0.0027920442167669534,0.09732394092979924,0.021698423559373403,Green
1375,0,0.0005057149333879352,0.07186756598812882,0.01477808514433611,Green
1376,0,0.0009625968756154179,0.2059765327881858,0.04196538405812949,Green
1377,0,0.0012235395493917166,0.09328028660575244,0.019634888960663857,Green
1378,0,0.0010077819810248912,0.05052274547225911,0.010910774679271732,Green
1379,0,0.0007781649823300541,0.14594897141355156,0.02981232626857435,Green
1380,0,0.004394120117649436,0.08229075470064022,0.01997344703424759,Green
1381,0,0.0008949645911343397,0.0626605841560412,0.013248088504115709,Green
1382,0,0.0013530617812648415,0.07254379795179863,0.015591209015371598,Green
1383,0,0.00012337034568190577,0.35056603227340477,0.07021190273122646,Green
1384,0,0.0004235891508869827,0.17855498116184548,0.03604986755307868,Green
1385,0,0.0006106944638304412,0.05262865936212151,0.011014287443488653,Green
1386,0,0.002298424206674099,0.06993722216864384,0.015826183799068045,Green
1387,0,0.0003226393862860277,0.13021692797198928,0.02630149710342667,Green
1388,0,0.0001336100191110745,0.1225689390540957,0.024620675826107996,Green
1389,0,0.0015860445331782101,0.03755598465661948,0.008780032557866461,Green
1390,0,0.0008063169661909342,0.06306973381873142,0.013259000336699028,Green
1391,0,0.0009943867451511323,0.09205618808918681,0.019206747013958265,Green
1392,0,0.005648430017754436,0.06405571138083331,0.01732988629037021,Green
1393,0,0.01587727405130863,0.07537978712118423,0.02777777666528375,Green
1394,0,0.0017940712627023457,0.10185839170975276,0.021806935352112426,Green
1395,0,0.0024551639799028635,0.14971871695301375,0.031907874574525034,Green
1396,0,0.002798909950070083,0.09495084678058689,0.02122929731617344,Green
1397,0,0.005350658576935529,0.07462668177369278,0.019205863216286975,Green
1398,0,0.005473815649747849,0.07113510743115327,0.01860607400602893,Green
1399,0,0.015088324248790742,0.011542513865735366,0.014379162172179667,Green
1400,0,0.0005211707204580307,0.058358036075513556,0.012088543791469133,Green
1401,0,0.04364487379789352,0.07150775044624016,0.049217449127562846,Green
1402,0,0.0026562879327684643,0.054868429152864766,0.013098716176787723,Green
1403,0,0.007776617631316185,0.32752120981512284,0.0717255360680775,Green
1404,0,0.1305978626012802,0.06878930981173985,0.11823615204337212,Green
1405,0,0.009602353628724813,0.06549973049346294,0.020781829001672438,Green
1406,0,0.01588960103690624,0.1421360189334506,0.04113888461621511,Green
1407,0,6.649136848864145e-05,0.08922858811010706,0.017898910716812322,Green
1408,0,0.0011052724206820131,0.07835293004939219,0.016554803946424047,Green
1409,0,0.001421446818858385,0.11280792492848093,0.02369874244078289,Green
1410,0,0.001373666897416115,0.0988440463284481,0.02086774278362251,Green
1411,0,0.0018446556758135557,0.09058936907106173,0.019593598354863188,Green
1412,0,0.0004557104897685349,0.06264677254718616,0.012893922901252058,Green
1413,0,0.023734829388558865,0.03265286296655592,0.025518436104158278,Green
1414,0,0.001116605126298964,0.0889702300107834,0.018687330103195846,Green
1415,0,0.00021864854206796733,0.06087468653946877,0.012349856141548127,Green
1416,0,0.001435989118181169,0.09488312845814899,0.02012541698617473,Green
1417,0,0.14679464697837827,0.07480368447805498,0.1323964544783136,Green
1418,0,0.003954744385555387,0.08783546674145436,0.02073088885673518,Green
1419,0,0.11543223485350608,0.03160779398539412,0.0986673466798837,Green
1420,0,0.004140986781567335,0.05847469388415022,0.01500772820208391,Green
1421,0,0.02015474960207939,0.07660247556177363,0.03144429479401824,Green
1422,0,0.000617740408051759,0.1769682132978887,0.035887834986019135,Green
1423,0,0.0015998149756342173,0.056999458545805175,0.012679743689668406,Green
1424,0,9.945852507371457e-05,0.17890749077135898,0.03586106497433075,Green
1425,0,0.0013457442168146373,0.06879878443359183,0.014836352260170074,Green
1426,0,0.005269785737618804,0.20278606385154535,0.0447730413604041,Green
1427,0,0.0007010535337030888,0.07661123049077566,0.015883088925117597,Green
1428,0,0.0003169732692185789,0.09774793518302044,0.019803165651978948,Green
1429,0,0.0011549113842193035,0.1060098628972913,0.022125901686833697,Green
1430,0,0.002377622667700052,0.036496411402293226,0.009201380414618685,Green
1431,0,0.0003908757877070457,0.06666127685848997,0.013644956001863625,Green
1432,0,0.0005133713944815098,0.05899733571648338,0.01221016425888188,Green
1433,0,0.002622259361669421,0.17288647725019843,0.03667510293937522,Green
1434,0,0.00024782620603218674,0.14732855854348223,0.02966397267352219,Green
1435,0,0.0008920289692468941,0.038204335684412456,0.008354490312280005,Green
1436,0,0.0005750288371928036,0.047183796054194024,0.009896782280593045,Green
1437,0,0.0001458887098124251,0.07497018365280073,0.015110747698410082,Green
1438,0,0.059289418160915375,0.17951490704747025,0.08333451593822636,Green
1439,0,0.07217927277088165,0.055638800773344335,0.06887117837137419,Green
1440,0,0.00537865161895752,0.042114737527860574,0.01272586880073813,Green
1441,0,0.000138224262627773,0.0828931666471851,0.016689212739539237,Green
1442,0,0.012308027595281601,0.08494135104606859,0.026834692285439,Green
1443,0,0.024420284666121006,0.08773727760860836,0.03708368325461847,Green
1444,0,0.003368565463460982,0.04018084746002852,0.010731021862774488,Green
1445,0,0.0018530449364334344,0.10499820687784978,0.022482077324716698,Green
1446,0,0.00029811373387929053,0.08211903530890492,0.016662298048884413,Green
1447,0,0.0007599053205922246,0.06127896301458862,0.0128637168593915,Green
1448,0,0.0006710692774504423,0.05391543272980503,0.011319941967921356,Green
1449,0,0.0030776666244491935,0.11231240404218105,0.02492461410799556,Green
1450,0,0.4671814739704132,0.032714900775647,0.38028815933146,Amber
1451,0,0.00034225893614348024,0.060871569083132994,0.01244812096554138,Green
1452,0,8.851486090861728e-05,0.14639828034803037,0.029350467958332963,Green
1453,0,0.0002160738498787396,0.10976547798856223,0.022125954677615432,Green
1454,0,0.00026825820095837115,0.12937724915564272,0.026090056391895235,Green
1455,0,0.0018620918272063136,0.12034482325450119,0.02555863811266528,Green
1456,0,0.006497257482260465,0.05102338505995584,0.015402482997799538,Green
1457,0,0.0049162618815898895,0.052078553606513665,0.014348720226574643,Green
1458,0,0.00010488049520063214,0.09589573463514048,0.019263051323188597,Green
1459,0,0.00029534817149396987,0.08153133668755554,0.016542545874706282,Green
1460,0,0.00945690218359232,0.07451785119439545,0.022469091985752945,Green
1461,0,0.0005726802977733314,0.11064312486716096,0.022586769211650853,Green
1462,0,0.005785287916660309,0.10722546428873148,0.026073323191074537,Green
1463,0,0.0004852955578826368,0.07981235913422709,0.016350708273151524,Green
1464,0,0.0010687961068470031,0.0907436994310281,0.019003776771683217,Green
1465,0,0.0035007548052817584,0.18335571186774968,0.03947174621777534,Green
1466,0,0.003169598989188671,0.07081217256531835,0.016698113704414604,Green
1467,0,0.0003072557912673801,0.10234981381985295,0.02071576739698449,Green
1468,0,8.475823851767928e-05,0.08436608642112703,0.016941023875039547,Green
1469,0,0.0006184134632349014,0.136019253741316,0.027698581518851115,Green
1470,0,0.002666547033004463,0.05604993505376073,0.013343224637155714,Green
1471,0,0.003324092319235206,0.07391140248706705,0.01744155435280157,Green
1472,0,0.005047824606299401,0.07677587112808466,0.019393433910656448,Green
1473,0,0.00018286333652213217,0.15407322360962847,0.030960935391143394,Green
1474,0,0.00019535435712896286,0.0801891550854428,0.016194114502791727,Green
1475,0,0.000591831305064261,0.13549736444171526,0.027572937932394452,Green
1476,0,0.0001412928744684905,0.1813678910585474,0.036386612511284264,Green
1477,0,0.0001568399398820475,0.019372536372774307,0.003999979226460499,Green
1478,0,0.0054559833370149136,0.05135220766635232,0.014635228202882392,Green
1479,0,0.00019226477597840131,0.058979689924826814,0.011949749805748082,Green
1480,0,0.00016142254462465645,0.1202516765922847,0.02417947335415666,Green
1481,0,0.002859095437452197,0.15108819382229405,0.03250491511442056,Green
1482,0,0.02081194333732128,0.05653572502130287,0.027956699674117597,Green
1483,0,0.11026622354984283,0.09617431477558776,0.10744784179499182,Green
1484,0,0.0004502427997067571,0.08536838387940238,0.017433871015645877,Green
1485,0,0.0005640950286760926,0.1083681334102747,0.02212490270499581,Green
1486,0,0.0006229368038475514,0.029722609652738135,0.006442871373625666,Green
1487,0,0.14704643487930297,0.04603665621351714,0.1268444791461458,Green
1488,0,0.03293083943426609,0.06013871738159137,0.03837241502373115,Green
1489,0,0.000880784832406789,0.10019625999227721,0.02074387986438087,Green
1490,0,0.10376485288143157,0.07767138971044507,0.09854616024723428,Green
1491,0,0.00277800764888525,0.05605189934062538,0.013432785987233273,Green
1492,0,0.004037543945014477,0.10746534426550162,0.0247231040091119,Green
1493,0,0.03774736821651459,0.08447059794069076,0.047092014161349824,Green
1494,0,0.002142627607099712,0.058954606404265836,0.013505023366532934,Green
1495,0,0.00021684418898075818,0.12130712233284976,0.02443489981775455,Green
1496,0,0.11716576665639877,0.03311574825756998,0.10035576297663301,Green
1497,0,0.0001623994190595113,0.11530841832575014,0.023191603200397634,Green
1498,0,0.0016690685879439116,0.08998923059183386,0.0193331009887219,Green
1499,0,0.005990048730745912,0.08606637891281531,0.022005314767159785,Green
1500,0,0.00017555653175804764,0.12781460789370946,0.025703366804148326,Green
1501,0,0.00016134217294165864,0.08960043256349992,0.018049160251053308,Green
1502,0,0.025876357220113277,0.1117552242043834,0.0430521306169673,Green
1503,0,5.365792894735933e-05,0.11895311110406451,0.023833548563970783,Green
1504,0,9.123309428105131e-05,0.25180997563693847,0.050434981602812526,Green
1505,0,4.413262722664513e-05,0.22971665540916986,0.04597863718361528,Green
1506,0,0.0030150034930557013,0.05452614302895815,0.013317231400236187,Green
1507,0,0.0015424354351125655,0.06415454227064667,0.014064856802219382,Green
1508,0,0.005698388861492276,0.05784648582137703,0.016128008253469224,Green
1509,0,9.180176421068609e-05,0.09426415975670112,0.018926273362708766,Green
1510,0,0.10009437203407288,0.07470452649995257,0.09501640292724882,Green
1511,0,0.013991567492485046,0.06705011161442793,0.02460327631687362,Green
1512,0,0.0165595855563879,0.14202152745687718,0.04165197393648575,Green
1513,0,0.006979514402337373,0.05540739865962183,0.016665091253794263,Green
1514,0,0.00015582113992422818,0.09624459780110804,0.019373576472160987,Green
1515,0,0.00011081517732236534,0.05983404424710051,0.01205546099127799,Green
1516,0,0.000823925668373704,0.0497341641213191,0.01060597335896278,Green
1517,0,0.0063399747014045715,0.050464062261388234,0.015164792213401303,Green
1518,0,0.000927065615542233,0.08784261046611605,0.018310174585656994,Green
1519,0,0.0001602692384039983,0.0782089190816642,0.015769999207056035,Green
1520,0,0.000386507686926052,0.10936644598724415,0.022182495346989666,Green
1521,0,0.00024622875498607754,0.053643394348291566,0.010925661873647173,Green
1522,0,0.007107479684054852,0.1354640548177554,0.03277879471079495,Green
1523,0,0.0027120035607367753,0.2167352555192617,0.045516653952441755,Green
1524,0,0.0006273639271967113,0.06253517980670784,0.013008927103098934,Green
1525,0,0.001246132794767618,0.11628580545145906,0.024254067326105903,Green
1526,0,0.00023430478759109974,0.007620618174683814,0.0017115674650096423,Green
1527,0,0.0018904342781752349,0.05915644062435033,0.013343635547410252,Green
1528,0,0.0016064536990597843,0.030665753524960697,0.007418313664239965,Green
1529,0,0.00045328991836868227,0.09620933857162253,0.019604499649019447,Green
1530,0,0.0029338283464312555,0.11517154682217141,0.02538137204157928,Green
1531,0,0.0034045313484966752,0.041543992687523235,0.011032423616301986,Green
1532,0,8.17238847957924e-05,0.0991821644729206,0.01990181200242075,Green
1533,0,0.013930687122046948,0.14158519227385516,0.039461588152408585,Green
1534,0,0.004256831668317317,0.03680112761633501,0.010765690857920854,Green
1535,0,0.00029659544234164056,0.05827782663233378,0.011892841680340067,Green
1536,0,0.0009669626131653786,0.05413103248694295,0.01159977658792089,Green
1537,0,0.0003981118265073747,0.0499473564878304,0.010307960758771977,Green
1538,0,0.0011743151117116213,0.03650637864798073,0.00824072781896544,Green
1539,0,0.008157823979854584,0.08041853264591178,0.022609965713066022,Green
1540,0,0.0002430374443065375,0.05047083719142425,0.010288597393730076,Green
1541,0,0.128469480574131,0.030193259001965858,0.10881423625969797,Green
1542,0,0.013652880862355232,0.16181438279203103,0.04328518124829039,Green
1543,0,0.0008243924821726978,0.051972374222931716,0.011053988830324499,Green
1544,0,0.0006929468945600092,0.13706419412505388,0.02796719634065878,Green
1545,0,0.00416437815874815,0.11411101491293779,0.026153705509586074,Green
1546,0,0.004672957770526409,0.07091941779693721,0.017922249775808564,Green
1547,0,0.0006358478218317032,0.07607450778962,0.015723579815389358,Green
1548,0,0.00014904817799106241,0.072593518046716,0.014637942151736047,Green
1549,0,0.00015256998303811998,0.14540236561368836,0.029202529109168162,Green
1550,0,0.0013663372257724405,0.02836629336112535,0.006766328452843021,Green
1551,0,0.0012416079640388488,0.0992353791358154,0.020840362198394156,Green
1552,0,0.0007155512925237417,0.14606565076086578,0.029785571186192142,Green
1553,0,0.00017224960902240127,0.0935052726519384,0.0188388542176056,Green
1554,0,0.0007836028351448476,0.1264228264499455,0.025911447558104976,Green
1555,0,0.001103769289329648,0.05509401375255134,0.011901818181973983,Green
1556,0,0.001466396520845592,0.0605539391752295,0.01328390505172237,Green
1557,0,0.0005598143092356622,0.21009070617711334,0.042465992682811184,Green
1558,0,0.00016961121291387827,0.10938741565708793,0.022013172101748683,Green
1559,0,0.009280637698248028,0.11101209746922786,0.02962692965244399,Green
1560,0,0.003844221215695143,0.035172156809785755,0.010109808334513264,Green
1561,0,0.012757517024874687,0.03714817559317035,0.017635648738533818,Green
1562,0,7.21158939995803e-05,0.106145281683334,0.02128674905186646,Green
1563,0,0.06569405496120453,0.060297381158516634,0.06461472020066696,Green
1564,0,0.04838118888437748,0.062253425933190214,0.05115563629414003,Green
1565,0,0.007054129987955094,0.04210821709658719,0.014064947409681512,Green
1566,0,9.446872572880239e-05,0.11591838509977735,0.023259252000538504,Green
1567,0,0.0006126228487119079,0.07205742916013187,0.014901584110995897,Green
1568,0,0.1499427456408739,0.06526945177545843,0.1330080868677908,Green
1569,0,0.0019014429999515414,0.07692712752679631,0.016906579905320494,Green
1570,0,0.0022057690424844623,0.07354412664870201,0.01647344056372797,Green
1571,0,0.00032510992023162546,0.03368958658973234,0.006998005254131767,Green
1572,0,0.00014657415740657598,0.037630439627947765,0.007643347251514812,Green
1573,0,0.0010838015004992485,0.06739579144213648,0.014346199488826691,Green
1574,0,0.00012823659781133757,0.022599651022862786,0.004622519482821626,Green
1575,0,5.435642888187431e-05,0.20204744594941937,0.04045297433298937,Green
1576,0,0.0005799927574116736,0.10965072796607032,0.022394139799143398,Green
1577,0,0.00069075784413144,0.12575442556606925,0.025703491388518997,Green
1578,0,0.006873151683248579,0.056539989943573114,0.016806519335313484,Green
1579,0,0.0019341591047123074,0.04982761010680047,0.011512849305129937,Green
1580,0,0.0006966051529161632,0.13702605799654174,0.02796249572164127,Green
1581,0,0.0001821208628825843,0.10410233293707588,0.020966163277721238,Green
1582,0,0.0015256575075909494,0.06823782294738301,0.014868090595549359,Green
1583,0,0.08516826778650284,0.11179370999719186,0.09049335622864065,Green
1584,0,0.046485534682869915,0.06326888608113802,0.049842204962523534,Green
1585,0,0.0043052889872342345,0.030506780288908346,0.009545587247569057,Green
1586,0,0.0004525598138570785,0.04252550697435929,0.00886714924595752,Green
1587,0,0.00012646003597183153,0.07098682135060011,0.014298532298897484,Green
1588,0,0.007041656970977783,0.07697655729176948,0.02102863703513612,Green
1589,0,0.000478052266407758,0.07516496104419067,0.015415434021964335,Green
1590,0,0.0855425514280796,0.10592706032592698,0.08961945320764908,Green
1591,0,0.001100284280255437,0.06557207221801964,0.013994641867808275,Green
1592,0,0.00018533169641159474,0.056800764199111106,0.011508418196951494,Green
1593,0,0.00022797335986979306,0.05012386474188136,0.010207151636272104,Green
1594,0,0.01250585385132581,0.14535046489233608,0.03907477605952786,Green
1595,0,0.00029553371714428065,0.06329232042352483,0.012894891058420387,Green
1596,0,0.00415180092677474,0.15824294166769529,0.034970029074958844,Green
1597,0,0.0015680208103731274,0.05812808481578192,0.012880033611454882,Green
1598,0,0.0002306737587787211,0.11706692678378927,0.023597924363780828,Green
1599,0,0.01769982073456049,0.14170933555328158,0.042501723698304704,Green
1600,0,0.0007827435620129108,0.14649004181759884,0.02992420321313009,Green
1601,0,0.0001322384297964163,0.16551627988462003,0.03320904672076113,Green
1602,0,0.0002480456401826814,0.17909596062911204,0.03601762863796855,Green
1603,0,0.0006413207505829632,0.14703165704396198,0.02991938800925876,Green
1604,0,0.0008136814227327705,0.11282349304544308,0.023215643747274826,Green
1605,0,0.004083000589162111,0.11042158596286199,0.02535071766390208,Green
1606,0,0.12215235233306884,0.0797166903907137,0.11366521994459783,Green
1607,0,0.002712364494800568,0.045509870925143726,0.011271865780869198,Green
1608,0,0.003385238256305456,0.015073677509257567,0.005722926106895877,Green
1609,0,0.0005682079412508756,0.10181861137571643,0.020818288628143982,Green
1610,0,0.0003061148046981543,0.12986441629010975,0.026217775101780468,Green
1611,0,0.0003893652377882972,0.1037097486504694,0.021053441920324514,Green
1612,0,0.005388143379241228,0.08395158420322417,0.021100831544037815,Green
1613,0,0.00840843990445137,0.050801592346988236,0.016887070392958742,Green
1614,0,0.00011855844059027731,0.08359312590850092,0.016813471934172403,Green
1615,0,0.0003765024011954665,0.0438362277156537,0.009068447464087111,Green
1616,0,0.0003317849477753043,0.04955140781071361,0.010175709520362964,Green
1617,0,0.00010560707887634635,0.051466930011685556,0.010377871665438186,Green
1618,0,0.00030421969131566584,0.09390064306557447,0.019023504366167423,Green
1619,0,0.0015401691431179644,0.0797547265581604,0.01718308062612645,Green
1620,0,0.00042659598984755575,0.09771025865910005,0.01988332852369805,Green
1621,0,0.00036469585029408336,0.04759151806223196,0.009810060292681657,Green
1622,0,0.016736930608749388,0.07541852741569571,0.02847324997013865,Green
1623,0,0.0001563207741128281,0.10097799484820646,0.020320655588931553,Green
1624,0,0.3740477740764618,0.09322167437989728,0.3178825541371489,Amber
1625,0,0.0004974988638423383,0.07414638077164969,0.015227275245403805,Green
1626,0,0.004894437920302152,0.09205245641548973,0.022326041619339664,Green
1627,0,0.00014231135428417475,0.09010238927666758,0.018134326938760853,Green
1628,0,0.0002625578257720917,0.09751248500903667,0.019712543262425,Green
1629,0,0.004972056113183498,0.061764960702527634,0.016330637031052322,Green
1630,0,0.0006967401597648859,0.11627035472058048,0.023811463071927996,Green
1631,0,0.00024745670962147417,0.497561497309898,0.09971026482967675,Green
1632,0,0.0007279429933987557,0.17883714677682408,0.03634978375008382,Green
1633,0,0.0001510549715021625,0.1435400661384708,0.028828857204895888,Green
1634,0,0.0018606587778776885,0.07511427301430279,0.016511381625162705,Green
1635,0,0.0003163247398333624,0.12013672170908309,0.024280404133683302,Green
1636,0,0.0009888277156278491,0.03784633998838869,0.008360330170180015,Green
1637,0,0.0005645364639349282,0.1028379178794989,0.021019212747047718,Green
1638,0,0.001463861367665231,0.0947112363627881,0.0201133363666898,Green
1639,0,0.0012461409904062748,0.28776660402395826,0.05855023359711666,Green
1640,0,0.0004376311262603849,0.052588595993300534,0.010867824099668412,Green
1641,0,0.0010914622573181987,0.03240839109973462,0.007354848025801481,Green
1642,0,0.007670739898458122,0.03214232106962248,0.012565056132690993,Green
1643,0,0.027762147039175032,0.17241947184671608,0.056693612000683236,Green
1644,0,0.002154470374807715,0.06444553009410071,0.014612682318666314,Green
1645,0,0.0026324289385229347,0.10608619226475449,0.02332318160376924,Green
1646,0,0.0011045665945857764,0.032524884865689975,0.007388630248806615,Green
1647,0,0.005464377719908952,0.08581883263045467,0.021535268702018093,Green
1648,0,0.0009429565747268499,0.07587759881779556,0.015929885023340588,Green
1649,0,0.00011763422953663394,0.14647825915911264,0.02938975921545183,Green
1650,0,0.0001774673059117049,0.11125327676220036,0.02239262919716943,Green
1651,0,0.0007943116128444671,0.07633005417073406,0.01590146012442238,Green
1652,0,0.0006928559625521303,0.06858579374669854,0.01427144351938141,Green
1653,0,0.0005131078884005547,0.1212451811949104,0.02465952254970252,Green
1654,0,0.00012715732300421222,0.030744674973174846,0.006250660853038338,Green
1655,0,0.0006095098447985946,0.10694362568547507,0.021876333012933884,Green
1656,0,0.00010783382022054866,0.062102965343065156,0.012506860124789469,Green
1657,0,0.00146223867777735,0.25594454681412465,0.0523587003050468,Green
1658,0,0.00013639093667734415,0.09295593407805292,0.018700299564952453,Green
1659,0,0.0003086109645664692,0.023643320156362058,0.004975552802925586,Green
1660,0,0.00011001141974702478,0.04392507805745143,0.008873024747287904,Green
1661,0,0.06646367460489273,0.2062403456301813,0.09441900880995044,Green
1662,0,7.367843791143969e-05,0.10080104021941286,0.02021915079421172,Green
1663,0,0.00047671461943536996,0.13973178207515805,0.028327728110579896,Green
1664,0,0.014715256541967392,0.10450535315414282,0.032673275864402475,Green
1665,0,0.00011575017269933596,0.13673478124707275,0.02743955638757401,Green
1666,0,0.008368740789592266,0.17320252905657346,0.0413354984429885,Green
1667,0,0.00018481563311070203,0.1397119912518244,0.028090250756853438,Green
1668,0,0.07791065648198127,0.10413330766184231,0.08315518671795347,Green
1669,0,0.000342939660185948,0.6745716857615497,0.13518868888045868,Green
1670,0,0.008426164463162421,0.8162392063953516,0.16998877284960023,Green
1671,0,0.0007114229607395827,0.8030920352211662,0.16118754541282487,Green
1672,0,0.0030508310534060005,0.674682279579976,0.13737712075871994,Green
1673,0,0.00028397675487212837,0.038854660641983084,0.007998113532294317,Green
1674,0,7.229866168927402e-05,0.12400159220074332,0.02485815736950008,Green
1675,0,8.846665004966781e-05,0.10957722007428874,0.021986217334897477,Green
1676,0,0.0011640937533229589,0.04440894802934965,0.009813064608528295,Green
1677,0,7.027732935966924e-05,0.043357738367643096,0.008727769537016351,Green
1678,0,0.00029784508515149353,0.06578362656906923,0.01339500138193504,Green
1679,0,0.00048602771130390465,0.06893512535574145,0.01417584724019141,Green
1680,0,0.0003910478495527059,0.12086306696491546,0.024485451672625252,Green
1681,0,0.023711251839995385,0.09004243239935765,0.03697748795186784,Green
1682,0,0.004465757217258215,0.06304915061300774,0.016182435896408116,Green
1683,0,0.0003880998759996146,0.07440243274835641,0.015190966450470971,Green
1684,0,0.001749901194125414,0.09291337084484241,0.01998259512426881,Green
1685,0,0.0010582681046798826,0.10862711012138741,0.022572036508021382,Green
1686,0,0.00043550313566811385,0.054920133423883105,0.01133242919331111,Green
1687,0,0.0007203287910670042,0.17582530684654815,0.035741324402163224,Green
1688,0,0.0004448821244295686,0.09258113840483562,0.018872133380510775,Green
1689,0,0.00012892456434201449,0.0804619000641686,0.01619551966430733,Green
1690,0,0.0008365216199308634,0.15652826624359892,0.03197487054466447,Green
1691,0,0.10909559726715087,0.28635199951578233,0.14454687771687716,Green
1692,0,5.5820814304752274e-05,0.08771438903731228,0.017587534458906255,Green
1693,0,0.0007963577518239617,0.0708845152656408,0.014813989254587325,Green
1694,0,0.0010571068618446587,0.07927674386140716,0.016701034261757154,Green
1695,0,9.150087207672187e-05,0.04060711681893052,0.00819462406144748,Green
1696,0,0.0002554237842559814,0.3688602216806155,0.07397638336352787,Green
1697,0,0.00039003166602924466,0.4405885163330279,0.08842972859942896,Green
1698,0,0.00013434580178000032,0.0827940049448634,0.016666277630396676,Green
1699,0,0.0004232847597450018,0.08952273786551464,0.018243175380898924,Green
1700,0,0.0002598112827399746,0.13081900982537178,0.02637165099126633,Green
1701,0,0.0005797302350401878,0.10986733294455625,0.022437250776943397,Green
1702,0,0.004528278298676014,0.05548464082861026,0.01471955080466286,Green
1703,0,5.168854040675797e-05,0.083157535377232,0.0166728579077718,Green
1704,0,0.0008645050926133989,0.06534548467783233,0.013760701009657183,Green
1705,0,0.0005804262065794319,0.07672434213261754,0.015809209391787052,Green
1706,0,0.001438169158063829,0.0370190598333322,0.008554347293117501,Green
1707,0,0.0003136767365504056,0.06567330118964106,0.013385601627168533,Green
1708,0,0.00046431804075837136,0.09058573682197235,0.018488601797001163,Green
1709,0,0.001040499471127987,0.07750576338146095,0.016333552253194574,Green
1710,0,0.00013224875001469628,0.09684665720672196,0.019475130441356146,Green
1711,0,0.00029916788917034866,0.2825586402822613,0.05675106236778853,Green
1712,0,8.289529796456918e-05,0.09041950518246342,0.018150217274864336,Green
1713,0,0.0001843694888520986,0.221346868817883,0.04441686935465827,Green
1714,0,0.00017440800438635052,0.1129679273688982,0.022733111877288718,Green
1715,0,0.13555596470832823,0.09992001663105132,0.12842877509287284,Green
1716,0,0.00022723859001416713,0.2351506929070483,0.04721192945342098,Green
1717,0,0.0015355466865003109,0.06842824223490905,0.014914085796182057,Green
1718,0,0.0001676540283369832,0.061996253676710765,0.012533373958011736,Green
1719,0,9.793144417926669e-05,0.10107501124128372,0.020293347403600153,Green
1720,0,0.00021232379076536746,0.09241636372438193,0.018653131777488674,Green
1721,0,0.0007440362940542399,0.06279518467237827,0.013154265969719043,Green
1722,0,0.002272872719913721,0.14501340927145775,0.030820980030222524,Green
1723,0,0.02624695487320423,0.08785166073580691,0.03856789604572476,Green
1724,0,0.00021366667642723768,0.08482422566466451,0.017135778474074687,Green
1725,0,0.00032738349982537325,0.11647048664313214,0.023556004128486723,Green
1726,0,0.00040021731983870264,0.1372111001293492,0.027762393881740795,Green
1727,0,0.00034310736809857185,0.08802978396182674,0.017880442686844203,Green
1728,0,0.0005704155075363815,0.0756787580389133,0.015592084013811762,Green
1729,0,0.0013928783359006048,0.12258573771957769,0.025631450212636017,Green
1730,0,0.005018679890781641,0.05757941456710968,0.015530826826047246,Green
1731,0,0.0006194951944053173,0.0693241445705081,0.014360425069625872,Green
1732,0,0.0001443136759917252,0.10945185934981792,0.02200582281075696,Green
1733,0,0.23938077092170715,0.022116160467576938,0.19592784883088113,Green
1734,0,0.0027045433409512046,0.1327758281265767,0.0287188002980763,Green
1735,0,0.0006268142082262784,0.15504471292004646,0.031510393950590306,Green
1736,0,0.0009743569884449243,0.23769148216518515,0.04831778202379296,Green
1737,0,0.000474750145804137,0.08562737900722557,0.01750527591808842,Green
1738,0,0.008224753849208354,0.06446577685270907,0.019472958449908498,Green
1739,0,0.005888348794542253,0.11328225220330984,0.027367129476295767,Green
1740,0,0.0004968191671650857,0.054686344114436625,0.011334724156619392,Green
1741,0,0.0002162075514206663,0.10863794621781542,0.02190055528469961,Green
1742,0,0.0012604349991306662,0.19956269487869455,0.04092088697504344,Green
1743,0,0.0008440436329692603,0.08396346142701766,0.017467927191778938,Green
1744,0,0.003885215474292636,0.12447644571352304,0.02800346152213871,Green
1745,0,0.0002475788583979011,0.04595365973450653,0.009388795033619625,Green
1746,0,0.0003478662692941725,0.19222018367908847,0.038722329751253025,Green
1747,0,0.0001079452020348981,0.10687656797280083,0.02146166975618808,Green
1748,0,5.06519074406242e-05,0.10385770575825232,0.020812062677602956,Green
1749,0,0.00446253097616136,0.07863445052397837,0.019296914885724756,Green
1750,0,0.00041469144052825864,0.09692348373453237,0.019716449899329077,Green
1751,0,8.234130800701677e-05,0.18152712599508955,0.03637129824542352,Green
1752,0,0.00022872307454235852,0.06375710725251449,0.012934399910136781,Green
1753,0,0.00037708256859332324,0.21077180917845792,0.04245602789056623,Green
1754,0,0.007848715782165528,0.16160364567262994,0.038599701760258405,Green
1755,0,0.0004307341761887074,0.13216989598094717,0.026778566537140395,Green
1756,0,0.000925198057666421,0.1390921985355355,0.02855859815324023,Green
1757,0,0.002518085646443069,0.1425977253402427,0.030534013585202992,Green
1758,0,0.0006945234024897217,0.0627263999473612,0.013100898711464016,Green
1759,0,0.0036845762282609936,0.04367481743657828,0.01168262446992445,Green
1760,0,0.003858765121549368,0.0727034588971779,0.01762770387667507,Green
1761,0,0.00091625020140782,0.0466567631938053,0.010064352799887315,Green
1762,0,0.001455056038685143,0.2291125697137817,0.04698655877370444,Green
1763,0,0.0007435310864821077,0.16861933470218282,0.03431869180962225,Green
1764,0,0.0007568278349936008,0.10067751709172847,0.02074096568634057,Green
1765,0,0.0011305526830255985,0.02329219886916235,0.005562881920252948,Green
1766,0,0.004155343305319548,0.10814226943153073,0.024952728530561782,Green
1767,0,0.004014052730053663,0.048482117587253765,0.012907665701493681,Green
1768,0,0.0003601464384701103,0.06944326426142175,0.014176770003060436,Green
1769,0,0.000690449180547148,0.1690883602958999,0.03437003140361769,Green
1770,0,0.0004361179075203836,0.10739113899613517,0.021827122125243337,Green
1771,0,0.00014843928802292793,0.08907169657003226,0.01793309074442479,Green
1772,0,0.011340649798512459,0.17871644000584042,0.044815807839978045,Green
1773,0,0.0004536249383818358,0.13105707622285345,0.026574315195276154,Green
1774,0,8.840917143970728e-05,0.059172582836546445,0.011905243904461052,Green
1775,0,0.0011314219213090836,0.05352490419096827,0.011610118375240917,Green
1776,0,0.00040662994142621757,0.12930542361002126,0.026186388675145222,Green
1777,0,0.00011457962245913223,0.13094379060520314,0.026280421819007926,Green
1778,0,0.0022484670858830213,0.07838540651542322,0.017475854971791056,Green
1779,0,0.00026767608360387383,0.039406067703563794,0.008095354407595857,Green
1780,0,0.004127731826156378,0.059842655306661705,0.01527071652225744,Green
1781,0,0.001281167147681117,0.08283127325009788,0.017591188368164465,Green
1782,0,0.004943953827023506,0.0413428952311122,0.012223742107841244,Green
1783,0,0.0011976475361734629,0.025837705197591532,0.006125659068457076,Green
1784,0,0.00036701694480143485,0.03959146148065189,0.008211905851971523,Green
1785,0,7.003852078923956e-05,0.09952815886113969,0.019961662588859327,Green
1786,0,0.00044325999333523215,0.08387822235464558,0.017130252465597295,Green
1787,0,0.0013028514571487902,0.09190930489106018,0.019424142143931063,Green
1788,0,0.001957688480615616,0.08722737261904837,0.019011625308302162,Green
1789,0,0.0006538589135743677,0.14487871908628938,0.029498830948117366,Green
1790,0,0.001235191209707409,0.07854238877237271,0.016696630722240466,Green
1791,0,0.00017742388881742953,0.10250726903196938,0.020643392917447816,Green
1792,0,0.027974229399114845,0.058598414874020836,0.03409906649409604,Green
1793,0,5.260953512333799e-05,0.09935497966200654,0.019913083560499974,Green
1794,0,0.0006849938188679516,0.24106738096040262,0.04876147124717487,Green
1795,0,8.088630129350349e-05,0.2893447017602797,0.05793364939309073,Green
1796,0,0.00041590664186514915,0.2556529086706847,0.051463307047629046,Green
1797,0,0.006292155687697232,0.0873179464501366,0.022497313840185103,Green
1798,0,0.005769704235717654,0.11093871944777389,0.026803507278128896,Green
1799,0,0.0005914573324844241,0.06244038613354599,0.012961243092696735,Green
1800,0,0.00024170747201424092,0.03906608086712205,0.0080065821510358,Green
1801,0,0.0015509142074733972,0.20998766724814116,0.04323826481560694,Green
1802,0,4.5477126332116316e-05,0.1185947727162009,0.02375533624430587,Green
1803,0,0.023401792347431186,0.09125738419915137,0.03697291071777522,Green
1804,0,0.005345435533672571,0.03353404349855127,0.01098315712664831,Green
1805,0,0.0010388836963102221,0.031216348694200886,0.007074376695888353,Green
1806,0,9.228912822436541e-05,0.08358718797689166,0.01679126889795782,Green
1807,0,0.0001959456247277558,0.054011159180421146,0.010958988335866431,Green
1808,0,0.015726790949702262,0.028015864232482954,0.0181846056062584,Green
1809,0,0.00010770235530799255,0.08145825936967953,0.016377813758182296,Green
1810,0,0.0001708942116238177,0.12860380645571226,0.0258574766604415,Green
1811,0,0.00011257666046731174,0.10467705755218723,0.021025472838811288,Green
1812,0,0.00022593391477130354,0.04778770924523702,0.009738288980864446,Green
1813,0,0.0005429449956864119,0.13252854394361935,0.026940064785272992,Green
1814,0,0.00016701262502465396,0.0486069836770502,0.009855006835429761,Green
1815,0,0.006710213981568814,0.06576995876141555,0.018522162937538156,Green
1816,0,0.0026574636343866583,0.07843736549415012,0.017813444006339347,Green
1817,0,0.18791845440864563,0.12660150861350875,0.17565506524961827,Green
1818,0,0.0906093019992113,0.04191292942454124,0.08087002748427728,Green
1819,0,0.0003872046567266807,0.06983971116304072,0.014277705957989485,Green
1820,0,0.0005171385710127652,0.13073699850373058,0.02656111055755632,Green
1821,0,8.450344539596699e-05,0.03811151925851415,0.007689906608019602,Green
1822,0,0.003061720496043563,0.081777285447766,0.018804833486388044,Green
1823,0,0.00414441036991775,0.12331920223501895,0.027979368742937986,Green
1824,0,0.001208610343746841,0.08105735946002675,0.017178360167002818,Green
1825,0,0.006842463184148073,0.039607436380758046,0.013395457823470066,Green
1826,0,0.00040989016415551307,0.09583261273249205,0.019494434677822817,Green
1827,0,0.0003057499241549522,0.07545162503933212,0.015334924947190381,Green
1828,0,0.00013621652033179998,0.03388982572305502,0.006886938360876441,Green
1829,0,0.011392977647483348,0.23504443054463775,0.05612326822691422,Green
1830,0,0.0006279897294007242,0.12975914262436047,0.02645422030839267,Green
1831,0,0.00019834887352772058,0.07055222924655795,0.014269124948133764,Green
1832,0,0.00024356348149012774,0.12294164958235788,0.024783180701663673,Green
1833,0,0.00267966091632843,0.47798786094031986,0.09774130092112669,Green
1834,0,0.0021925068926066157,0.09103253355949037,0.01996051222598336,Green
1835,0,0.00036216884618625047,0.09143736525266052,0.018577208127481103,Green
1836,0,0.002899058535695076,0.08965761837433416,0.020250770503422888,Green
1837,0,0.0012503378093242645,0.06575733342362682,0.014151736932184772,Green
1838,0,0.019370278902351854,0.05142364780990167,0.025780952683861817,Green
1839,0,0.0012177829165011644,0.12153351650917778,0.02528092963503648,Green
1840,0,0.00037533529684878885,0.04683094523788852,0.009666457285056733,Green
1841,0,0.011895613558590411,0.04637117649870116,0.01879072614661256,Green
1842,0,0.00016826396895339713,0.07482528812841016,0.015099668800844747,Green
1843,0,0.0002860268723452464,0.05942871877432921,0.012114565252742036,Green
1844,0,0.00901738405227661,0.061869905998042395,0.019587888441429765,Green
1845,0,0.025543537642806768,0.05324077085427336,0.031082984285100083,Green
1846,0,0.0007242282619699836,0.14234595874589906,0.029048574358755793,Green
1847,0,0.000301165331620723,0.06652599662036086,0.01354613158936875,Green
1848,0,0.00039203855558298526,0.04597517539004367,0.00950866592247512,Green
1849,0,0.0012476737378165127,0.061762734042584075,0.013350685798770022,Green
1850,0,8.396213816013187e-05,0.13064118251129425,0.02619540621278695,Green
1851,0,0.0005703098373487592,0.0821329979377715,0.016882847457433306,Green
1852,0,9.327137522632256e-05,0.0666271243374631,0.013400041967673675,Green
1853,0,0.00012703316024271772,0.07378705159567948,0.014859036847330068,Green
1854,0,0.00022866387735120952,0.12949793033109228,0.026082517168099416,Green
1855,0,0.08247608989477158,0.05884129192633396,0.07774913030108406,Green
1856,0,0.0014415492536500097,0.08860286015313588,0.018873811433547178,Green
1857,0,0.0005155893624760211,0.12647498681213082,0.025707468852406976,Green
1858,0,0.0009019886027090251,0.07636641624096391,0.015994874130359996,Green
1859,0,0.16553760468959808,0.17358531716792416,0.1671471471852633,Green
1860,0,0.000197762215975672,0.15775605762139705,0.03170942129705994,Green
1861,0,0.0009016867843456566,0.11240131432851953,0.023201612293180428,Green
1862,0,0.00023279766319319605,0.07983670801254675,0.016153579733063906,Green
1863,0,0.001613003434613347,0.05786814269400581,0.012864031286491837,Green
1864,0,0.009865190740674734,0.3146919133573301,0.07083053526400579,Green
1865,0,0.0023480599280446767,0.2040735413251417,0.04269315620746407,Green
1866,0,0.004444169928319751,0.040507733715604156,0.01165688268577663,Green
1867,0,0.0039991563186049465,0.0949094986734162,0.022181224789567196,Green
1868,0,0.0007979110814630985,0.10561419501507756,0.021761167868185983,Green
1869,0,9.318887605331839e-05,0.12515785086037903,0.025106121272918457,Green
1870,0,0.0018033759435638784,0.05067562676234172,0.011577826107319444,Green
1871,0,0.013376953080296516,0.04250954287829536,0.019203471039896284,Green
1872,0,0.0003789867623709142,0.06414578375037304,0.013132346159971336,Green
1873,0,0.05067808255553245,0.06623206468427682,0.053788878981281325,Green
1874,0,0.0008232408261392265,0.12150761294420681,0.024960115249752737,Green
1875,0,0.0005913843866437674,0.06549961382864083,0.013573030275043179,Green
1876,0,0.00048509545740671456,0.13658926203785363,0.02770592877349609,Green
1877,0,0.00041134845814667643,0.13694325639773614,0.027717730046064565,Green
1878,0,8.937710517784581e-05,0.07189045499935896,0.014449592684014067,Green
1879,0,0.00023603908193763344,0.04449888195307286,0.009088607656164677,Green
1880,0,0.0013229348929598927,0.1258591458883824,0.026230177092044386,Green
1881,0,0.00041848044493235647,0.13755039049905787,0.027844862455757454,Green
1882,0,0.0003603863820899278,0.11406661840353682,0.023101632786379302,Green
1883,0,0.0003738914791028947,0.0614199842271778,0.012583110028717873,Green
1884,0,0.0003179669089149684,0.12117351527880327,0.024489076582892625,Green
1885,0,0.0006120024132542312,0.055808758165344134,0.01165135356367221,Green
1886,0,0.008744601346552371,0.05346015927209479,0.017687712931660854,Green
1887,0,0.00032148543978109955,0.11064029299706686,0.02238524695123825,Green
1888,0,0.02185090780258179,0.040716476945380324,0.025624021631141497,Green
1889,0,0.014750671386718749,0.0990429011193093,0.031609117333236854,Green
1890,0,0.038588475063443185,0.051889475780870796,0.04124867520692871,Green
1891,0,0.00688254814594984,0.04977892877674069,0.015461824272108009,Green
1892,0,0.0021301244385540487,0.13497047994178088,0.02869819553919941,Green
1893,0,0.0011091975960880519,0.03766937139726342,0.008421232356323123,Green
1894,0,0.0001965745002962649,0.048636908378972735,0.009884641276031558,Green
1895,0,0.000813859119080007,0.0714909119420508,0.014949269683674164,Green
1896,0,0.0002469774626661092,0.10841335147077498,0.021880252264287876,Green
1897,0,0.057479327917099,0.05096187175720482,0.05617583668512016,Green
1898,0,0.00013840366736985743,0.1510979987072604,0.030330322675347958,Green
1899,0,0.019658789597451688,0.15922262095217735,0.047571555868396814,Green
1900,0,0.0034362159203737974,0.11518813189220965,0.025786599114740964,Green
1901,0,0.0008013668237254023,0.06576744887185945,0.013794583233352208,Green
1902,0,0.006515073194168508,0.028817085176148845,0.010975475590564575,Green
1903,0,9.904867329169065e-05,0.1065006318117566,0.02137936530098467,Green
1904,0,8.729089604457839e-05,0.13676730163487286,0.027423293043810228,Green
1905,0,0.0008714823168702423,0.0874526513061577,0.01818771611472773,Green
1906,0,0.002315847750287503,0.03150383313045904,0.008153444826321809,Green
1907,0,0.00032952714827843015,0.08665825402372931,0.0175952725233686,Green
1908,0,0.001700955955311656,0.06678306208555267,0.014717377181359854,Green
1909,0,0.001483952545095235,0.102799162209265,0.021746994477929184,Green
1910,0,0.0001340056798653677,0.102266456914284,0.020560495926749092,Green
1911,0,0.0001704870257526636,0.17724311605230567,0.03558501283106326,Green
1912,0,0.0011904872953891754,0.11576174144146362,0.02410473812460406,Green
1913,0,0.01659820843487978,0.07890849718617751,0.029060266185139322,Green
1914,0,0.0001392043457599357,0.12382981936907494,0.02487732735042293,Green
1915,0,7.130025624064728e-05,0.09483110663739018,0.01902326153247055,Green
1916,0,0.00022621486568823456,0.08936625233655181,0.018054222359860945,Green
1917,0,0.0019636868499219415,0.0347345220080903,0.008517853881555612,Green
1918,0,0.0010963099077343941,0.10586148678310528,0.022049345282808566,Green
1919,0,0.008919118531048298,0.12105146339332333,0.0313455875035033,Green
1920,0,0.0005471501965075731,0.1378813765380351,0.02801399546481307,Green
1921,0,0.0011876499745994806,0.051984569620357815,0.011347033903751146,Green
1922,0,0.0002912928350269795,0.04973442519552949,0.010179919307127479,Green
1923,0,0.015299122780561447,0.07170701362573913,0.02658070094959698,Green
1924,0,0.0005296725837979465,0.1451339991421039,0.02945053789545913,Green
1925,0,0.0004642385174520314,0.062022972720232813,0.012775985358008184,Green
1926,0,0.0003296809183666483,0.06291013943502666,0.012845772621698648,Green
1927,0,0.006444871332496404,0.09767207425394843,0.024690311916786806,Green
1928,0,0.0005180787178687751,0.10585893938193985,0.021586250850682987,Green
1929,0,0.0004751499742269516,0.08787012840658832,0.017954145660699222,Green
1930,0,0.0003760218911338598,0.0760150177299692,0.015503821058900925,Green
1931,0,0.0011011987109668553,0.049858366128499025,0.010852632194473287,Green
1932,0,0.00635587046854198,0.059629251891099744,0.01701054675305353,Green
1933,0,0.002231723931618035,0.08133237170700854,0.018051853486696134,Green
1934,0,0.02201347313821316,0.19755787021743626,0.05712235255405777,Green
1935,0,9.620444470783695e-05,0.0631160685129834,0.012700177258362947,Green
1936,0,0.0002376170683419332,0.02578594909547713,0.0053472834737689715,Green
1937,0,0.0006529049365781248,0.18504969073353597,0.03753226209596969,Green
1938,0,0.0017673305235803127,0.04749713154908651,0.01091329072868155,Green
1939,0,0.09890549443662167,0.0663444044364326,0.09239327643658386,Green
1940,0,0.005597958341240883,0.08170891759751861,0.020820150192496428,Green
1941,0,0.0015884773805737496,0.07436572333567504,0.016143926571594004,Green
1942,0,0.0001509800393250771,0.20266879430334422,0.0406545428921289,Green
1943,0,0.005664476472884416,0.1295567053140412,0.03044292224111577,Green
1944,0,0.00014104160072747618,0.05077719568126863,0.010268272416835705,Green
1945,0,0.0006145585444755852,0.08160580487503118,0.0168128078105867,Green
1946,0,0.0012841127580031752,0.039691395175546866,0.00896556924151191,Green
1947,0,0.0005561755388043821,0.07887265238503945,0.01621947090805139,Green
1948,0,0.00833551688119769,0.35503636920639736,0.07767568734623762,Green
1949,0,9.624442900530995e-05,0.05813035875302024,0.011703067293808295,Green
1950,0,0.005651628784835339,0.060757285840671436,0.016672760196002556,Green
1951,0,0.0003723376954440027,0.08402115058815836,0.01710210027398687,Green
1952,0,0.0024673234205693007,0.13762146983212034,0.0294981527028795,Green
1953,0,8.163619277183897e-05,0.10249960254376839,0.020565229462971145,Green
1954,0,0.007056907773949206,0.03885919068164935,0.013417364355489233,Green
1955,0,0.0005447272327728569,0.11474684158597688,0.023385150103413656,Green
1956,0,0.0006779950810596347,0.08666231577101727,0.017874859219051156,Green
1957,0,0.0002522001595934853,0.2527613748864576,0.0507540351049663,Green
1958,0,0.00062081249197945,0.2632542664470006,0.05314750328298367,Green
1959,0,0.0008695877506397665,0.03964661219366452,0.008624992639244714,Green
1960,0,0.002232752775307745,0.03536654730914565,0.008859511682075324,Green
1961,0,0.0001834139839047566,0.03263190211732236,0.006673111610588275,Green
1962,0,0.008652239106595516,0.050743620387909305,0.017070515362858273,Green
1963,0,0.0002922999847214669,0.08341585474466748,0.016917010936710664,Green
1964,0,0.00011334579612594098,0.09175095161543712,0.018440866959988172,Green
1965,0,0.0021025046007707715,0.11466663211232801,0.024615330103082214,Green
1966,0,0.001446483377367258,0.08628591912800249,0.0184143705274943,Green
1967,0,0.0005505783949047327,0.10153586418779167,0.020747635553482115,Green
1968,0,0.0010732315946370362,0.06156949281698645,0.013172483839106916,Green
1969,0,9.755431892699563e-05,0.08530202023838934,0.017138447502819464,Green
1970,0,0.00015825614682398736,0.10508878085400829,0.021144361088260843,Green
1971,0,0.00022436270955950022,0.0588257083020122,0.011944631828050037,Green
1972,0,0.0008183109224773943,0.05577760863728392,0.011810170465438698,Green
1973,0,0.0002465580677380785,0.1065727611186332,0.021511798677917096,Green
1974,0,0.00010044552036561073,0.036834603134749025,0.007447277043242292,Green
1975,0,5.051258704042993e-05,0.0792672087709007,0.015893851823812477,Green
1976,0,0.00027945531182922424,0.07531652025295311,0.015286868300054,Green
1977,0,0.00041569769964553414,0.16202072786891697,0.03273670373349981,Green
1978,0,0.0006746903294697404,0.05855272021364463,0.012250296306304717,Green
1979,0,0.0009382062824442982,0.051273430223442946,0.011005251070644026,Green
1980,0,0.00031982733053155244,0.06777130228226001,0.013810122320877243,Green
1981,0,0.00041466765105724335,0.1787200992806464,0.03607575397697506,Green
1982,0,0.00015605786757078022,0.19020662854698586,0.03816617200345379,Green
1983,0,0.00282775464002043,0.2648775632113275,0.05523771635428183,Green
1984,0,0.00023189623607322574,0.060131436527082686,0.012211804294275114,Green
1985,0,0.00014983285072958096,0.0569863863872077,0.011517143558025203,Green
1986,0,0.0006724339968059212,0.13603766256585373,0.027745479710615476,Green
1987,0,0.0005089428392238915,0.08015306428005826,0.016437767127390764,Green
1988,0,2.677084194147028e-05,0.05599357835189069,0.011220132343931313,Green
1989,0,0.0010037431260570885,0.10695559095769844,0.022194112692385356,Green
1990,0,0.0002895788522437215,0.09359193107055118,0.01895004929590521,Green
1991,0,0.00029246543999761343,0.1447027681016834,0.02917452597233476,Green
1992,0,6.730983732268214e-05,0.1803943121280272,0.036132710295463576,Green
1993,0,0.00011050787288695574,0.07386583632112143,0.014861573562533845,Green
1994,0,0.00391389885917306,0.09409871485669308,0.021950862058677058,Green
1995,0,7.554452095064335e-05,0.21482975219209557,0.04302638605517962,Green
1996,0,0.010821251943707465,0.04741797000027044,0.01814059555502006,Green
1997,0,0.0004872455494478344,0.11759858769999225,0.02390951397955671,Green
1998,0,0.00029106176225468516,0.08709384340368571,0.017651618090540885,Green
1999,0,0.00046942346380092205,0.13675965935131865,0.027727470641304458,Green
2000,0,5.912415799684823e-05,0.07283786144868394,0.014614871616134265,Green
2001,0,0.0068529430776834484,0.09695214803475066,0.02487278406909689,Green
2002,0,0.000513711356325075,0.07963197689003225,0.016337364463066505,Green
2003,0,0.000568748137447983,0.15643137102391383,0.03174127271474114,Green
2004,0,0.004094585869461298,0.11975570773615052,0.027226810242799136,Green
2005,0,0.00012260711810085922,0.11561348382158444,0.023220782458797568,Green
2006,0,0.0018767917761579155,0.06576044379817475,0.01465352218056128,Green
2007,0,0.0013112378772348165,0.16367449863757944,0.03378389002930373,Green
2008,0,0.0004331548057962209,0.06401234304874068,0.01314899245438511,Green
2009,0,0.0011901739053428173,0.1365070705277737,0.028253553229828986,Green
2010,0,0.00035332947736606003,0.13115965528185466,0.026514594638263778,Green
2011,0,0.00025208096049027516,0.2677991982048937,0.05376150440937094,Green
2012,0,0.0005851612077094615,0.08929432469067555,0.018326993904302674,Green
2013,0,9.40466285101138e-05,0.04223099048349486,0.008521435399507062,Green
2014,0,0.049051683396101,0.1961546311704808,0.07847227295097695,Green
2015,0,0.002379845129325986,0.028896206426233927,0.007683117388707574,Green
2016,0,0.005003070551902055,0.10702689297429728,0.025407835036381096,Green
2017,0,0.0005326013953890652,0.10845750796511636,0.02211758270933452,Green
2018,0,0.00042217549635097383,0.0836987589354437,0.017077492184169516,Green
2019,0,0.015427986159920692,0.05141586983829623,0.022625562895595797,Green
2020,0,0.0014364576432853936,0.04100840025733992,0.009350846166096298,Green
2021,0,0.0057992113288491964,0.14873788374306335,0.03438694581169202,Green
2022,0,0.00015583494387101383,0.04728192140877311,0.00958105223685143,Green
2023,0,0.0019889450166374447,0.03632378206977123,0.0088559124272642,Green
2024,0,0.0003355966357048601,0.10552566258212427,0.02137360982498874,Green
2025,0,0.052787794359028334,0.1289469527741766,0.06801962604205798,Green
2026,0,0.00012705829285550863,0.052805492440487434,0.01066274512238189,Green
2027,0,0.00015619849145878109,0.14098568836380984,0.028322096465928988,Green
2028,0,0.0004947216133587063,0.01557149617982996,0.0035100765266529565,Green
2029,0,0.00899040363729,0.08162329402482836,0.02351698171479767,Green
2030,0,0.0004598231404088438,0.0950820300454734,0.01938426452142175,Green
2031,0,0.0002661744598299265,0.03660076743421689,0.007533093054707318,Green
2032,0,0.022420962527394298,0.2730453867668896,0.07254584737529335,Green
2033,0,0.00017992238863371313,0.16099332487867865,0.032342602886642695,Green
2034,0,0.0009058105759322643,0.07448439497614502,0.015621527455974811,Green
2035,0,0.0016009566839784383,0.09024437779489825,0.019329640906162397,Green
2036,0,0.021373741328716278,0.06549275506063475,0.030197544075099968,Green
2037,0,0.0005319654068443924,0.06441786759531609,0.013309145844538729,Green
2038,0,0.001949453051201999,0.04440364616067373,0.010440291673096343,Green
2039,0,0.00018444055167492478,0.0736921900569139,0.014885990452722715,Green
2040,0,0.000375583436107263,0.03815369561296426,0.00793120587147866,Green
2041,0,0.006075325142592191,0.07656544469521055,0.02017334905311586,Green
2042,0,0.016079414635896683,0.12552296362630314,0.03796812443397797,Green
2043,0,0.03440241552889347,0.06432828546776094,0.04038758951666696,Green
2044,0,0.1883794531226158,0.07248283708698505,0.16520012991548966,Green
2045,0,0.004507257416844368,0.13040440470103035,0.029686686873681558,Green
2046,0,0.16399896144866943,0.11048442641103957,0.15329605444114347,Green
2047,0,0.0002744948724284768,0.10335511285630705,0.02089061846920419,Green
2048,0,0.0009010528912767768,0.04398918317480257,0.009518678947981932,Green
2049,0,0.0005004432983696461,0.051945047047074686,0.010789364048110652,Green
2050,0,0.00467791692353785,0.07759040202601732,0.01926041394403374,Green
2051,0,0.039666906557977194,0.24459466887397235,0.08065245902117621,Green
2052,0,0.0013707509264349938,0.03553679948348392,0.008203960637844777,Green
2053,0,0.0025069280760362743,0.09117962548263593,0.020241467557356202,Green
2054,0,0.026422035507857797,0.11263432455964714,0.04366449331821566,Green
2055,0,0.004274662956595421,0.03875338541123602,0.01117040744752354,Green
2056,0,0.0006740597542375326,0.026556536647404417,0.005850555132870908,Green
2057,0,0.00021969343506498263,0.10800337158138329,0.02177642906432864,Green
2058,0,0.0012540200492367148,0.09427448592336571,0.01985811322406251,Green
2059,0,0.00026106478762812915,0.10644618932409566,0.021498089694921632,Green
2060,0,0.0005359151895390823,0.05351276677973314,0.011131285507577892,Green
2061,0,0.028885002434253692,0.21416739331247864,0.06594148060989867,Green
2062,0,0.00048580060247331857,0.07171515349978962,0.014731671181936575,Green
2063,0,0.002577486331574619,0.03825006158064099,0.009712001381387891,Green
2064,0,8.016780120669864e-05,0.18937124303069153,0.03793838284710366,Green
2065,0,0.0005851878784596921,0.08315223870852947,0.017098598044473643,Green
2066,0,0.00029452035669237376,0.1373731574642163,0.027710247778197153,Green
2067,0,0.1419266015291214,0.044344321894677255,0.12241014560223257,Green
2068,0,0.0051442767493426805,0.11216519359018012,0.026548460117510164,Green
2069,0,8.553193620173261e-05,0.05018755260819881,0.010105936070601144,Green
2070,0,0.00010406607325421646,0.02357310400453592,0.004797873659510557,Green
2071,0,0.34280887246131897,0.06247020856795234,0.28674113968264564,Green
2072,0,0.00031318518449552357,0.1414982229355255,0.02855019273470151,Green
2073,0,0.004769479250535369,0.10170592175550885,0.024156767751530063,Green
2074,0,0.17442618906497956,0.0979117551299233,0.1591233022779683,Green
2075,0,0.0003817979886662215,0.05920290291252081,0.012146018973437136,Green
2076,0,0.000146813498577103,0.03335043572591774,0.006787537944045229,Green
2077,0,0.002048620441928506,0.1001158048368904,0.021662057320920882,Green
2078,0,0.00010242534772260114,0.11668169666884809,0.023418279611947694,Green
2079,0,0.0011412176303565503,0.10593003252926357,0.02209898061013795,Green
2080,0,0.00023484323173761368,0.07109480366668598,0.014406835318727286,Green
2081,0,0.0002449935942422599,0.13961565077288193,0.028119125029970188,Green
2082,0,0.0008815960725769401,0.07316359941162912,0.015337996740387373,Green
2083,0,0.0004297281382605433,0.03814276614253356,0.007972335739115145,Green
2084,0,0.0007815645192749798,0.14103112268729984,0.028831476152879943,Green
2085,0,0.008188728429377078,0.08223912459108018,0.022998807661717698,Green
2086,0,0.0004778152448125184,0.07417146649886643,0.015216545495623297,Green
2087,0,0.00027405694709159434,0.06160247259311244,0.01253974007629576,Green
2088,0,0.002166684088297188,0.08395976527834322,0.01852530032630639,Green
2089,0,0.0002948452311102301,0.1411268129186793,0.028461238768624036,Green
2090,0,0.0005066002137027681,0.16808473275989835,0.03402222672294188,Green
2091,0,0.0007212548749521375,0.03985530388460841,0.00854806467688339,Green
2092,0,0.00033191665424965323,0.03311753819815834,0.006889040963031389,Green
2093,0,0.00018224221421405675,0.0608594327122014,0.012317680313811521,Green
2094,0,0.00029073384939692914,0.12394758928462103,0.025022104936441747,Green
2095,0,0.00017091764602810143,0.12939631463845322,0.02601599704451312,Green
2096,0,0.0005135870655067266,0.10261851138454149,0.020934571929313674,Green
2097,0,0.0018761121667921542,0.09138171407838074,0.019777232549109867,Green
2098,0,0.0006976513075642287,0.12136936826864553,0.024831994699780483,Green
2099,0,0.021145399659872055,0.10783248804500195,0.038482817336898026,Green
2100,0,0.001938553899526596,0.12154098834414284,0.02585904078844984,Green
2101,0,0.0020654573338106273,0.06841864581286261,0.01533609502962102,Green
2102,0,0.0011083018966019154,0.07376720088840083,0.015640081694961696,Green
2103,0,0.002386720268987119,0.05022895177555685,0.011955166570301063,Green
2104,0,0.01101505383849144,0.12921282742250412,0.034654608555293974,Green
2105,0,5.1167519995942715e-05,0.058498754199002516,0.011740684855797254,Green
2106,0,0.00033561605378054085,0.1201179919921821,0.024292091241460846,Green
2107,0,0.00027657324098981915,0.13956531039847925,0.0281343206724877,Green
2108,0,0.10241254195570947,0.09735218166673984,0.10140046989791554,Green
2109,0,0.006182639114558697,0.07629045852008767,0.02020420299566449,Green
2110,0,0.0004458073643036186,0.05111360723460552,0.010579367338363996,Green
2111,0,0.00022455137805081903,0.12489158554106364,0.025157958210653378,Green
2112,0,0.05355305001139641,0.09014659833993692,0.06087175967710451,Green
2113,0,0.006495421659201383,0.10345480800181027,0.025887298927723155,Green
2114,0,9.138941386481747e-05,0.06704075522608711,0.013481262576309274,Green
2115,0,0.024957951530814173,0.14556981834938043,0.04908032489452742,Green
2116,0,0.14631863832473754,0.10691429339940298,0.13843776933967064,Green
2117,0,0.003450476657599211,0.05374205068185039,0.013508791462449444,Green
2118,0,0.004279562178999185,0.093113827972031,0.02204641533760554,Green
2119,0,0.0012769775930792093,0.08686016021614978,0.01839361411769332,Green
2120,0,0.02439612355083227,0.10439657245372584,0.04039621333141098,Green
2121,0,0.0013244399102404713,0.07885145038928167,0.016829842006048704,Green
2122,0,0.001142011460615322,0.15750484836678436,0.032414578841849125,Green
2123,0,0.0008999170735478401,0.11243799791849375,0.023207533242537017,Green
2124,0,0.0004156444396357983,0.11519539613404207,0.02337159477851705,Green
2125,0,0.00016756588593125343,0.17193796081445603,0.0345216448716362,Green
2126,0,0.00038969452143646773,0.10801063376126789,0.02191388236940275,Green
2127,0,0.00023227130150189624,0.09292674057319907,0.018771165155841325,Green
2128,0,0.02125437594950199,0.05315723074373898,0.027634946908349382,Green
2129,0,0.0005309344036504626,0.06346702614778585,0.013118152752477536,Green
2130,0,0.0010417512385174632,0.11423452597439836,0.023680306185693636,Green
2131,0,0.000886905926745385,0.1556266022173481,0.031834845184865915,Green
2132,0,7.496978214476258e-05,0.0787425559567947,0.015808487017074747,Green
2133,0,0.0008451643399894238,0.1094313986011028,0.022562411192212094,Green
2134,0,0.0001204648389830254,0.10146952205625091,0.020390276282436597,Green
2135,0,8.472082045045682e-05,0.09346378549614807,0.018760533755589975,Green
2136,0,0.0024141417350620033,0.043533183541284076,0.010637950096306416,Green
2137,0,0.00012708793947240337,0.26961140035857273,0.05402395042329246,Green
2138,0,0.00887182867154479,0.17524266937224076,0.042145996811683975,Green
2139,0,0.001196463033556938,0.11806133749199771,0.02456943792524509,Green
2140,0,0.018670299649238584,0.18266289066823727,0.051468817853038314,Green
2141,0,0.00019652424525702373,0.09478631720531037,0.01911448283726769,Green
2142,0,0.00012409078190103173,0.10004081530911244,0.02010743568734331,Green
2143,0,0.0017304534092545509,0.047584214764051724,0.010901205680213983,Green
2144,0,0.00018263100064359606,0.09637919389436239,0.01942194357938735,Green
2145,0,0.000425846572034061,0.09172350878233207,0.01868537901409366,Green
2146,0,0.00019195760833099482,0.10704145357094243,0.021561856800853273,Green
2147,0,0.001050699211191386,0.13720595820231368,0.02828175100941584,Green
2148,0,0.0023182510165497662,0.03755447657011462,0.009365496127262736,Green
2149,0,0.0002664998755790293,0.18573948221151546,0.037361096342766305,Green
2150,0,0.0003267808584496379,0.05342191598757401,0.01094580788427451,Green
2151,0,0.0008984585001599044,0.10898008550738732,0.022514783901605384,Green
2152,0,0.0001728828327031806,0.1021340650962409,0.02056511928541072,Green
2153,0,0.008124433830380438,0.1434155568872813,0.035182658441760606,Green
2154,0,0.00016676686936989427,0.20113623602917977,0.04036066070133186,Green
2155,0,0.0004968424094840884,0.07958774337743797,0.01631502260307486,Green
2156,0,0.0001721451641060412,0.07085108881790012,0.014307933894864852,Green
2157,0,0.00034951261477544904,0.0686750402815787,0.014014618148136097,Green
2158,0,0.0006709271110594273,0.05165465127270724,0.010867671943388987,Green
2159,0,0.00016290441271848977,0.12092703847252659,0.024315731224680105,Green
2160,0,0.0010903625283390284,0.07040727854043288,0.014953745730757795,Green
2161,0,9.114709755522198e-05,0.17497855242484447,0.03506862816301306,Green
2162,0,0.008353709056973458,0.09683848744564331,0.026050664734707425,Green
2163,0,0.0013361125485971568,0.08738365465154167,0.018545620969186057,Green
2164,0,0.0005152362398803234,0.22283305100711256,0.044978799193326764,Green
2165,0,0.0005709519726224243,0.1883882944522895,0.03813442046855583,Green
2166,0,0.00014141896390356122,0.24233501946923028,0.0485801390649689,Green
2167,0,0.00036066913162358105,0.059769501350158426,0.012242435575330548,Green
2168,0,0.0016090291785076259,0.08185047877872194,0.017657319098550485,Green
2169,0,0.0007555409800261259,0.15881841932509755,0.0323681166490404,Green
2170,0,0.0003200872277375311,0.16427194315322607,0.033110458412835234,Green
2171,0,0.0017697261122521012,0.1285557877494699,0.027126938439695658,Green
2172,0,0.00294754586648196,0.052614705841171734,0.012880977861419913,Green
2173,0,0.0023485599551349877,0.04442314655826272,0.010763477275760533,Green
2174,0,0.0003002357087098062,0.0963850362187456,0.019517195810716963,Green
2175,0,0.0014586686855182051,0.12765324867057576,0.02669758468252971,Green
2176,0,0.0010257953195832669,0.09483849578556405,0.01978833541277942,Green
2177,0,0.00691622793674469,0.1507797650475067,0.035688935358897084,Green
2178,0,0.0033423855435103177,0.16175909579673511,0.03502572759415527,Green
2179,0,0.00022768388444092123,0.046842315553424885,0.009550610218237712,Green
2180,0,9.562499326420948e-05,0.16283286170824232,0.03264307233625982,Green
2181,0,0.00033371142926625903,0.0192666738778814,0.004120303918989286,Green
2182,0,0.2664230167865753,0.10932493594237612,0.23500340061773548,Green
2183,0,0.019086917489767073,0.08828092112322224,0.0329257182164581,Green
2184,0,0.034263896942138675,0.058873357812587665,0.03918578911622847,Green
2185,0,0.005848725140094757,0.059362068207581255,0.016551393753592054,Green
2186,0,0.002381016267463565,0.08642537795966193,0.019189888605903233,Green
2187,0,0.0028122947085648777,0.10659238063740198,0.023568311894332294,Green
2188,0,0.00013608242734335362,0.3630233934663558,0.07271354463514583,Green
2189,0,0.00041242416482418777,0.13221313100670487,0.02677256553320032,Green
2190,0,0.007344723399728536,0.10118819265107287,0.026113417249997398,Green
2191,0,0.0008768680039793253,0.12729310530574178,0.02616011546433181,Green
2192,0,0.00020127090392634271,0.11278738353959528,0.022718493431060124,Green
2193,0,0.0012402323540300132,0.18773823545276358,0.038539832973776715,Green
2194,0,0.000284940394340083,0.1672873720542176,0.03368542672631558,Green
2195,0,0.01684415861964226,0.05923836606534197,0.025323000108782197,Green
2196,0,0.0064925957005471,0.029131911942216843,0.011020458948881047,Green
2197,0,0.008589891251176596,0.07589664577555436,0.022051242156052142,Green
2198,0,0.003269545082002878,0.2112163483082414,0.04485890572725057,Green
2199,0,0.0002281974477227777,0.1786890767451593,0.035920373307210075,Green
2200,0,0.0002288751013111323,0.0769605241278714,0.015575204906623182,Green
2201,0,0.0005142824433278293,0.03471845837246432,0.007355117629155125,Green
2202,0,0.014642716571688653,0.05352265181879598,0.022418703621110116,Green
2203,0,0.12938255667686463,0.06887103143934398,0.11728025162936051,Green
2204,0,0.00012698661303147673,0.05170030316846538,0.010441649924118255,Green
2205,0,0.00039203527849167584,0.08765154815230415,0.017843937853254166,Green
2206,0,0.0018532372079789637,0.07815582611346766,0.0171137549890767,Green
2207,0,0.0005069549311883748,0.09417445298683923,0.01924045454231854,Green
2208,0,0.0004988249391317367,0.08228701960219069,0.016856463871743523,Green
2209,0,0.0002786665747407824,0.17143048659228657,0.03450903057824994,Green
2210,0,0.0009158598026260733,0.16920229183945962,0.03457314620999277,Green
2211,0,0.6595119833946228,0.033943672493660884,0.5343983212144304,Amber
2212,0,0.0008209559135138988,0.04321877313485211,0.009300519357781539,Green
2213,0,0.0001116356099373661,0.13634296750662742,0.02735790198927537,Green
2214,0,0.11064657419919967,0.10517387841105705,0.10955203504157114,Green
2215,0,0.003613873152062297,0.1276976070533281,0.02843061993231545,Green
2216,0,0.0037339905742555858,0.10584069916247645,0.024155332291899752,Green
2217,0,0.00011460722744232044,0.07475976770227367,0.015043639322408589,Green
2218,0,0.0001853069319622591,0.11079379930776144,0.02230700540712209,Green
2219,0,0.00010194822461926379,0.08210342168147874,0.016502242915991158,Green
2220,0,0.0006982385762967168,0.0498003360909108,0.01051865807921953,Green
2221,0,0.0020872968481853603,0.08174429952275476,0.018018697383099237,Green
2222,0,0.0014376630308106542,0.08082114304350561,0.017314359033349644,Green
2223,0,0.023766785487532617,0.05691874439888493,0.03039717726980308,Green
2224,0,0.0005216001532971859,0.12074875867692998,0.024567031858023742,Green
2225,0,0.0008352999109774828,0.031487992274193,0.006965838383620585,Green
2226,0,0.0012472877977415919,0.08736191337939135,0.018470212914071537,Green
2227,0,0.00163132781162858,0.04229104241673753,0.009763270732650368,Green
2228,0,0.023434171825647353,0.04101442224416786,0.02695022190935145,Green
2229,0,0.001053225522628054,0.11627518393500952,0.02409761720510434,Green
2230,0,0.0005815424665343016,0.11894267919772315,0.024253769812772066,Green
2231,0,0.00042104098247364163,0.11087541016501994,0.022511914818982896,Green
2232,0,0.003495287988334894,0.1006134440611759,0.02291891920290309,Green
2233,0,0.00021296574559528383,0.10734647050994663,0.021639666698465548,Green
2234,0,0.012133977934718132,0.05969756231576514,0.02164669481092753,Green
2235,0,0.0015621409751474858,0.0441279770887564,0.010075308197869266,Green
2236,0,0.003019084595143795,0.0822755539136687,0.01887037845884877,Green
2237,0,0.0001169291455880739,0.09902198476669045,0.019897940269808546,Green
2238,0,0.0003282092249719426,0.08047936696815661,0.016358440773608873,Green
2239,0,0.044057796522974965,0.06063097452224523,0.04737243212282902,Green
2240,0,0.001631280651781708,0.03913062902354774,0.009131150326134914,Green
2241,0,0.1463429033756256,0.0677180076320333,0.13061792422690716,Green
2242,0,0.03137135282158852,0.08170918316158472,0.041438918889587756,Green
2243,0,0.00026697607827372847,0.17600864905924474,0.03541531067446792,Green
2244,0,0.0003571192035451531,0.061328874438412284,0.012551470250518577,Green
2245,0,0.005626299511641264,0.048935020101707596,0.014288043629654527,Green
2246,0,0.0012550497660413385,0.1520768802764697,0.03141941586812701,Green
2247,0,0.00023008822754491123,0.1758227403902468,0.03534861866008528,Green
2248,0,0.018430063035339114,0.12551660643260945,0.039847371714793176,Green
2249,0,5.4223262850428e-05,0.19275134775552621,0.03859364816138558,Green
2250,0,0.00030104815377853813,0.10737284983460875,0.021715408489944577,Green
2251,0,0.0003652139217592776,0.07508006298963266,0.01530818373533395,Green
2252,0,0.00011831593219540084,0.16061322616087967,0.03221729797793225,Green
2253,0,0.058703381568193436,0.08830016164710318,0.06462273758397538,Green
2254,0,0.030082687735557556,0.0770907567314523,0.039484301534736505,Green
2255,0,8.123789666569792e-05,0.13849052049748195,0.02776309441682894,Green
2256,0,0.00024106701603159307,0.07562384044050487,0.015317621700926244,Green
2257,0,0.00010745182225946337,0.12775203284249156,0.02563636802630588,Green
2258,0,0.0027117825578898192,0.0503611192570031,0.012241649897712474,Green
2259,0,0.0009700578404590488,0.16830664372784038,0.03443737501793531,Green
2260,0,0.00895649529993534,0.06675556152884668,0.020516308545717607,Green
2261,0,0.007411668263375759,0.22856646051875307,0.05164262671445121,Green
2262,0,0.0005539245787076652,0.12663982642033295,0.025771104947032716,Green
2263,0,0.008345067873597145,0.07025539039369616,0.020727132377616947,Green
2264,0,0.006196524109691381,0.03657663898426033,0.012272547084605168,Green
2265,0,0.0008715810719877482,0.06493640758992617,0.013684546375575429,Green
2266,0,0.0005737560277339071,0.056352994198657254,0.011729603661918575,Green
2267,0,0.0001986996183404699,0.046616029791336944,0.009482165652939762,Green
2268,0,0.1555088609457016,0.032765092568009954,0.13096010727016327,Green
2269,0,0.0022084577241912482,0.09567275570708679,0.02090131732077035,Green
2270,0,0.0010647569084540009,0.0786147538593809,0.016574756298639377,Green
2271,0,0.0044999678619205945,0.09657213798453794,0.02291440188644406,Green
2272,0,0.0342167891561985,0.24686417547767275,0.07674626642049334,Green
2273,0,0.045229152962565425,0.054792843109581664,0.04714189099196867,Green
2274,0,0.00034782271832227706,0.18564744581977,0.03740774733861181,Green
2275,0,0.014191801846027374,0.041755388994073744,0.01970451927563665,Green
2276,0,0.016677685640752317,0.2372117124652538,0.060784491005652606,Green
2277,0,0.0007907339371740818,0.24595459732260672,0.0498235066142606,Green
2278,0,0.00035208917688578367,0.0833139705125147,0.016944465444011562,Green
2279,0,0.0029084459878504277,0.12484587044132724,0.02729593087854578,Green
2280,0,0.0008871671161614358,0.20607147552972346,0.04192402879887383,Green
2281,0,0.0001708936906652525,0.1993527299655473,0.04000726094564165,Green
2282,0,0.01671214811503887,0.031537094170536864,0.019677137326138468,Green
2283,0,0.007140293484553695,0.18331499507201152,0.04237523380204525,Green
2284,0,0.003096264926716685,0.09325241575833068,0.021127495093039482,Green
2285,0,0.44497815668582913,0.05187150173232175,0.3663568256951277,Amber
2286,0,0.0013329402776435018,0.07340277726248531,0.01574690767461186,Green
2287,0,0.00042790679726749663,0.07933366049750074,0.01620905753731414,Green
2288,0,0.0002586827846243978,0.1283486990580695,0.025876686039313413,Green
2289,0,0.0005642563919536769,0.08706195730624239,0.017863796574811415,Green
2290,0,0.007300103036686778,0.0779472689748031,0.02142953622431004,Green
2291,0,0.00011097957176389172,0.10535206128209323,0.021159195913829757,Green
2292,0,0.0002551036304794252,0.09510517364110868,0.019225117632605274,Green
2293,0,0.00033257934846915306,0.13589472553549248,0.02744500858587381,Green
2294,0,0.0006516046065371484,0.1401559102915588,0.02855246574354147,Green
2295,0,0.0056985472328960896,0.15343849958360908,0.03524653770303868,Green
2296,0,0.015380886010825634,0.0498259715802136,0.022269903124703228,Green
2297,0,0.0005846162792295217,0.13926424639674864,0.02832054230273334,Green
2298,0,0.0011881826911121609,0.12865232792109646,0.026681011737109014,Green
2299,0,0.005007955059409141,0.07728135873419147,0.019462635794365604,Green
2300,0,0.004494731314480305,0.19036441301606966,0.04166866765479817,Green
2301,0,0.0004280440625734627,0.15184876411749096,0.030712188073556957,Green
2302,0,4.382746774354018e-05,0.18733779529887534,0.03750262103396989,Green
2303,0,0.0015806708252057433,0.09290937673094113,0.019846412006352815,Green
2304,0,0.002091151266358793,0.009104539045808158,0.003493828822248666,Green
2305,0,0.0032622087746858597,0.10534681016184079,0.023679129052116842,Green
2306,0,0.0018733269069343807,0.12521637769722552,0.0265419370649926,Green
2307,0,0.0052102128043770785,0.08016699384693368,0.020201569012888394,Green
2308,0,0.0072413085028529165,0.1630162195517334,0.038396290712629004,Green
2309,0,0.003585157124325633,0.09203676897787358,0.021275479495035218,Green
2310,0,0.007228044932708144,0.11751184751455569,0.029284805449077647,Green
2311,0,0.0005643766024149954,0.12971799880732357,0.026395101043396704,Green
2312,0,0.0018368124729022384,0.0779516627894621,0.017059782536214207,Green
2313,0,0.044890225678682324,0.09242752294098366,0.05439768513114259,Green
2314,0,0.014274528622627259,0.046659980622318735,0.020751619022565553,Green
2315,0,0.003379809018224478,0.13598997770026375,0.029901842754632327,Green
2316,0,0.0006987107917666435,0.16904245790398728,0.03436746021421076,Green
2317,0,0.0003327600425109267,0.10068228298991358,0.020402664631991453,Green
2318,0,0.0012814466375857592,0.04073782753249324,0.009172722816567253,Green
2319,0,0.008143085800111294,0.15122843490915028,0.03676015562191909,Green
2320,0,0.01659593190997839,0.08917121590721526,0.03111098870942576,Green
2321,0,0.0007292015710845589,0.19752223695414212,0.040087808647696066,Green
2322,0,0.004177620634436607,0.1091245495640664,0.025167006420362563,Green
2323,0,0.0002610326337162405,0.11226459095607501,0.02266174429818799,Green
2324,0,0.0009052737383171915,0.04380563218003959,0.00948534542666167,Green
2325,0,0.00888424851000309,0.16229502377488272,0.03956640356297901,Green
2326,0,0.0005450292723253369,0.04496301250983604,0.009428625919827476,Green
2327,0,0.00018075062544085086,0.06056438044568365,0.012257476589489408,Green
2328,0,0.17893844246864318,0.08240622709766554,0.15963199939444767,Green
2329,0,0.0007790627190843225,0.2038876734530798,0.04140078486588341,Green
2330,0,0.001102887443266809,0.030600026893041463,0.007002315333221739,Green
2331,0,0.020312825962901113,0.1136339696767319,0.038977054705667265,Green
2332,0,0.006143455253913999,0.09872341055545827,0.02465944631422285,Green
2333,0,0.000290553632657975,0.05891382575813566,0.01201520805775351,Green
2334,0,0.1829151213169098,0.054760837767110035,0.15728426460694986,Green
2335,0,0.0005708365119062364,0.05757559137688078,0.011971787484901143,Green
2336,0,5.0948460557265204e-05,0.15463924064213322,0.03096860689687245,Green
2337,0,0.001964438473805785,0.04901688990273357,0.01137492875959134,Green
2338,0,0.0015944537241011857,0.065614187459874,0.014398400471255747,Green
2339,0,0.0011733357212506234,0.06153082388586603,0.013244833354173702,Green
2340,0,0.0005804259679280221,0.054825402186650656,0.011429421211672546,Green
2341,0,0.0002448514715069905,0.16282764836179567,0.03276141084956472,Green
2342,0,9.870194917311892e-05,0.12325529365555841,0.024730020290450173,Green
2343,0,0.034231305867433545,0.031825232510551554,0.033750091196057146,Green
2344,0,0.018779076263308526,0.05284804930091141,0.0255928708708291,Green
2345,0,0.0012859813636168838,0.17774051974556623,0.03657688904000674,Green
2346,0,0.007091075833886862,0.0587987139968279,0.01743260346647507,Green
2347,0,0.0010035914601758122,0.15128496357049134,0.031059865882238913,Green
2348,0,0.0005529975751414895,0.04206154152898059,0.008854706365909308,Green
2349,0,0.03017402179539204,0.09262557550221842,0.04266433253675731,Green
2350,0,0.008810493163764477,0.10786502978101321,0.02862140048721422,Green
2351,0,0.008354200236499309,0.11468779700416963,0.02962091959003337,Green
2352,0,0.5272165656089782,0.1281835334825221,0.44740995918368703,Amber
2353,0,0.0027744628954678775,0.2112804470334253,0.04447565972305935,Green
2354,0,0.01607083873823285,0.2766537507578885,0.06818742114216397,Green
2355,0,0.0001721002336125821,0.06824360477957946,0.013786401142805953,Green
2356,0,0.0013665040489286185,0.07292382015173875,0.015677967269490643,Green
2357,0,0.0007741663139313459,0.041953134493666014,0.009009959949878278,Green
2358,0,0.0010188435902819038,0.04437209672238557,0.009689494216702635,Green
2359,0,0.0004562044341582805,0.09701113490462854,0.019767190528252328,Green
2360,0,0.00016973804449662566,0.16322757072535207,0.032781304580667706,Green
2361,0,0.009319749660789967,0.040614642822439276,0.015578728293119827,Green
2362,0,8.448753724223934e-05,0.14634820603119608,0.029337231236033,Green
2363,0,0.04821878373622895,0.0982493759186622,0.058224902172715594,Green
2364,0,0.010701103881001473,0.056368113173766714,0.019834505739554517,Green
2365,0,0.011726346611976624,0.07806618230872983,0.02499431375132726,Green
2366,0,0.028495643474161624,0.06462403667038621,0.03572132211340654,Green
2367,0,0.0003992377605754882,0.15181779748897967,0.03068294970625632,Green
2368,0,0.0004007202282082289,0.1810721504343264,0.036535006269431854,Green
2369,0,0.025416900962591173,0.02422721840662919,0.025178964451398778,Green
2370,0,0.00033331791055388746,0.12019889321964232,0.024306432972371568,Green
2371,0,0.004512390308082103,0.06671635826586983,0.016953183899639644,Green
2372,0,0.0003460493113379925,0.09501482760542686,0.01927980497015576,Green
2373,0,0.0005924049182794988,0.08558845256761974,0.017591614448147542,Green
2374,0,0.0010923129622824488,0.04498514762250672,0.0098708798943273,Green
2375,0,0.0004020426655188203,0.05116785830833328,0.01055520579408171,Green
2376,0,9.035222101374529e-05,0.11183129498665005,0.022438540774141005,Green
2377,0,0.009829188510775567,0.0510438576361828,0.018072122335857012,Green
2378,0,0.023561730608344076,0.06059947079564959,0.030969278645805176,Green
2379,0,0.00015251676377374678,0.10316879394223923,0.020755772199466838,Green
2380,0,0.0001873765548225492,0.042339873840984206,0.008617876012054878,Green
2381,0,0.00044757146388292314,0.07817253069631147,0.01599256331036863,Green
2382,0,0.0007333464920520782,0.062111187227973444,0.013008914639236348,Green
2383,0,0.0003325549594592303,0.20402553786460037,0.04107115154048745,Green
2384,0,0.000531707878690213,0.12452616590590496,0.025330599484133156,Green
2385,0,0.14972231984138487,0.08633089568130996,0.1370440350093699,Green
2386,0,0.0005753298290073871,0.06786987192214623,0.014034238247635153,Green
2387,0,0.00024692341685295105,0.05233357819473179,0.010664254372428716,Green
2388,0,5.6224243598990144e-05,0.1179127436230511,0.023627528119489406,Green
2389,0,0.00019733028020709752,0.11825882368767195,0.023809628961700063,Green
2390,0,0.005843363143503665,0.10004189176384437,0.0246830688675718,Green
2391,0,0.0018454812467098235,0.11902919563189535,0.02528222412374692,Green
2392,0,0.0035756187513470653,0.2293174110055179,0.04872397720218122,Green
2393,0,0.0006987296452280133,0.09939007269495609,0.020436998255173623,Green
2394,0,0.000281260721385479,0.10058930866319152,0.020342870309746682,Green
2395,0,0.002081967797130346,0.12402063999616231,0.026469702236936732,Green
2396,0,0.00010142444734810852,0.11460805409208948,0.02300275037629638,Green
2397,0,0.0002095688949339092,0.17492248937051677,0.03515215299005048,Green
2398,0,0.0020935735665261745,0.1038803249788534,0.022450923848991614,Green
2399,0,0.004368436988443136,0.13443888404978255,0.030382526400711013,Green
2400,0,0.0006603230955079197,0.10496643611949626,0.02152154570030558,Green
2401,0,6.511079482152127e-05,0.10955028701701162,0.021962146039259535,Green
2402,0,0.11774754524230957,0.05201987511023321,0.1046020112158943,Green
2403,0,0.0002114859176799655,0.14461688780622553,0.02909256629538907,Green
2404,0,0.0003980024193879217,0.08386965027976277,0.01709233199146289,Green
2405,0,0.0007819593534804881,0.027037432926599176,0.006033054068104224,Green
2406,0,0.06055835485458374,0.05611113111490616,0.059668910106648224,Green
2407,0,0.0008036762592382729,0.05502375414081716,0.011647691835554048,Green
2408,0,0.00026899154181592166,0.10669220356833431,0.021553633947119597,Green
2409,0,0.00010385910281911493,0.17866470269909462,0.03581602782207421,Green
2410,0,0.0014775256160646675,0.06965155606676847,0.015112331706205425,Green
2411,0,0.0033916108310222625,0.08557889247799291,0.019829067160416387,Green
2412,0,0.00023630461655557158,0.08611850666829689,0.01741274502690383,Green
2413,0,0.0002084174542687833,0.1756794750492258,0.035302628973260176,Green
2414,0,0.006980385165661573,0.08300847814309964,0.02218600376114918,Green
2415,0,0.040629121661186214,0.09624809912975538,0.05175291715490005,Green
2416,0,0.004355950141325593,0.04524265540585739,0.01253329119423195,Green
2417,0,0.0011008707340806722,0.11887151878634883,0.0246550003445343,Green
2418,0,0.013880865648388863,0.08279407603131915,0.027663507724974917,Green
2419,0,0.14977690875530242,0.014596612020729363,0.12274084940838781,Green
2420,0,0.006507933605462313,0.041511767501997025,0.013508700384769253,Green
2421,0,0.0017476520733907819,0.06436872225735078,0.01427186611018278,Green
2422,0,7.571940077468752e-05,0.08239088212283892,0.01653875194518753,Green
2423,0,0.05154691338539123,0.05850886566527093,0.05293930384136717,Green
2424,0,0.00044570645550265906,0.16068850591026382,0.032494266346454886,Green
2425,0,0.0018788037705235183,0.06406998763759775,0.014317040543938361,Green
2426,0,0.000551070849178359,0.06259372121909776,0.012959600923162238,Green
2427,0,0.006291238218545914,0.04521964975529869,0.014076920525896468,Green
2428,0,0.0006028671748936176,0.043484667250836544,0.009179227190082202,Green
2429,0,0.005111502390354871,0.07279707459942697,0.018648616832169288,Green
2430,0,0.005344928428530693,0.02640017547112933,0.009555977837050419,Green
2431,0,0.00016373848193325103,0.04402261349298974,0.008935513484144546,Green
2432,0,0.0003129968070425093,0.027932594034300436,0.0058369162524940935,Green
2433,0,0.058503059297800065,0.13008438091296107,0.07281932362083227,Green
2434,0,0.00023413980379700662,0.05132203767969372,0.010451719378976347,Green
2435,0,0.0003941983683034778,0.11185653177245437,0.022686665049133654,Green
2436,0,0.0008048479328863322,0.06691826327992063,0.01402753100229319,Green
2437,0,0.0027485362254083155,0.06165309018276915,0.01452944701688048,Green
2438,0,0.00022122576483525337,0.09219598398097137,0.01861617740806247,Green
2439,0,0.00034582578809931873,0.06033981668632858,0.012344623967745168,Green
2440,0,0.00019214240019209682,0.13877609025809717,0.027908931971773108,Green
2441,0,0.00030483324080705644,0.05540309627982851,0.011324485848611345,Green
2442,0,0.0013003060594201088,0.035995670455425594,0.008239378938621204,Green
2443,0,0.0007264405197929591,0.04638337140349764,0.009857826696533891,Green
2444,0,0.0080703342333436,0.1102176985326261,0.028499807093200095,Green
2445,0,0.00021987441577948628,0.02474391596104446,0.00512468272483248,Green
2446,0,0.0007232755539007485,0.060096912190371096,0.012598002881194816,Green
2447,0,0.00010440253390697762,0.1688798424089794,0.03385949050892146,Green
2448,0,4.445847152965144e-05,0.052979269632983,0.01063142070382032,Green
2449,0,0.000492060708347708,0.19573197492423325,0.03954004355152481,Green
2450,0,0.008870360534638166,0.05956200576975663,0.019008689581661856,Green
2451,0,0.06570367366075516,0.15469127343349642,0.08350119361530342,Green
2452,0,0.0012625470524653794,0.03214914801200793,0.0074398672443738885,Green
2453,0,0.008155462518334388,0.03877228898708694,0.014278827812084897,Green
2454,0,0.000965820753481239,0.12317794995390738,0.025408246593566462,Green
2455,0,0.0003981928923167289,0.10096905239674393,0.020512364793202165,Green
2456,0,0.0024185138288885357,0.08178624095364137,0.0182920592538391,Green
2457,0,9.743904956849292e-05,0.05137097499891142,0.010352146239437076,Green
2458,0,0.00025416638818569486,0.040388530640330954,0.008281039238614745,Green
2459,0,0.001994605455547571,0.038412318323880944,0.009278148029214244,Green
2460,0,0.013351655332371593,0.2559233718607016,0.06186599863803758,Green
2461,0,0.0007135690189898014,0.23378277833641567,0.04732741088247496,Green
2462,0,8.40584674733691e-05,0.11966377956814327,0.024000002687607342,Green
2463,0,0.00279015974374488,0.0868388478661719,0.019599897368230278,Green
2464,0,0.0007913755252957344,0.06710803435882672,0.014054707292001927,Green
2465,0,0.0003867889754474163,0.09207729444825184,0.018724890070008295,Green
2466,0,0.005615892447531223,0.052123668018326554,0.014917447561690288,Green
2467,0,0.000308492814656347,0.05571672685297756,0.011390139622320588,Green
2468,0,0.0015303189400583505,0.10761586724949845,0.022747428601946368,Green
2469,0,0.00019749733619391918,0.24044255516580673,0.04824650890211647,Green
2470,0,0.007132028415799141,0.07605396152093001,0.02091641503682531,Green
2471,0,0.03092429153621197,0.09794873072962115,0.04432917937489381,Green
2472,0,0.00033589244121685625,0.03980087963366972,0.008228889879707426,Green
2473,0,0.00034849138464778664,0.15152160561131325,0.030583114229980873,Green
2474,0,8.099217229755596e-05,0.1389967000691467,0.027864133751667377,Green
2475,0,0.0010750007349997759,0.08152971845802755,0.017165944279605327,Green
2476,0,0.0031983416993170977,0.11762087796297749,0.02608284895204917,Green
2477,0,0.0015157558489590883,0.11206884042484636,0.023626372764136535,Green
2478,0,0.03535068603232503,0.09924541843147676,0.04812963251215537,Green
2479,0,0.00048730731941759586,0.12625589655531896,0.025641025166597865,Green
2480,0,0.012312584929168225,0.14087001706253138,0.03802407135584085,Green
2481,0,0.0003346579236676916,0.047245340824957,0.009716794503925551,Green
2482,0,0.12164126932621001,0.06506098584219326,0.11032521262940667,Green
2483,0,0.004373042657971382,0.0902060618155145,0.02153964648948,Green
2484,0,0.0004634919576346874,0.0937737925198454,0.019125552070076823,Green
2485,0,0.00021923106978647411,0.12288054212669662,0.024751493281168498,Green
2486,0,0.21246870160102843,0.04840092932979788,0.17965514714678232,Green
2487,0,0.00015014294331194833,0.16109554160385087,0.03233922267541972,Green
2488,0,0.2593911737203598,0.02942188224947753,0.21339731542618337,Green
2489,0,0.0058292310219258065,0.09948322688730651,0.024560030195001945,Green
2490,0,0.0002257599728181958,0.14049096240367345,0.028278800458989242,Green
2491,0,0.00030236262246035044,0.04181626029379,0.00860514215672628,Green
2492,0,0.0005149120814166963,0.17924876997679168,0.036261683660491685,Green
2493,0,0.00014401100343093277,0.10863680237678942,0.021842569278102627,Green
2494,0,0.09524168446660042,0.08180562897562478,0.09255447336840529,Green
2495,0,7.523290551034734e-05,0.45757092821447826,0.09157437196730392,Green
2496,0,0.002455478673800826,0.10197291320935437,0.02235896558091153,Green
2497,0,0.0002168679260648787,0.05489486348576635,0.011152467038005171,Green
2498,0,0.0009323641657829285,0.06399628375787177,0.013545148084200693,Green
2499,0,0.0015848258044570684,0.12079894200798573,0.025427649045162794,Green
2500,0,0.0004352247924543917,0.17329376882940922,0.03500693359984535,Green
2501,0,0.0013223785674199462,0.176957922256843,0.03644948730530455,Green
2502,0,0.0010969652328640222,0.09366386621044415,0.019610345428380044,Green
2503,0,0.0001873898261692375,0.13703436803936062,0.027556785468807507,Green
2504,0,0.00046710165333934127,0.07890211189808778,0.016154103702289025,Green
2505,0,0.00015721224481239914,0.07195841793449374,0.014517453382748664,Green
2506,0,0.00010099100691149943,0.13501242620911824,0.02708327804735284,Green
2507,0,0.5480388402938843,0.05149534587550661,0.4487301414102088,Amber
2508,0,0.0005131238955073059,0.05294191159278353,0.010998881434962549,Green
2509,0,0.012472779210656882,0.0671365582632234,0.023405535021170182,Green
2510,0,0.0006936293561011553,0.07291883670835632,0.015138670826552184,Green
2511,0,0.0009913636604323983,0.2419112061933314,0.049175332167012184,Green
2512,0,0.002564613940194249,0.14595068318386584,0.03124182778892856,Green
2513,0,0.0006738650263287127,0.10392372260735297,0.02132383654253356,Green
2514,0,0.0015700913965702055,0.04208904035955646,0.009673881189167455,Green
2515,0,0.0006319701671600342,0.057479555145270686,0.012001487162782163,Green
2516,0,0.00014299141766969115,0.048976181750981757,0.009909629484332104,Green
2517,0,0.006532364524900913,0.041347081919901545,0.013495308003901038,Green
2518,0,0.0009883075137622655,0.09024267396708331,0.01883918080442647,Green
2519,0,0.0008618116495199502,0.11987725106464137,0.024664899532544228,Green
2520,0,0.00044875151943415406,0.19139284283142036,0.03863756978183138,Green
2521,0,0.00017042703257175162,0.2132312013705408,0.042782581900165546,Green
2522,0,0.0009659529256168752,0.04404438066776698,0.009581638474046894,Green
2523,0,0.00041806196095421915,0.04626076320723731,0.009586602210210834,Green
2524,0,0.016172939725220204,0.17900506327934682,0.04873936443604551,Green
2525,0,0.00022629096638411285,0.10696307235841175,0.021573647244789638,Green
2526,0,0.011691471748054027,0.08689041219145557,0.026731259836734335,Green
2527,0,0.000927374220918864,0.12468153794841356,0.0256782069664178,Green
2528,0,0.00021998707961756736,0.1285735976418515,0.02589070919206435,Green
2529,0,0.0005530689202714712,0.09003641938089453,0.01844973901239608,Green
2530,0,0.016841091262176634,0.09698032700005597,0.032868938409752496,Green
2531,0,0.0005123787617776543,0.1735504049308694,0.035119983995595995,Green
2532,0,0.06680807024240494,0.1691282264950785,0.08727210149293965,Green
2533,0,0.0023468170780688528,0.14657148159109606,0.03119174998067429,Green
2534,0,0.00339603740721941,0.041054971402923586,0.010927824206360244,Green
2535,0,0.00021003614237997682,0.05423994395884186,0.01101601770567235,Green
2536,0,0.0004073454183526337,0.12326428860996048,0.0249787340566742,Green
2537,0,0.00015827617899049072,0.3319364068356581,0.066513902310324,Green
2538,0,0.09668362289667129,0.062399550417327705,0.08982680840080258,Green
2539,0,0.0029629269149154423,0.15814846865379548,0.034000035262691436,Green
2540,0,0.00048106771428138014,0.0640215285653861,0.01318915988450232,Green
2541,0,0.0008508433238603175,0.09605037924956143,0.01989075050900054,Green
2542,0,0.002308203303255141,0.09639403665657531,0.02112536997391917,Green
2543,0,0.018646788969635966,0.02809374747017747,0.020536180669744268,Green
2544,0,0.0010455573443323373,0.11520092768106277,0.023876631411678416,Green
2545,0,0.00013885697699151934,0.11121713952226392,0.022354513486045995,Green
2546,0,0.0009804438333958388,0.20750439643110538,0.04228523435293774,Green
2547,0,0.00013448093232000248,0.06802298587567103,0.013712181920990206,Green
2548,0,0.002268436038866639,0.08464121548261891,0.018742991927617088,Green
2549,0,0.0003388042445294559,0.1035099224494585,0.02097302788551526,Green
2550,0,0.0003913334716344252,0.07076644562342589,0.014466355901992715,Green
2551,0,0.1991758406162262,0.05486803589005731,0.17031427967099244,Green
2552,0,0.0027237902395427227,0.05397432633515974,0.012973897458666124,Green
2553,0,0.01251354068517685,0.16876321683708564,0.043763475915558604,Green
2554,0,0.00018417223182041199,0.3752046109108788,0.07518825996763208,Green
2555,0,0.00025118038465734573,0.35955836722494217,0.0721126177527143,Green
2556,0,0.0005590306594967842,0.08044356892850633,0.01653593831329869,Green
2557,0,0.006939905695617199,0.12569274577640704,0.030690473711775162,Green
2558,0,0.039215405285358426,0.0726328768926146,0.045898899606809665,Green
2559,0,0.03323283512145281,0.09417852039280455,0.04542197217572315,Green
2560,0,0.0011392964283004404,0.11472726463790398,0.023856890070221144,Green
2561,0,0.0005884121463168412,0.05005768012104969,0.01048226574126341,Green
2562,0,0.00019598046783357858,0.11223631239760512,0.022604046853787883,Green
2563,0,0.000336341728689149,0.05223559479626939,0.010716192342205194,Green
2564,0,8.104806329356506e-05,0.07747790714722871,0.01556041988008059,Green
2565,0,0.0007746359682641923,0.06466380631007505,0.013552470036626362,Green
2566,0,0.008857921883463859,0.10456803568251723,0.02799994464327453,Green
2567,0,0.00042099121201317764,0.04323581284060824,0.008983955537732189,Green
2568,0,0.0018243364756926894,0.26711792959421793,0.054883055099397726,Green
2569,0,0.0009648354956880212,0.14836196255301012,0.030444260907152434,Green
2570,0,0.0005134565551998094,0.1558899625574933,0.031588757755658496,Green
2571,0,0.01106582758948207,0.10344722701216376,0.029542107474018406,Green
2572,0,0.3025807082653046,0.15813464886589187,0.27369149638542206,Green
2573,0,0.0006732279667630791,0.09017975340481703,0.018574533054373864,Green
2574,0,0.00022595908376388252,0.1438958547728237,0.028959938221575842,Green
2575,0,0.00041537715005688367,0.13161320217150357,0.026654942154346214,Green
2576,0,0.00027564966003410516,0.06516451001193187,0.013253421730413656,Green
2577,0,0.0003118220542091876,0.1303657030714869,0.026322598257664725,Green
2578,0,0.000434348889393732,0.083799892773065,0.017107457666127982,Green
2579,0,0.0010333888232707978,0.038127775693939,0.008452266197404436,Green
2580,0,9.290542075177654e-05,0.08420458914590592,0.016915242165782603,Green
2581,0,0.08751371055841446,0.10788509247595449,0.09158798694192247,Green
2582,0,0.13598585724830628,0.12183536533848383,0.1331557588663418,Green
2583,0,0.0009150690399110317,0.09668659827250765,0.020069374886430354,Green
2584,0,0.0038164619356393812,0.1212949304909805,0.0273121556467076,Green
2585,0,0.0005521030456293374,0.0891218401327623,0.018266050463055926,Green
2586,0,9.564094070810825e-05,0.1517071971752109,0.030417952187608656,Green
2587,0,0.0007959491573274135,0.05392017227048788,0.011420793779959503,Green
2588,0,3.9819767334847714e-05,0.09346848719291406,0.018725553252450684,Green
2589,0,0.0005714352591894567,0.09163136519612433,0.018783421246576427,Green
2590,0,0.03832612559199333,0.09149723549269072,0.04896034757213281,Green
2591,0,0.00016088370757643132,0.06845363365440675,0.013819433696942492,Green
2592,0,5.794781754957512e-05,0.07640924892962858,0.015328208039965374,Green
2593,0,0.0259661141782999,0.05764124571266234,0.03230114048517239,Green
2594,0,0.001453397120349109,0.1737719048149439,0.03591709865926806,Green
2595,0,0.0019069670001044868,0.04548772032320168,0.010623117664723923,Green
2596,0,0.00038856465253047647,0.09217631899860507,0.01874611552174539,Green
2597,0,0.0024039396084845066,0.05906475125941924,0.013736101938671452,Green
2598,0,0.0005525465938262641,0.05462984188994356,0.01136800565304972,Green
2599,0,0.002370077697560191,0.030160679612498166,0.007928198080547785,Green
2600,0,0.002173601998947561,0.1307451070172804,0.027887903002614123,Green
2601,0,3.715074963110965e-05,0.11665246740199217,0.023360214080103317,Green
2602,0,0.006501157628372311,0.1854475352903808,0.042290433160774,Green
2603,0,0.0024946916848421095,0.09349157082413366,0.020694067512700417,Green
2604,0,0.0005548352259211242,0.025500885557251014,0.005544045292187101,Green
2605,0,0.00023568353499285876,0.021597024999117486,0.0045079518278177836,Green
2606,0,0.0005978857749141753,0.08319709929807653,0.01711772847954664,Green
2607,0,8.643763576401397e-05,0.13049048408199151,0.026167246925009508,Green
2608,0,5.249350651865825e-05,0.07492362383965122,0.015026719573145166,Green
2609,0,0.0004021163040306419,0.055465035790805216,0.011414700201385554,Green
2610,0,0.00463874782435596,0.019770910704819674,0.007665180400448702,Green
2611,0,0.0003231253853300586,0.049035540695967175,0.01006560844745748,Green
2612,0,0.012862407974898816,0.024864242931349367,0.015262774966188924,Green
2613,0,0.005676127318292857,0.12326341763173097,0.029193585380980477,Green
2614,0,0.0034343308536335824,0.13940969141590515,0.03062940296608789,Green
2615,0,0.00028225372079759836,0.18360582789901872,0.03694696855644181,Green
2616,0,0.43848034739494324,0.06663197870347322,0.3641106736566493,Amber
2617,0,0.0005571529152803123,0.13200841761551063,0.02684740585532637,Green
2618,0,0.0017996656242758036,0.09199635658446122,0.019839003816312883,Green
2619,0,0.005451007420197129,0.11305518240066428,0.026971842416290553,Green
2620,0,0.002137423865497112,0.028503011993256885,0.007410541491049066,Green
2621,0,0.00010661646228982136,0.10704631019270144,0.02149455520837214,Green
2622,0,6.586755989701487e-05,0.03382387974273855,0.0068174699964653205,Green
2623,0,0.001175104279536754,0.06807797619786446,0.014555678663202292,Green
2624,0,0.005600009206682443,0.2636636927218089,0.05721274590970772,Green
2625,0,0.00021512536914087833,0.016034297411034387,0.0033789597775195795,Green
2626,0,0.0020404467824846504,0.1122565496790221,0.024083667361792137,Green
2627,0,0.0022949469741433857,0.060308423081862905,0.013897642195687286,Green
2628,0,0.003348542144522071,0.06812354546940327,0.01630354280949831,Green
2629,0,0.0006680944701656699,0.03464456583425746,0.007463388742984026,Green
2630,0,0.0005218355800025165,0.049007805130435546,0.01021902949008912,Green
2631,0,0.002634497173130512,0.03270478774485591,0.00864855528747559,Green
2632,0,0.013511283695697785,0.05248769540244134,0.021306566037046493,Green
2633,0,0.009179791435599327,0.02661174341522089,0.01266618183152364,Green
2634,0,0.0001256322706467472,0.2783096301403557,0.055762431844588525,Green
2635,0,0.0011438093497417867,0.02772678619020628,0.006460404717834684,Green
2636,0,0.003713317634537816,0.05025306084774117,0.013021266277178485,Green
2637,0,0.005746753327548504,0.19955697347117818,0.044508797356274436,Green
2638,0,0.002038051001727581,0.25223383533508,0.05207720786839805,Green
2639,0,0.03135912604629994,0.10636419615886669,0.04636014006881328,Green
2640,0,0.0011229137657210232,0.11126684969391117,0.023151700951359044,Green
2641,0,0.0006503079202957451,0.14837372827136872,0.030194991990510334,Green
2642,0,0.00023214861867018043,0.03275849576826179,0.0067374180485885015,Green
2643,0,0.004712926410138606,0.041468755749669337,0.01206409227804475,Green
2644,0,0.000282849173527211,0.08628910347629139,0.017484100034080043,Green
2645,0,0.0003956243803258985,0.09582270224137618,0.019481039952535948,Green
2646,0,0.0008993794210255146,0.14705375080337688,0.03013025369749578,Green
2647,0,0.0005714850733056665,0.09778650762614344,0.020014489583873217,Green
2648,0,0.0037812036462128162,0.04941805811365261,0.012908574539700773,Green
2649,0,0.00210624688770622,0.09331735364281014,0.020348468238727,Green
2650,0,0.00026902855606749656,0.021704275990063936,0.004556078042866783,Green
2651,0,0.003012225031852722,0.04196703099563794,0.010803186224609764,Green
2652,0,0.0037978661246597764,0.09482024168357389,0.022002341236442596,Green
2653,0,0.00015139856113819406,0.06729245932681648,0.013579610714273847,Green
2654,0,0.007542209886014462,0.04071702154259941,0.01417717221733145,Green
2655,0,0.0005697460612282157,0.14931235878948246,0.030318268606879056,Green
2656,0,0.000264533725567162,0.09581196766155518,0.01937402051276476,Green
2657,0,0.00019323848537169396,0.1308238328658815,0.02631935736147365,Green
2658,0,0.012725283578038217,0.07765166720486474,0.025710560303403518,Green
2659,0,0.02083638682961464,0.11446861498476811,0.039562832460645334,Green
2660,0,0.011466223932802676,0.0901070638649913,0.027194391919240397,Green
2661,0,0.00015184228832367807,0.0930997872498463,0.018741431280628197,Green
2662,0,0.004516575764864683,0.15468141006537184,0.03454954262496611,Green
2663,0,0.005489558167755604,0.09972865947806826,0.024337378429818132,Green
2664,0,0.03623711802065373,0.2693475184560751,0.08285919810773798,Green
2665,0,0.0008179537835530937,0.07130130692771938,0.014914624412386347,Green
2666,0,0.0016546603292226791,0.12084274665653069,0.025492277594684275,Green
2667,0,0.0041445927694439885,0.10515012916070722,0.02434570004769663,Green
2668,0,0.0032488687895238398,0.19362175367236947,0.04132344576609296,Green
2669,0,0.0011503963265568017,0.0877438169655255,0.018469080454350535,Green
2670,0,0.00927065648138523,0.09129842919423611,0.025676211023955404,Green
2671,0,0.0005321485339663922,0.13450608795263752,0.02732693641770061,Green
2672,0,0.00015826813760213556,0.0551916309115516,0.011164940692392026,Green
2673,0,0.0010051741497591137,0.08515224514493819,0.017834588348794925,Green
2674,0,0.00028921126504428686,0.13774018961234005,0.027779406934503436,Green
2675,0,0.0001512983988504857,0.13428954329400578,0.026978947377881538,Green
2676,0,0.0744563415646553,0.07287666709989948,0.07414040667170414,Green
2677,0,0.00018318318761885167,0.2115859725646793,0.04246374106303093,Green
2678,0,0.0005172431468963623,0.15454861486905672,0.031323517491328425,Green
2679,0,0.00011380863434169443,0.09413140988922751,0.018917328885318854,Green
2680,0,0.08838102966547012,0.060093172653612456,0.0827234582630986,Green
2681,0,0.00020188260241411627,0.01024453272017386,0.0022104126259660647,Green
2682,0,0.04928412362933159,0.21589556745747351,0.08260641239495997,Green
2683,0,0.00011244753404753282,0.26065275217170614,0.05222050846157924,Green
2684,0,0.0004982435842975975,0.08237121619364433,0.01687283810616694,Green
2685,0,0.0003378280729521066,0.13438682439871238,0.027147627338104156,Green
2686,0,0.003181127831339836,0.07802685708615881,0.018150273682303625,Green
2687,0,0.0033079440006986258,0.09158721394345455,0.020963797989249806,Green
2688,0,5.445266688184347e-05,0.1318163531048137,0.026406832754468212,Green
2689,0,0.00011382508746464738,0.12867315428914916,0.025825690927801542,Green
2690,0,0.0009590528439730406,0.10391014310149077,0.021549270895476584,Green
2691,0,0.00295495199970901,0.13098722646195785,0.02856140689215877,Green
2692,0,0.001543082110583782,0.29164123308006445,0.0595627123044799,Green
2693,0,0.0035415459889918564,0.15992174992109984,0.03481758677541344,Green
2694,0,0.0005185702699236572,0.05591199569242986,0.011597255354424896,Green
2695,0,0.006414275895804167,0.06425025843152804,0.01798147240294894,Green
2696,0,0.00015755757194710896,0.04171684289791761,0.008469414637141208,Green
2697,0,0.0006840195273980498,0.10430135723095055,0.021407487068108546,Green
2698,0,0.0024460779037326573,0.12822017896777652,0.02760089811654142,Green
2699,0,0.0005864407517947257,0.10357157891422604,0.021183468384280982,Green
2700,0,0.0008274675346910954,0.08383430273406095,0.017428834574565063,Green
2701,0,0.000735236459877342,0.06886309747912882,0.014360808663727635,Green
2702,0,0.00030713260639458895,0.03153030822899751,0.006551767730915172,Green
2703,0,0.018967770040035248,0.0759290134363433,0.030360018719296854,Green
2704,0,0.00025247522571589796,0.18634434977276668,0.03747085013512605,Green
2705,0,0.00028726073796860876,0.25929162412765255,0.05208813341590539,Green
2706,0,0.0005901311174966395,0.08852459385996708,0.018177023665990725,Green
2707,0,0.13751720190048217,0.060729637490235244,0.12215968901843278,Green
2708,0,0.0007303979247808457,0.2619739981907539,0.05297911797797544,Green
2709,0,9.479641448706388e-05,0.16903618408419627,0.0338830739484289,Green
2710,0,0.0017249160329811273,0.1913646241111744,0.03965285764861977,Green
2711,0,0.00022229084570426496,0.04620002586276127,0.009417837849115665,Green
2712,0,0.01949435193091631,0.09308037900083493,0.03421155734490003,Green
2713,0,0.0002647300192620605,0.07091726057653155,0.014395236130715956,Green
2714,0,0.0036489930003881454,0.04147977339998698,0.01121514908030791,Green
2715,0,0.0008096140227280557,0.0928999771782441,0.019227686653831257,Green
2716,0,0.0002504135307390243,0.10126592179181443,0.020453515182954102,Green
2717,0,4.6623304660897697e-05,0.13401585278007538,0.02684046919974379,Green
2718,0,0.0032673465088009835,0.11252456850868227,0.025118790908777236,Green
2719,0,0.00414208211004734,0.0517610566147682,0.01366587701099151,Green
2720,0,7.965123149915599e-05,0.19545636104605,0.03915499319440932,Green
2721,0,0.0015623190556652844,0.19220049487052052,0.039689954218636324,Green
2722,0,0.00017597445112187417,0.2046505526077566,0.04107089008244882,Green
2723,0,0.0009842167957685888,0.37126115456879727,0.07503960435037431,Green
2724,0,0.0019598771817982198,0.3396143648051939,0.06949077470647735,Green
2725,0,0.00034939316101372246,0.1232668811206123,0.024932890752933434,Green
2726,0,0.008068033494055271,0.11957416488859468,0.030369259772963147,Green
2727,0,2.5294738770753613e-05,0.2050350869481407,0.041027253180644735,Green
2728,0,0.000783108826726675,0.16109881989674524,0.03284625104073038,Green
2729,0,7.258444384206086e-05,0.11695615906575328,0.0234492993682243,Green
2730,0,0.0017747263191267848,0.07444975236735493,0.016309731528772412,Green
2731,0,0.00012143763597123326,0.056153432624033356,0.011327836633583655,Green
2732,0,0.00012695639597950503,0.06972644464043874,0.014046854044871349,Green
2733,0,0.00024321351083926858,0.14914224055750677,0.030023018920172763,Green
2734,0,0.0015613787109032273,0.05956209157647814,0.013161521284018207,Green
2735,0,4.859597502218094e-05,0.11257152270486559,0.022553181320990857,Green
2736,0,0.00022617201902903618,0.08917817033783805,0.018016571682790836,Green
2737,0,0.026349096372723577,0.11061051768091879,0.043201380634362616,Green
2738,0,0.011954873986542224,0.04788909944261582,0.01914171907775694,Green
2739,0,0.0019096665317192673,0.0707508295869334,0.015677899142762092,Green
2740,0,0.0018048834055662153,0.1856596345369656,0.038575833631846086,Green
2741,0,0.0009228345472365617,0.03280557937828651,0.00729938351344655,Green
2742,0,0.0005327266175299884,0.06163702886760143,0.012753587067544274,Green
2743,0,0.0003969664161559194,0.16958770420537303,0.03423511397399934,Green
2744,0,0.00017664075130596757,0.17940083812753754,0.03602148022655227,Green
2745,0,0.00029419608181342484,0.08313621367633012,0.01686259960071676,Green
2746,0,0.0013720200164243578,0.08754243005836726,0.018606102024812932,Green
2747,0,0.0035471987444907426,0.0802965834899377,0.01889707569358013,Green
2748,0,0.0008524560136720539,0.05225446365480962,0.011132857541899565,Green
2749,0,0.0008862883318215608,0.22694598671714927,0.0460982280088871,Green
2750,0,0.002057113219052553,0.14137610591695302,0.02992091175863264,Green
2751,0,0.002661699242889881,0.08595640070771796,0.01932063953585549,Green
2752,0,0.0005271191941574216,0.16769614667850866,0.03396092469102766,Green
2753,0,0.0019140311982482673,0.08195593102018878,0.017922411162636365,Green
2754,0,0.001312767039053142,0.049364071916260535,0.010923028014494619,Green
2755,0,0.0010778952040709554,0.0383301151011813,0.008528339183493022,Green
2756,0,0.00030893411603756245,0.037274735569493116,0.007702094406728671,Green
2757,0,0.0007629888830706477,0.0611768190167186,0.012845754909800236,Green
2758,0,0.00019898072787327692,0.15591785089732862,0.03134275476176434,Green
2759,0,0.0014755168114788829,0.08559520023432084,0.01829945349604727,Green
2760,0,0.0013433162355795502,0.0899779727741964,0.019070247543302915,Green
2761,0,0.00022130916477181017,0.10987898997924928,0.022152845327667297,Green
2762,0,0.0006030391436070204,0.12747721251587407,0.025977873818060424,Green
2763,0,0.0027391030453145504,0.10208663478697964,0.022608609393647564,Green
2764,0,0.002748721558600664,0.1564216817348985,0.033483313593860226,Green
2765,0,0.001788253034465015,0.09689500497967858,0.020809603423507725,Green
2766,0,0.0008699098485521971,0.01625168110156752,0.003946264099155261,Green
2767,0,0.0002668894943781197,0.05281304408236565,0.010776120411975624,Green
2768,0,0.0017686611507087946,0.035924886639159964,0.008599906248399026,Green
2769,0,0.0017673364840447904,0.05214699822808578,0.011843268832852987,Green
2770,0,0.0002236134751001373,0.07663569161886376,0.015506029103852858,Green
2771,0,0.00046012556995265184,0.06685522021144505,0.013739144498251128,Green
2772,0,0.00956178605556488,0.07433908975288968,0.02251724679502984,Green
2773,0,0.00010051750723505393,0.03657504019551963,0.007395422044891967,Green
2774,0,0.00014659270091215147,0.19095495046587646,0.038308264253905,Green
2775,0,0.007103848364204169,0.09017229741878532,0.023717538175120397,Green
2776,0,0.0002891228126827627,0.13239795451546785,0.026710889153239773,Green
2777,0,0.0003035224392078817,0.07135259532293804,0.01451333701595391,Green
2778,0,0.003225976601243019,0.054348053159855664,0.013450391912965546,Green
2779,0,0.00022418929438572377,0.08097104107033154,0.016373559649574883,Green
2780,0,0.0014829827938228845,0.015857983726531594,0.004357982980364626,Green
2781,0,0.0012295057997107506,0.07659158120204325,0.016301920880177248,Green
2782,0,0.027662529423832894,0.07134239482367667,0.03639850250380165,Green
2783,0,0.004354018182493746,0.09536664570334057,0.022556543686663107,Green
2784,0,0.0001549617314594798,0.1114824763800495,0.02242046466117748,Green
2785,0,0.020938225276768207,0.04598932123413004,0.025948444468240572,Green
2786,0,0.00037992653669789435,0.06925801108225788,0.014155543445809887,Green
2787,0,0.0014681046246550976,0.05493280649512262,0.012161044998748599,Green
2788,0,0.0002871554985176772,0.20516068857131092,0.041261862113076316,Green
2789,0,0.03497396111488342,0.10240588938002218,0.04846034676791117,Green
2790,0,0.0003847383137326688,0.18119829500352327,0.03654744965169078,Green
2791,0,0.00016946082614595072,0.05605141079385327,0.011345850819687413,Green
2792,0,0.06587671041488648,0.02417651950419615,0.057536672232748415,Green
2793,0,6.190231724758632e-05,0.04085041800724869,0.008219605455247804,Green
2794,0,0.004326563514769077,0.1365843875864255,0.030778128329100353,Green
2795,0,0.0003621255862526595,0.17221071254089224,0.034731842977180565,Green
2796,0,0.00015473513776669278,0.08934283841508522,0.017992355793230396,Green
2797,0,0.04145192243158818,0.06398742795210798,0.04595902353569213,Green
2798,0,0.0017649970715865491,0.05231814516462848,0.011875626690194933,Green
2799,0,0.0014458499616011977,0.06307381202791457,0.01377144237486387,Green
2800,0,0.0003084198397118598,0.17960602817236448,0.036167941506242376,Green
2801,0,0.0008532557170838116,0.23125006800145673,0.046932618173958385,Green
2802,0,0.0038593015633523464,0.027889751061102645,0.008665391462902405,Green
2803,0,0.0026062147226184607,0.12276639414659922,0.026638250607414607,Green
2804,0,0.00010842614719877019,0.13403146536586646,0.0268930339909323,Green
2805,0,0.0001446952926926315,0.05160788766982101,0.010437333768118305,Green
2806,0,0.00019730963249458,0.07382249794726838,0.014922347295449336,Green
2807,0,0.00017182027368107812,0.0963997628778753,0.01941740879451992,Green
2808,0,0.00041680845315568145,0.056245910884302926,0.011582628939385128,Green
2809,0,0.0023541434202343225,0.16124099544394385,0.03413151382497622,Green
2810,0,0.0001695646991720423,0.19232000720333275,0.03859965320000418,Green
2811,0,0.0030736126005649566,0.14412694226710646,0.03128427853387325,Green
2812,0,0.0001362329479889013,0.17110331882797963,0.03432965012398704,Green
2813,0,0.0001817943761125207,0.13295181089881905,0.02673579768065382,Green
2814,0,7.924257806735113e-05,0.07103229080461256,0.014269852223376388,Green
2815,0,0.0013594494434073568,0.11057100647824775,0.023201760850375428,Green
2816,0,0.0001450287352781743,0.061680012896699984,0.012452025567562534,Green
2817,0,0.0008537304005585612,0.09803323015622556,0.020289630351691956,Green
2818,0,0.0003463259723503142,0.10413855220188506,0.02110477121825726,Green
2819,0,0.0005881230928935111,0.1666070423287771,0.03379190694007022,Green
2820,0,0.00015840628184378148,0.15395544859904697,0.030917814745284412,Green
2821,0,0.00012346526491455734,0.11543115772994914,0.023185003757921468,Green
2822,0,0.0006736577954143286,0.11141401974217896,0.022821730184767252,Green
2823,0,0.00012962029140908273,0.040189444648902874,0.00814158516290784,Green
2824,0,0.006795177608728409,0.12263379106814942,0.02996290030061261,Green
2825,0,0.00013065467646811157,0.03316569994902523,0.006737663730979534,Green
2826,0,0.004801404243335128,0.13403101718948737,0.03064732683256557,Green
2827,0,8.105621745926327e-05,0.09777776147728146,0.0196203972694237,Green
2828,0,0.00010838424932444469,0.12317998718021775,0.0247227048355031,Green
2829,0,0.0002831121499184519,0.02215212943641222,0.004656915607217205,Green
2830,0,0.004988677147775889,0.1906360573811275,0.0421181531944462,Green
2831,0,0.013703051023185253,0.1487888169387743,0.040720204206303054,Green
2832,0,0.0007113051600754261,0.13046407049905764,0.026661858227871864,Green
2833,0,0.0015711918473243713,0.05447734127385026,0.012152421732629546,Green
2834,0,0.0018159256549552085,0.19521210363824743,0.04049516125161364,Green
2835,0,5.007071304135025e-05,0.2244879295760489,0.04493764248564285,Green
2836,0,0.00023171579814516006,0.3320931921691607,0.06660401107234826,Green
2837,0,0.00037395001272670924,0.06687304385903482,0.01367376878198833,Green
2838,0,0.00032695220434106884,0.20033125022306028,0.0403278118080849,Green
2839,0,0.00036126732011325656,0.1787199012386781,0.03603299410382622,Green
2840,0,0.002124675991944969,0.057507015153294254,0.013201143824214823,Green
2841,0,0.0015734266024082899,0.17850062209313755,0.036958865700554136,Green
2842,0,0.00029326684598345314,0.03264993104871588,0.006764599686529937,Green
2843,0,0.0008900534710846841,0.15756533713266188,0.03222511020340012,Green
2844,0,0.0029873436782509085,0.05740594028888452,0.01387106300037763,Green
2845,0,0.0022876521106809378,0.09167450946362614,0.020165023581269974,Green
2846,0,0.0015794477891176938,0.08287414539350213,0.01783838730999458,Green
2847,0,0.021427507605403663,0.05793119123021009,0.028728244330364947,Green
2848,0,0.0015317617449909448,0.1171557265341348,0.02465655470281971,Green
2849,0,0.07852933406829835,0.1338811710355242,0.08959970146174351,Green
2850,0,0.009435109421610832,0.060420833749162815,0.019632254287121228,Green
2851,0,0.0018751499475911258,0.06648691630180281,0.014797503218433459,Green
2852,0,0.0014429422328248618,0.07266694859339631,0.01568774350493915,Green
2853,0,0.003743412625044584,0.07374434935684214,0.01774359997140409,Green
2854,0,0.0017215098952874542,0.15648615932447482,0.03267443978112492,Green
2855,0,0.0068800350651144985,0.08428800502864736,0.02236162905782107,Green
2856,0,0.004430587915703654,0.1490281635149242,0.03335010303554776,Green
2857,0,0.0003555496863555163,0.08880247261768734,0.01804493427262188,Green
2858,0,0.0007549488567747175,0.1412643119740809,0.028856821480235946,Green
2859,0,0.04192814230918884,0.14503849851858924,0.06255021355106892,Green
2860,0,0.00043953610584139823,0.05113535824205665,0.010578700533084446,Green
2861,0,0.010445222444832324,0.05967043463170236,0.02029026488220633,Green
2862,0,0.0005248812318313867,0.0705105800448698,0.014522020994439068,Green
2863,0,0.0026720423717051744,0.07038008245127633,0.016213650387619405,Green
2864,0,0.4499007999897003,0.044792310079642364,0.36887910200768875,Amber
2865,0,0.004170285165309906,0.08773217016877038,0.020882662166001997,Green
2866,0,0.01656312309205532,0.02794458223515754,0.018839414920675764,Green
2867,0,0.0012625606264919042,0.08330173130772867,0.017670394762739253,Green
2868,0,0.00500666219741106,0.0455765760902029,0.013120644975969426,Green
2869,0,0.0001839417964220047,0.12243628140746614,0.024634409718630828,Green
2870,0,8.726240339456126e-05,0.18511846073414676,0.037093502069544995,Green
2871,0,0.00025842711329460144,0.2538024298514025,0.05096722766091617,Green
2872,0,0.01593627594411373,0.08152696055442674,0.02905441286617633,Green
2873,0,0.00030907388136256484,0.0949581553126759,0.019238890167625228,Green
2874,0,0.017497551254928113,0.03802136692028169,0.02160231438799883,Green
2875,0,0.002623447449877858,0.10437510175259822,0.022973778310421925,Green
2876,0,0.008749091438949108,0.04112984189335086,0.015225241529829457,Green
2877,0,0.0016557501861825586,0.015772353117500203,0.004479070772446087,Green
2878,0,0.0002486384066287428,0.06974042875298785,0.01414699647590056,Green
2879,0,0.013982685282826424,0.1362567263918993,0.038437493504641,Green
2880,0,0.07555772811174392,0.09772923255472604,0.07999202900034035,Green
2881,0,0.1451247841119766,0.12594916096590303,0.1412896594827619,Green
2882,0,0.006978317350149154,0.04709285882614415,0.01500122564534815,Green
2883,0,0.0018972169142216443,0.12585389567032562,0.026688552665442435,Green
2884,0,0.0023575961124151943,0.01888365723904042,0.005662808337740239,Green
2885,0,0.00011533660435816274,0.2903685351627848,0.058165976316043484,Green
2886,0,0.00017556194216012956,0.1343563573677012,0.02701172102726834,Green
2887,0,0.00022540227510035036,0.07980543522766656,0.016141408865613587,Green
2888,0,0.0014194239163771271,0.06229578339867686,0.01359469581283707,Green
2889,0,0.0033720543608069422,0.10099240963544019,0.02289612541573359,Green
2890,0,0.00013201782567193732,0.1924804387275972,0.03860170200605698,Green
2891,0,0.001985476049594581,0.15230588938172132,0.03204955871601992,Green
2892,0,0.00016935064631979914,0.16842051679297979,0.03381958387565179,Green
2893,0,0.05141673013567924,0.1281264198907041,0.06675866808668421,Green
2894,0,0.0009685752913355828,0.09977525719873154,0.02072991167281477,Green
2895,0,0.05719863697886467,0.04945954538231623,0.05565081865955498,Green
2896,0,0.00167032137978822,0.19913912916410167,0.0411640829366509,Green
2897,0,0.0022359831258654595,0.11242228192964997,0.024273242886622356,Green
2898,0,0.002259774506092072,0.11031709546353975,0.023871238697581603,Green
2899,0,0.0011831198120489717,0.08432575657388143,0.01781164716441546,Green
2900,0,0.010057276859879494,0.12560274803401206,0.033166371094706,Green
2901,0,0.000515141652431339,0.15723961795817717,0.031860036913580504,Green
2902,0,0.21380176693201064,0.044922493527565215,0.18002591225112158,Green
2903,0,0.003255089931190014,0.057885125226166526,0.014181096990185315,Green
2904,0,0.004201370268128812,0.02411514280017557,0.008184124774538164,Green
2905,0,0.0003516487602610141,0.11066456211508298,0.022414231431225402,Green
2906,0,0.23169295787811278,0.13625580446467478,0.2126055271954252,Green
2907,0,0.0009369155508466065,0.11231893168825191,0.023213318778327663,Green
2908,0,0.0016580551862716677,0.06384199895040452,0.014094843939098234,Green
2909,0,0.0013062141835689545,0.1080369722457848,0.02265236579601212,Green
2910,0,0.0002056767378235236,0.12761664950111393,0.025687871290481598,Green
2911,0,8.10123499832116e-05,0.1064487092141864,0.021354551722823842,Green
2912,0,6.552991835633293e-05,0.0817692062990778,0.01640626519450062,Green
2913,0,0.07490283958613872,0.2423621637022747,0.10839470440936591,Green
2914,0,0.00011563863954506814,0.06763568987525063,0.01361964888668618,Green
2915,0,0.00032188710174523293,0.2097712166670841,0.042211753014812996,Green
2916,0,0.0010922820423729719,0.08376527641009021,0.017626880915916417,Green
2917,0,0.00013143302421667614,0.13016735528032977,0.02613861747543929,Green
2918,0,0.00012650662392843515,0.16753278283032055,0.03360776186520685,Green
2919,0,0.0009356474736705422,0.1687705115101723,0.03450262028097089,Green
2920,0,8.908896852517502e-05,0.13078289158679657,0.026227849492179447,Green
2921,0,0.0009396490640938282,0.05270345599521238,0.011292410450317536,Green
2922,0,0.0012336915242485702,0.05966816885033769,0.01292058698946639,Green
2923,0,0.00019092305738013237,0.030086352696241728,0.0061700089851524495,Green
2924,0,0.0010662460466846825,0.025171515448952027,0.0058872999271381505,Green
2925,0,0.00020716952567454428,0.11106806645556742,0.022379348911653114,Green
2926,0,0.0073232812806963915,0.21272967664531997,0.0484045603536211,Green
2927,0,0.003714580275118351,0.04493716046373911,0.0119590963128425,Green
2928,0,0.001258619804866612,0.11918546329874219,0.024843988503641723,Green
2929,0,0.000859405123628676,0.11980391527503342,0.02464830715390962,Green
2930,0,0.0013813853729516268,0.08408345186070748,0.017921798670502795,Green
2931,0,0.24593221545219424,0.07608411756906547,0.21196259587556848,Green
2932,0,0.0013150440994650126,0.13622964901794202,0.028297965083160407,Green
2933,0,0.0007366844802163541,0.019575414645495094,0.004504430513272101,Green
2934,0,0.0019375342060811817,0.0385127731079789,0.009252581986460723,Green
2935,0,0.008812144957482814,0.2723873242337029,0.06152718081272682,Green
2936,0,0.0023208063561469313,0.12462268956856203,0.026781182998629947,Green
2937,0,0.0010242544696666299,0.24119314536544303,0.0490580326488219,Green
2938,0,0.0009258052334189415,0.09810626310244099,0.020361896807223348,Green
2939,0,0.0012928929645568132,0.023328050374986895,0.005699924446642829,Green
2940,0,0.0003117061802186072,0.10831447122211499,0.02191225918859788,Green
2941,0,0.0004222804680466652,0.0701802038823939,0.01437386515091611,Green
2942,0,0.0011206949828192591,0.05869797662056184,0.012636151310367771,Green
2943,0,0.00040607436094433066,0.12177041874865632,0.024678943238486722,Green
2944,0,0.0004462269018404186,0.10480232075726958,0.021317445672926247,Green
2945,0,0.003098078700713813,0.09501267948326188,0.021480998857223422,Green
2946,0,0.0012103132321499288,0.17351703461567716,0.03567165750885536,Green
2947,0,0.0029754443559795616,0.19837006405011592,0.042054368294806826,Green
2948,0,0.0020691117271780966,0.27873006461551797,0.05740130230484606,Green
2949,0,0.03476490303874016,0.12099763603933897,0.05201144963885991,Green
2950,0,0.0013735955115407705,0.05132366279159943,0.0113636089675525,Green
2951,0,0.008170858724042773,0.02980130214391722,0.012496947408017663,Green
2952,0,0.013094611465930939,0.030694151044675898,0.016614519381679932,Green
2953,0,0.018112209253013132,0.21167622777381714,0.056825012957173925,Green
2954,0,0.00032307154615409674,0.11414030563328867,0.023086518363581006,Green
2955,0,0.0027342780493199823,0.16384945607642387,0.03495731365474075,Green
2956,0,0.00012015893007628621,0.10153568900494743,0.02040326494505051,Green
2957,0,0.002810502843931317,0.07827495003572643,0.017903392282290334,Green
2958,0,0.000234928703866899,0.03374289446457936,0.0069365218560093886,Green
2959,0,0.03651697188615799,0.08926633458864316,0.04706684442665502,Green
2960,0,0.0007366595789790153,0.12985585487895457,0.026560498638974122,Green
2961,0,0.00012727165012620388,0.1442108166894466,0.028943980657990278,Green
2962,0,0.00040773676009848715,0.13997925855906757,0.028322041119892297,Green
2963,0,0.00015551724354736506,0.11145053386194113,0.022414520567226117,Green
2964,0,0.0023927506525069477,0.11874892856574112,0.025663986235153778,Green
2965,0,0.0004913806624244899,0.047037102681658165,0.009800525066271224,Green
2966,0,0.0014801845420151947,0.08686943982213989,0.01855803559804013,Green
2967,0,0.0002535925479605794,0.15701602241616874,0.03160607852160221,Green
2968,0,0.00031125403475016353,0.1021375639188936,0.020676516011578844,Green
2969,0,0.002229260979220271,0.12956330006984926,0.027696068797346065,Green
2970,0,0.00016421638138126583,0.09620407020546551,0.019372187146198108,Green
2971,0,0.000894486578181386,0.05666210606826614,0.012048010476198336,Green
2972,0,0.019930915907025337,0.19845954460930387,0.05563664164748104,Green
2973,0,0.0041324211284518245,0.1270374440833927,0.028713425719439994,Green
2974,0,0.00020734330173581838,0.10925508670291453,0.022016891981971556,Green
2975,0,0.00021852786303497851,0.2459547522954698,0.04936577274952193,Green
2976,0,0.0001986451505217701,0.14704419512534614,0.029567755145486638,Green
2977,0,0.0014048128155991434,0.10328808220082962,0.021781466692645232,Green
2978,0,0.0007026884821243584,0.05862202280032957,0.012286555345765398,Green
2979,0,0.00037719140527769923,0.10706284967727236,0.021714323059676625,Green
2980,0,0.001208775583654642,0.10104878577900829,0.02117677762272537,Green
2981,0,0.0002006764378165826,0.14706001894239695,0.02957254493873265,Green
2982,0,0.0009575884090736508,0.028192158942383038,0.006404502515735527,Green
2983,0,0.0005874755443073809,0.09052935260608459,0.018575850956662816,Green
2984,0,3.955293250328396e-05,0.12476899779152648,0.024985441904307917,Green
2985,0,0.0003003703837748617,0.23159117500486176,0.04655853130799223,Green
2986,0,0.15807586312294006,0.10025920326439511,0.14651253115123106,Green
2987,0,0.010037287138402462,0.04021036911890512,0.01607190353450299,Green
2988,0,0.0002118071774020791,0.15972492630787838,0.032114431003497326,Green
2989,0,0.00039132161764428015,0.05171986612840874,0.010657030519797168,Green
2990,0,0.0011094850138761102,0.09044912177264358,0.018977412365629602,Green
2991,0,0.002056825626641512,0.16433199101533813,0.034511858704380824,Green
2992,0,0.0017729510320350528,0.030354998735690992,0.007489360572766239,Green
2993,0,0.0021386275999248027,0.11300130860913545,0.024311163801766927,Green
2994,0,0.0005870761931873858,0.04719407391119847,0.0099084757367896,Green
2995,0,0.006061858916655183,0.16013883648987645,0.036877254431299425,Green
2996,0,0.00043216303456574675,0.13034870787482022,0.026415472002616635,Green
2997,0,0.0005204254877753556,0.1509402536340473,0.030604391117029738,Green
2998,0,0.00018088073702529075,0.11201504667271715,0.02254771392416366,Green
2999,0,0.00032298800069838766,0.2647205478914883,0.05320249997885636,Green
3000,0,0.0019792975857853886,0.0788379281421245,0.017351023697053207,Green
3001,0,0.0002688937238417566,0.10846781553137513,0.021908678085348427,Green
3002,0,0.0010019606910645963,0.09313444199107665,0.019428456951067003,Green
3003,0,0.0018269568216055631,0.13756317468300294,0.028974200393885034,Green
3004,0,0.00045725281233899295,0.12427367684987559,0.025220537619846307,Green
3005,0,0.005810877308249474,0.12201733064393383,0.02905216797538634,Green
3006,0,0.0005642296280711889,0.10852194997005093,0.02215577369646713,Green
3007,0,0.00048286314122378824,0.0825478317105551,0.016895856855090048,Green
3008,0,0.00029269525548443194,0.08446326502594616,0.017126809209576772,Green
3009,0,0.0001391954880091362,0.06436227740330822,0.01298381187106895,Green
3010,0,0.01856387355364859,0.09913399670182284,0.034677898183283436,Green
3011,0,0.0005207527545280754,0.03318433772642583,0.007053469748907625,Green
3012,0,0.00012561945040943102,0.04203466183620842,0.008507427927569228,Green
3013,0,0.00021145781793165954,0.04611801016895192,0.00939276828813571,Green
3014,0,0.003060855250805616,0.08877842399867318,0.020204369000379127,Green
3015,0,0.00039635728462599217,0.06438303180543016,0.013193692188786823,Green
3016,0,0.00018046549812424927,0.09482711711712714,0.019109795821924826,Green
3017,0,0.00010616692015901207,0.0891967866864271,0.017924290873412626,Green
3018,0,0.0027022435329854488,0.10411077278352512,0.02298394938309338,Green
3019,0,0.10618411228060723,0.09948521266216942,0.10484433235691967,Green
3020,0,0.0026652518659830093,0.057760426828762645,0.013684286858538935,Green
3021,0,0.0007991915103048086,0.09846797901053998,0.02033294901035184,Green
3022,0,0.0005200503044761717,0.28480204598119574,0.05737644943982007,Green
3023,0,0.0003530865244101733,0.08531634537199548,0.017345738293927233,Green
3024,0,0.0067877436056733124,0.09290143242050132,0.02401048136863891,Green
3025,0,0.001227758964523673,0.1665350961492942,0.034289226401477774,Green
3026,0,0.002675251057371497,0.16804969861847402,0.03575014056959199,Green
3027,0,0.003109170007519424,0.22036532810596124,0.04656040162720778,Green
3028,0,0.0006358642014674843,0.0690009165507989,0.014308874671333764,Green
3029,0,0.0005837363074533642,0.01955793228397967,0.004378575502758625,Green
3030,0,0.0022265080362558363,0.41657185450930606,0.08509557733086587,Green
3031,0,0.00047835109871812164,0.36095504533693007,0.0725736899463605,Green
3032,0,0.014364651031792165,0.0346238943396064,0.01841649969335501,Green
3033,0,0.0002370655129197985,0.10647200127581716,0.021484052665499267,Green
3034,0,0.0001627254066988826,0.0639644600011887,0.012923072325596844,Green
3035,0,0.007892677630297839,0.07769134374323447,0.02185241085288516,Green
3036,0,3.1645102353650145e-05,0.08177054051433974,0.016379424184750867,Green
3037,0,0.013913221284747123,0.04391374834911986,0.01991332669762167,Green
3038,0,0.00521415239199996,0.1579502975769533,0.03576138142899062,Green
3039,0,0.00015050774527480826,0.20917222578224076,0.04195485135266799,Green
3040,0,0.0013781624380499124,0.06350050332616576,0.013802630615673078,Green
3041,0,0.013117711432278155,0.04035157411613712,0.018564483969049948,Green
3042,0,7.743523310637102e-05,0.0728029342487095,0.014622535036226994,Green
3043,0,0.0005685590847861022,0.057774772166720716,0.012009801701173023,Green
3044,0,0.0006463301018811762,0.11963055228838787,0.02444317453918251,Green
3045,0,0.012305559683591127,0.034126280271229915,0.016669703801118884,Green
3046,0,0.0006530036102049054,0.1143334512801983,0.02338909314420358,Green
3047,0,0.0009222800028510392,0.14344351426698732,0.029426526855678287,Green
3048,0,0.04763967543840408,0.06392648064523038,0.05089703647976934,Green
3049,0,0.2558815956115723,0.09225328646802156,0.22315593378286216,Green
3050,0,0.0001767451729392633,0.07135225886905895,0.014411847912163198,Green
3051,0,0.0009460423490963876,0.20156715495586028,0.04107026487044915,Green
3052,0,0.0012195986695587634,0.06691392391520233,0.014358463718687473,Green
3053,0,0.0006452881847508253,0.10144607856137795,0.020805446260076244,Green
3054,0,0.0004831242316868156,0.07921584890914046,0.01622966916717754,Green
3055,0,0.0007231940049678086,0.1768811388506023,0.0359547829740947,Green
3056,0,0.0002510500140488148,0.040075421697629,0.00821592435076485,Green
3057,0,0.001561706839129329,0.08555836203105656,0.018361037877514773,Green
3058,0,0.007907817512750626,0.37995252973979843,0.08231675995816017,Green
3059,0,0.006353431660681963,0.0459405500165624,0.014270855331858049,Green
3060,0,0.0006187902996316552,0.14393072244808142,0.029281176729321602,Green
3061,0,0.00027599088498391215,0.051802633514468864,0.010581319410880901,Green
3062,0,0.002572657493874431,0.0674040612431491,0.015538938243729362,Green
3063,0,0.0008920391323044896,0.06507701624849996,0.01372903455554358,Green
3064,0,0.005322675872594118,0.0848867713820937,0.021235494974494035,Green
3065,0,6.898435167386198e-05,0.26138878759839057,0.05233294500101719,Green
3066,0,0.0005235434276983142,0.07672170245308617,0.015763175232775883,Green
3067,0,0.0013050780631601812,0.04746594925654897,0.010537252301837937,Green
3068,0,0.2288836881518364,0.07174301029890438,0.19745555258125,Green
3069,0,0.004593061190098524,0.12851921206934547,0.029378291365947908,Green
3070,0,0.0005934148910455405,0.07907646747654004,0.016290025408144438,Green
3071,0,0.00015294648474082349,0.07340979193751436,0.014804315575295527,Green
3072,0,0.002756839897483587,0.21737236142248856,0.04567994420248457,Green
3073,0,0.00028854155098088083,0.17437725187937084,0.035106283616658865,Green
3074,0,0.0006983289844356477,0.057987387652800315,0.012156140718108579,Green
3075,0,0.002264190977439284,0.1283877689624403,0.027488906574439483,Green
3076,0,0.004802695568650961,0.0800842769228461,0.019859011839489987,Green
3077,0,0.02172370553016663,0.06063577083027412,0.029506118590188125,Green
3078,0,0.00026311311521567406,0.027213816912216193,0.005653253874615777,Green
3079,0,0.0021665063686668873,0.10554029191638777,0.022841263478211058,Green
3080,0,0.0037359928013756868,0.07392779317605466,0.01777435287631148,Green
3081,0,0.02129700351506472,0.015032351385943611,0.020044073089240496,Green
3082,0,0.0077697159722447395,0.10401404554050049,0.027018581885895884,Green
3083,0,0.00012476974879973567,0.10547905019003917,0.021195625837047618,Green
3084,0,0.00020170381394564175,0.1354602379791516,0.027253410646986827,Green
3085,0,0.18205711543560027,0.11789998890604322,0.16922569012968885,Green
3086,0,0.00032186834141612053,0.09699632609056034,0.019656759891244963,Green
3087,0,0.0005661044619046151,0.09981045150526342,0.020414973870576374,Green
3088,0,0.03135240599513054,0.04648400359926287,0.034378725515957005,Green
3089,0,0.00010710059141274541,0.10495663067013912,0.021077006607158014,Green
3090,0,0.00025085828674491494,0.0444360504704843,0.00908789672349279,Green
3091,0,5.649008962791413e-05,0.09234199614526979,0.018513591300756284,Green
3092,0,0.00039154138066805895,0.06709670833237241,0.013732574771008926,Green
3093,0,0.0008108844514936209,0.09958999614070653,0.0205667067893362,Green
3094,0,0.002079583238810301,0.04287425041978347,0.010238516675004933,Green
3095,0,4.729813445010222e-05,0.20452513926951554,0.04094286636146318,Green
3096,0,0.00017127515457104892,0.18974496817782488,0.038086013759221805,Green
3097,0,0.0003529318317305296,0.05072559895977736,0.010427465257339893,Green
3098,0,0.0008450013701803982,0.12662093636844757,0.026000188369833824,Green
3099,0,0.002579961926676333,0.0875448796084586,0.01957294546303278,Green
3100,0,0.001128698419779539,0.1061747728313169,0.022137913302087007,Green
3101,0,0.0008610095828771591,0.0801800255963437,0.016724812785570465,Green
3102,0,0.21591530442237852,0.05375830765958134,0.1834839050698191,Green
3103,0,0.00593298003077507,0.1535913837714607,0.03546466077891219,Green
3104,0,0.001781899854540825,0.050691482982419,0.011563816480116458,Green
3105,0,0.0004968909313902258,0.19905902881191118,0.04020931850749441,Green
3106,0,0.0009744626702740788,0.06399395409986734,0.013578360956192729,Green
3107,0,0.0033268083818256853,0.1352312821204067,0.029707703129541883,Green
3108,0,0.017337061651051044,0.10152197739489915,0.03417404479982066,Green
3109,0,0.0008526636986061931,0.12775931942496677,0.0262339948438783,Green
3110,0,0.002079231897369027,0.04914218099521964,0.011491821716939148,Green
3111,0,0.016707726009190082,0.030515565603822462,0.019469293928116554,Green
3112,0,0.0005557807045988738,0.15326196036681264,0.03109701663704162,Green
3113,0,0.001166010822635144,0.12083529942557339,0.02509986854322279,Green
3114,0,0.0029696441954001783,0.1496067828862673,0.0322970719335736,Green
3115,0,0.0005479548242874443,0.01667299577413514,0.0037729630142569826,Green
3116,0,0.005003029573708772,0.13428925165552175,0.030860273990071362,Green
3117,0,0.0010540333343669773,0.04229096932096349,0.009301420531686278,Green
3118,0,0.008478679973632096,0.08858218816983927,0.02449938161287353,Green
3119,0,0.00034684740821830926,0.15216185459581286,0.030709848845737214,Green
3120,0,0.008086845465004443,0.05542156516780341,0.017553789405564235,Green
3121,0,0.0004648748668842018,0.12555591307477057,0.025483082508461468,Green
3122,0,0.0003098688728641719,0.05257493192494684,0.010762881483280704,Green
3123,0,0.00031145497341640295,0.11273919410371878,0.022797002799476874,Green
3124,0,0.005727721145376563,0.0375910239233613,0.012100381700973509,Green
3125,0,0.0028238050639629365,0.06104525520084406,0.014468095091339159,Green
3126,0,0.0014441272825933991,0.09188022687549548,0.01953134720117381,Green
3127,0,0.00016186883149202914,0.055635689784508835,0.011256633022095388,Green
3128,0,0.0019029519520699977,0.07122242959497316,0.015766847480650627,Green
3129,0,0.00045616891584359114,0.08603952627151648,0.017572840386978164,Green
3130,0,0.003948888275772333,0.03239013886288187,0.00963713839319424,Green
3131,0,0.0004803152522072196,0.11546681035150147,0.023477614272066065,Green
3132,0,0.011625000648200512,0.07573985817359431,0.02444797215327927,Green
3133,0,0.0002146423910744488,0.07649962757213484,0.015471639427286524,Green
3134,0,0.0027982329949736598,0.10261171715249737,0.022760929826478395,Green
3135,0,0.00035819641198031604,0.15003627636662542,0.03029381240290933,Green
3136,0,0.0009169948985800147,0.29317149254034053,0.059367894426932105,Green
3137,0,0.0004332344513386488,0.1452397173709222,0.029394531035255352,Green
3138,0,0.0028067069593816995,0.04936965097607355,0.012119295762720068,Green
3139,0,0.0009729931713081897,0.05409796129394068,0.011597986795834684,Green
3140,0,0.001994420075789094,0.32395338434621324,0.0663862129298739,Green
3141,0,0.009955218993127346,0.15196621120197487,0.038357417434896846,Green
3142,0,0.0001635807362617925,0.13634008849553214,0.027398882288115853,Green
3143,0,0.0030054663307964805,0.3176145977241877,0.06592729260947472,Green
3144,0,0.00010086913898703642,0.12285789010717554,0.024652273332624732,Green
3145,0,0.0011687407270073891,0.08198061798779115,0.01733111617916414,Green
3146,0,0.00013018073223065586,0.11805850146560712,0.023715844878905944,Green
3147,0,7.87513898103498e-05,0.06285835424886113,0.012634671961620504,Green
3148,0,0.0003647806239314377,0.09071031180455325,0.018433886860055797,Green
3149,0,0.001795520493760705,0.03996350468074648,0.009429117331157857,Green
3150,0,0.0035307627171277996,0.1264451049878715,0.028113631171276535,Green
3151,0,0.01292041353881359,0.1132819785000528,0.03299272653106143,Green
3152,0,0.0004158193274633959,0.12644452555652377,0.025621560573275467,Green
3153,0,0.0006478243856690824,0.2526711275058588,0.05105248500970701,Green
3154,0,4.619149331119843e-05,0.11246074793648804,0.022529102781946562,Green
3155,0,0.0003859327756799757,0.07886527767865217,0.01608180175627441,Green
3156,0,0.000463219580706209,0.11042270211111717,0.022455116086788397,Green
3157,0,8.609217475168407e-05,0.11472841374761698,0.02301455648932474,Green
3158,0,0.00024143128539435565,0.12026674253030215,0.02424649353437591,Green
3159,0,0.00016393922269344332,0.06712347721176178,0.013555846820507107,Green
3160,0,0.00031171911396086214,0.06821638509858977,0.01389265231088664,Green
3161,0,6.53533628792502e-05,0.05880053939112379,0.011812390568528156,Green
3162,0,0.00013581792009063063,0.0839007906297018,0.016888812462012858,Green
3163,0,0.000663252838421613,0.07464758091547465,0.015460118453832215,Green
3164,0,0.00020387296681292355,0.06899410784513002,0.01396191994247634,Green
3165,0,0.0005714125349186361,0.11464041246823464,0.023385212521581832,Green
3166,0,0.0010230474174022673,0.028844534890746877,0.006587344912071188,Green
3167,0,0.00033632079721428453,0.09599505666802832,0.019468067971377085,Green
3168,0,0.0006572388694621623,0.13723510797486743,0.02797281269054321,Green
3169,0,0.0007132356287911535,0.11758115943899781,0.02408682039083248,Green
3170,0,0.011390135437250138,0.18634641151649736,0.046381390653099576,Green
3171,0,0.002957686223089695,0.026272539576383362,0.007620656893748428,Green
3172,0,0.001188655209261924,0.02083141729127591,0.00511720762566472,Green
3173,0,0.0002590554882772267,0.08615496671902523,0.01743823773442682,Green
3174,0,0.000332613178761676,0.09349735752260324,0.018965562047529985,Green
3175,0,0.0004206614918075502,0.019095680594061352,0.00415566531225831,Green
3176,0,0.0006661389663349837,0.07201269430034951,0.014935450033137886,Green
3177,0,0.0007780823041684925,0.025395375803081866,0.005701541003951167,Green
3178,0,0.005482644401490688,0.03800945092256362,0.011988005705705273,Green
3179,0,0.001069613127037883,0.06868298257127133,0.014592287015884569,Green
3180,0,0.00024759014486335217,0.12100120686705754,0.024398313489302183,Green
3181,0,0.016813675314188002,0.047585468280284884,0.022968033907407377,Green
3182,0,0.0006940467515960336,0.050744322077352855,0.010704101816747394,Green
3183,0,0.00013067526451777668,0.09392638673480028,0.018889817558574273,Green
3184,0,0.0053938128054142,0.1156877070781762,0.027452591659966597,Green
3185,0,0.000235184608027339,0.12286096733720803,0.02476034115386347,Green
3186,0,0.0001484736450947821,0.06965738035755492,0.014050254987586807,Green
3187,0,0.001375102624297142,0.06838189088808613,0.014776460277054938,Green
3188,0,0.0002118163538398221,0.0810194210651395,0.016373337296099754,Green
3189,0,0.0001263492798898369,0.07158178530913907,0.01441743648573968,Green
3190,0,0.00024715618055779485,0.11609772607021564,0.023417270158489358,Green
3191,0,0.00015501299494644628,0.2588643467501811,0.051896879745993364,Green
3192,0,0.0008475851616822183,0.05173338858048153,0.011024745845442078,Green
3193,0,0.0002150742628145963,0.11665831455857588,0.02350372232196685,Green
3194,0,0.23272561132907865,0.20457046182070457,0.22709458142740382,Green
3195,0,0.0002607353264465928,0.07913056735174105,0.016034701731505483,Green
3196,0,0.02234404906630516,0.1397855177796719,0.04583234280897851,Green
3197,0,0.0005116463988088071,0.06686253984623673,0.013781825088294388,Green
3198,0,0.005212468840181827,0.07956601245491923,0.020083177563129304,Green
3199,0,0.002611111011356115,0.10928540495162178,0.023945969799409245,Green
3200,0,0.0010785154358018188,0.08116395222022492,0.017095602792686435,Green
3201,0,6.842902585049159e-05,0.08099728816875038,0.016254200854430464,Green
3202,0,0.00015909452340565622,0.06865285368507919,0.013857846355740359,Green
3203,0,0.0017806705087423324,0.025777027803353253,0.006579941967664516,Green
3204,0,0.0008215253707021475,0.06393480853226531,0.013444182003014777,Green
3205,0,0.0003596644441131502,0.15924339415686367,0.03213641038666325,Green
3206,0,0.007368656294420362,0.08011436173573873,0.021917797382684033,Green
3207,0,0.0025960583006963134,0.05825471708925912,0.013727790058408872,Green
3208,0,0.02971441447734833,0.133392369270767,0.050450005436032064,Green
3209,0,0.00990002010948956,0.03822626327247234,0.015565268742086115,Green
3210,0,0.0008377004065550863,0.057487955808255185,0.012167751486895103,Green
3211,0,0.0025468138977885243,0.15491117465473322,0.03301968604917745,Green
3212,0,0.001353214750997722,0.11104129979493822,0.02329083175978582,Green
3213,0,0.008186880219727754,0.07112800929162942,0.020775106034108086,Green
3214,0,0.00513874334283173,0.10053555133807136,0.024218104941879655,Green
3215,0,0.024698283709585666,0.0866083247712283,0.037080291921914185,Green
3216,0,0.0018452628515660762,0.0619885394219733,0.013873918165647519,Green
3217,0,0.00017635930271353573,0.168381217702537,0.033817330982678216,Green
3218,0,0.00029874909669160845,0.15021774936422308,0.030282549150197895,Green
3219,0,0.12045441567897797,0.15081611457858196,0.12652675545889877,Green
3220,0,0.0006693897419609129,0.16262981992726575,0.03306147577902187,Green
3221,0,0.0010466770734637975,0.08196190093548422,0.01722972184586788,Green
3222,0,0.000699974992312491,0.09846609278557462,0.020253198550964916,Green
3223,0,0.06852683275938033,0.06630288765806204,0.06808204373911668,Green
3224,0,0.00018344366981182247,0.2685616103598861,0.053859077007826675,Green
3225,0,0.0008700016885995864,0.14670572854120884,0.03003714705912143,Green
3226,0,0.0020133670652285217,0.08655949444335378,0.018922592540853572,Green
3227,0,0.0006772317225113511,0.08465765706808484,0.017473316791626045,Green
3228,0,0.00023587613832205535,0.10867103242483409,0.021922907395624455,Green
3229,0,0.00027758502401411536,0.07937756668964066,0.01609758135713942,Green
3230,0,0.0015479777473956348,0.05374493379931644,0.011987368957779793,Green
3231,0,0.0012197239324450494,0.08610316290804891,0.018196411727565816,Green
3232,0,0.00012731639435514808,0.0698052804186709,0.014062909199218295,Green
3233,0,0.006901379488408565,0.14195699719607618,0.03391250302994209,Green
3234,0,0.0005081389914266765,0.044974860473404814,0.009401483287822303,Green
3235,0,0.001244830130599439,0.1166265106543976,0.024321166235359067,Green
3236,0,0.00047309478977695105,0.08899875336400861,0.01817822650462328,Green
3237,0,0.003591356985270977,0.0984244402242089,0.02255797363305856,Green
3238,0,4.452663852134719e-05,0.15349178103556896,0.03073397751793086,Green
3239,0,0.0005411168327555061,0.06691148951221293,0.013815191368646987,Green
3240,0,0.05010152123868466,0.03870294312157096,0.04782180561526192,Green
3241,0,0.016053253412246705,0.039489802224822845,0.02074056317476193,Green
3242,0,0.14208734035491943,0.12257821795756647,0.13818551587544883,Green
3243,0,0.00020914698834531011,0.028867527836515274,0.005940823157979301,Green
3244,0,0.00904249968007207,0.1098621302770491,0.029206425799467473,Green
3245,0,0.0013324859552085399,0.15968296166908166,0.03300258109798316,Green
3246,0,0.0019080366473644972,0.11381291309414207,0.024289011936720006,Green
3247,0,0.005264041293412447,0.03737072306848017,0.01168537764842599,Green
3248,0,0.001432462641969323,0.04831844030250714,0.010809658174076885,Green
3249,0,0.0014298464637249708,0.07075439519394419,0.015294756209768811,Green
3250,0,0.026861036941409108,0.054538704839825765,0.03239657052109244,Green
3251,0,0.000374263699632138,0.02869056041453401,0.006037523042612512,Green
3252,0,0.0007974999258294702,0.07658550794806047,0.015955101530275666,Green
3253,0,0.0007652393542230129,0.07738363324080304,0.016088918131539016,Green
3254,0,0.0003092649902100675,0.17837142695574726,0.0359216973833175,Green
3255,0,0.0007509731804020703,0.060762660731286104,0.012753310690578876,Green
3256,0,0.00029938928200863303,0.09491607813045608,0.019222727051698116,Green
3257,0,6.965399807086216e-05,0.06343014769335838,0.012741752737128362,Green
3258,0,0.0007626678969245404,0.0218552942593326,0.0049811931694061515,Green
3259,0,0.468735408782959,0.10350803797256283,0.39568993462087976,Amber
3260,0,0.25790922045707704,0.09984296014437964,0.22629596839453758,Green
3261,0,0.00040478578885085883,0.14932838551163494,0.030189505733407666,Green
3262,0,0.008274651132524014,0.13709200426758397,0.034038121759536,Green
3263,0,0.0005895430105738342,0.2412748087391265,0.04872659615628436,Green
3264,0,0.00021566070790868253,0.08149508873983864,0.01647154631429467,Green
3265,0,0.003962108911946416,0.1018346352423512,0.023536614178027368,Green
3266,0,0.003995427885092794,0.1601724708398706,0.03523083647604835,Green
3267,0,0.0007724986644461751,0.07882216755830174,0.016382432443217285,Green
3268,0,0.0002723152458202094,0.034111270105140146,0.007040106217684194,Green
3269,0,0.001070765475742519,0.107736732624206,0.022403958905435208,Green
3270,0,0.0003600458963774145,0.07494384162020525,0.015276805041142977,Green
3271,0,0.0003188956412486732,0.10338628243790118,0.02093237300057917,Green
3272,0,0.01800477597862482,0.09042778392129938,0.03248937756715973,Green
3273,0,0.00020963397109881045,0.09686574914539187,0.019540857005957417,Green
3274,0,0.005355805065482855,0.0914590283243996,0.0225764497172662,Green
3275,0,0.00015541800239589066,0.17906067045267596,0.0359364684924519,Green
3276,0,0.0002925215201685205,0.11985034978222242,0.024204087172579297,Green
3277,0,0.006448885425925255,0.06556516542282172,0.018272141425304547,Green
3278,0,0.00015668773557990788,0.12463415770321613,0.025052181729107146,Green
3279,0,0.01470603421330452,0.09027946455374859,0.029820720281393334,Green
3280,0,0.0002209867932833731,0.1359761583985959,0.027372021114345873,Green
3281,0,0.00027289487188681956,0.16330798018590587,0.03287991193469062,Green
3282,0,8.57607607031241e-05,0.0551524739246566,0.011099103393493816,Green
3283,0,0.022363949939608573,0.11039510088896896,0.03997018012948064,Green
3284,0,0.0011197857093065977,0.14049447033538465,0.028994722634522203,Green
3285,0,0.02698495052754879,0.13999191145843104,0.04958634271372524,Green
3286,0,0.0006237284746021032,0.029870979346594405,0.006473178649000562,Green
3287,0,0.00019559915526770057,0.06129073402295995,0.012414626128806148,Green
3288,0,0.0025076043326407674,0.02138053458503201,0.006282190383119014,Green
3289,0,0.0004758079187013209,0.0830913100151088,0.016998908337982815,Green
3290,0,0.0002462275384459645,0.12224117917418462,0.024645217865593688,Green
3291,0,0.00020380225323606281,0.11873479056882415,0.02390999991635367,Green
3292,0,0.00014109607436694205,0.052883278540180316,0.010689532567529615,Green
3293,0,0.00016037651512306182,0.14078580766018217,0.02828546274413488,Green
3294,0,0.000671327649615705,0.10564299005152523,0.021665660129997606,Green
3295,0,0.0004296359169529751,0.081030169435597,0.016549742620681776,Green
3296,0,8.08246542874258e-05,0.14179641086544148,0.02842394189651823,Green
3297,0,0.0006029224838130176,0.08097899551209668,0.016678137089469747,Green
3298,0,0.0039254588074982165,0.16316009517202543,0.03577238608040365,Green
3299,0,0.0006141238729469477,0.08703178645530248,0.01789765638941805,Green
3300,0,0.0014011683641001584,0.17609975518657398,0.03634088572859492,Green
3301,0,0.0023370330221951004,0.0546026628802767,0.012790158993811418,Green
3302,0,0.004756018286570907,0.0794744365265595,0.019699701934568624,Green
3303,0,0.017968675633892418,0.015598213399254572,0.017494583186964847,Green
3304,0,0.03754304498434067,0.08320770652375406,0.04667597729222334,Green
3305,0,0.007451638672500848,0.2629836917580843,0.058558049289617525,Green
3306,0,0.011454305797815322,0.18388241141159,0.04593992692057025,Green
3307,0,0.0022141280001960694,0.08917910497288371,0.019607123394733594,Green
3308,0,0.003477628156542778,0.06271581814592857,0.015325266154419932,Green
3309,0,0.004028249531984329,0.05835895038478837,0.014894389702545134,Green
3310,0,0.004070017579942941,0.02463731659003563,0.008183477381961478,Green
3311,0,0.011872037872672082,0.041092792718954586,0.017716188841928583,Green
3312,0,0.0003986623138189316,0.04893097922150801,0.010105125695356746,Green
3313,0,0.0013674600515514613,0.12281041824354025,0.02565605168994921,Green
3314,0,0.0019094472052529456,0.1861101951664375,0.03874959679748985,Green
3315,0,0.013453477993607521,0.08106418931339457,0.02697562025756493,Green
3316,0,5.178660940146074e-05,0.12321127057171936,0.024683683401865036,Green
3317,0,0.0005392039311118424,0.042733821003891274,0.008978127345667728,Green
3318,0,0.00015593662683386356,0.2808129416910518,0.056287337639677436,Green
3319,0,0.006024924758821725,0.10150116875156026,0.02512017355736943,Green
3320,0,0.0007007640087977052,0.09304492263343106,0.01916959573372437,Green
3321,0,0.0026228809962049126,0.09137520369312009,0.020373345535587947,Green
3322,0,0.00015048148343339564,0.12101202617897976,0.02432279042254266,Green
3323,0,0.00010333811078453437,0.04884958733142494,0.009852587954912614,Green
3324,0,0.046061142534017566,0.1289436269106403,0.06263763940934211,Green
3325,0,0.007724848389625549,0.0657813945932649,0.019336157630353415,Green
3326,0,0.7108831048011779,0.06086166907659967,0.5808788176562623,Amber
3327,0,0.00010775604168884457,0.1599741835657462,0.03208104154650031,Green
3328,0,0.0003373746061697602,0.057427796212607955,0.011755458927457397,Green
3329,0,0.0009152478305622935,0.1262146620085933,0.025975130666168487,Green
3330,0,0.0004867862327955663,0.10309761122331901,0.02100895123090025,Green
3331,0,0.00010797790309879929,0.05950731413021703,0.011987845148522443,Green
3332,0,0.00035899136564694346,0.07470737169355933,0.015228667431229416,Green
3333,0,0.0014470816822722554,0.27656786510102793,0.05647123836602338,Green
3334,0,0.00010702603904064744,0.4005278589819943,0.08019119262763136,Green
3335,0,0.0008846535813063384,0.11977778684513823,0.024663280234072712,Green
3336,0,0.00025884853675961494,0.1917575853614434,0.03855859590169637,Green
3337,0,0.0027259199414402246,0.10636524207094863,0.023453784367341902,Green
3338,0,0.004232578631490469,0.08104053018185613,0.019594168941563597,Green
3339,0,0.004049613396637141,0.10706377470857241,0.02465244565902419,Green
3340,0,0.00043639597715809946,0.12415848927837654,0.02518081463740178,Green
3341,0,0.000314426003023982,0.024298190281014095,0.005111178858622003,Green
3342,0,0.002423338918015361,0.1300047532611759,0.02793962178664746,Green
3343,0,0.00017367228283546866,0.0598364176905391,0.012106221364376193,Green
3344,0,0.00021190801344346256,0.0745318591996322,0.015075898250681207,Green
3345,0,0.004468006454408168,0.050392393363995744,0.013652883836325682,Green
3346,0,0.00025830972008407117,0.10556367007059991,0.021319381790187233,Green
3347,0,0.00020400525827426463,0.22284359808438173,0.044731923823495744,Green
3348,0,0.0009671491687186062,0.18426815407569092,0.037627350150113065,Green
3349,0,7.32358661480248e-05,0.1276804912745881,0.025594686947836034,Green
3350,0,0.00010587385695544071,0.26757513963064267,0.053599727011692876,Green
3351,0,0.000497123587410897,0.16423628414431074,0.03324495569879086,Green
3352,0,0.0071645379066467285,0.04317111098954694,0.01436585252322677,Green
3353,0,0.00034612214658409353,0.11179391334885154,0.022635680387037577,Green
3354,0,0.012416152749210596,0.043754574951563215,0.01868383718968112,Green
3355,0,0.001455195643939078,0.1502502395986223,0.031214204434875714,Green
3356,0,0.00018087223870679736,0.1968935101163462,0.03952339981423467,Green
3357,0,0.00026110872859135274,0.09778915599015675,0.01976671818090443,Green
3358,0,0.0007442575006280094,0.059934400152406066,0.012582286030983617,Green
3359,0,0.0063205078244209295,0.05195749864743824,0.01544790598902439,Green
3360,0,0.00209413303527981,0.06800296274853816,0.015275898977931478,Green
3361,0,0.00019190375169273466,0.04934493094121413,0.010022509189597012,Green
3362,0,0.036819061264395714,0.034359374823072594,0.03632712397613109,Green
3363,0,0.00028820098377764226,0.12361671840338445,0.024953904467699,Green
3364,0,0.001012817700393498,0.1781852784779891,0.03644730985591261,Green
3365,0,0.0002710586879402399,0.10594042810502517,0.021404932571357223,Green
3366,0,0.009930578339844943,0.05542600280624901,0.019029663233125754,Green
3367,0,0.00016597135108895598,0.15167183833754902,0.030467144748380963,Green
3368,0,0.006389006460085511,0.2366080258812063,0.052432810344309654,Green
3369,0,0.00012580554757732899,0.26008892606969436,0.052118429652000725,Green
3370,0,0.00016087745170807467,0.19204342388759238,0.038537386738884925,Green
3371,0,0.00022375523258233443,0.14415730912437114,0.029010466010940088,Green
3372,0,0.001533791143447161,0.0925731899778665,0.01974167091033102,Green
3373,0,0.005830568633973598,0.1612760388625184,0.03691966267968255,Green
3374,0,0.013681378588080407,0.08702166885950584,0.028349436642365486,Green
3375,0,0.0010589215904474258,0.1221557491107812,0.025278287094514174,Green
3376,0,0.0012443769490346312,0.07723745612964267,0.016442992785156235,Green
3377,0,0.0006110493908636272,0.08397128027563275,0.017283095567817448,Green
3378,0,0.00041586467996239667,0.1515002247710373,0.03063273669817737,Green
3379,0,4.730265609396156e-05,0.3250509600105533,0.06504803412698582,Green
3380,0,0.0005981562193483114,0.2992717804106131,0.060332881057601255,Green
3381,0,0.004287912789732218,0.04496285852920098,0.01242290193762597,Green
3382,0,0.0007113269937690347,0.14400808121197545,0.02937067783741031,Green
3383,0,0.0005005507438909263,0.24026711665193826,0.04845386392550038,Green
3384,0,0.0033886725548654796,0.08734157335580009,0.0201792527150524,Green
3385,0,0.002817565342411399,0.11420544223665678,0.02509514072126047,Green
3386,0,0.0007875643321312964,0.08671002152578222,0.017972055770861476,Green
3387,0,0.00028108371188864114,0.09158361028721841,0.018541589026954592,Green
3388,0,0.0002964174491353333,0.0702358745081191,0.014284308860932085,Green
3389,0,0.0008987736888229847,0.10991485190437893,0.022701989331934166,Green
3390,0,0.023985980823636056,0.05285274999710498,0.02975933465832984,Green
3391,0,0.00010528585698921233,0.12120462556801653,0.02432515379919467,Green
3392,0,0.0003825118241365999,0.05022279177781423,0.010350567814872124,Green
3393,0,0.00010617910666042008,0.10626529068441738,0.021338001422211806,Green
3394,0,2.3055240308167414e-05,0.23523758115529128,0.04706596042330478,Green
3395,0,0.005646664835512638,0.04922557767482497,0.014362447403375103,Green
3396,0,0.005174867063760757,0.08140255047367226,0.020420403745743054,Green
3397,0,0.0004136371717322618,0.03251594508842754,0.0068340987550713165,Green
3398,0,0.5310418963432312,0.023779162380261593,0.42958934955063727,Amber
3399,0,0.00019294581725262105,0.14114691899708662,0.028383740453219414,Green
3400,0,0.00015289159055100753,0.11935923817478782,0.023994160907398362,Green
3401,0,0.012038498953916133,0.1219860120309775,0.0340280015693284,Green
3402,0,0.0013979433686472475,0.13820174601365495,0.028758703897648782,Green
3403,0,0.00013772596284979957,0.11662678762054232,0.0234355382943883,Green
3404,0,0.0034485173411667345,0.08841650367491366,0.020442114607916114,Green
3405,0,0.0011382296215742826,0.2581820442136584,0.052546992539991094,Green
3406,0,0.02279018862172961,0.024898314014918974,0.023211813700367484,Green
3407,0,0.0008131114766001702,0.10726447344786508,0.022103383870853147,Green
3408,0,6.294480481301435e-05,0.08855552577709441,0.01776146099926929,Green
3409,0,0.0010398360202088952,0.1751032703744068,0.03585252289104847,Green
3410,0,0.000509146018885076,0.08119790677602486,0.01664689817031303,Green
3411,0,0.0002606242400361225,0.09045477597588958,0.018299454587206807,Green
3412,0,0.0002272126148454845,0.04706819461626811,0.009595409015130008,Green
3413,0,0.002141853008652106,0.03653485688768359,0.009020453784458402,Green
3414,0,0.003836000757291913,0.12658675212916334,0.028386151031666196,Green
3415,0,0.001042177772615105,0.09990223517782448,0.020814189253656978,Green
3416,0,0.0004286796727683395,0.2114559472877139,0.04263413319575744,Green
3417,0,0.0036104566417634485,0.22103985716643393,0.04709633674669753,Green
3418,0,0.00038152718334458766,0.2048110463377133,0.041267431014218314,Green
3419,0,0.0006345927948132157,0.05125700713937778,0.010759075663726126,Green
3420,0,0.094454325735569,0.12953721866792642,0.10147090432204048,Green
3421,0,0.0006955722346901894,0.1460709583761154,0.029770649462975224,Green
3422,0,5.688339588232339e-05,0.119340350897299,0.02391357689616565,Green
3423,0,0.00016268850304186345,0.07311228593833083,0.014752607990099652,Green
3424,0,0.0001055391890986357,0.15311366465366685,0.030707164282012273,Green
3425,0,0.0006420979741960763,0.06842022980171453,0.014197724339699763,Green
3426,0,0.0007511624426115304,0.09903848891911525,0.02040862773791227,Green
3427,0,0.000340753432828933,0.05535515899015332,0.01134363454429381,Green
3428,0,0.00017420033109374347,0.11465026491963844,0.023069413248802677,Green
3429,0,0.00029732797702308744,0.11075211563152698,0.022388285507923864,Green
3430,0,0.0010845363489352168,0.04490432214137842,0.009848493507423856,Green
3431,0,0.00020486871362663807,0.13382208192783734,0.026928311356468775,Green
3432,0,0.0002384365303441882,0.13101216269659333,0.026393181763594013,Green
3433,0,0.0017999297939240932,0.08628488107727034,0.01869692005059334,Green
3434,0,0.00015346858126576992,0.06889612038642837,0.013901998942298287,Green
3435,0,0.0003755823854589835,0.14883507807251992,0.030067481522871163,Green
3436,0,7.608833548147231e-05,0.05412909499903231,0.010886689668191637,Green
3437,0,0.0008941562380641698,0.10901976045799203,0.022519277082049736,Green
3438,0,0.00216525960713625,0.04201463872132682,0.010135135429974362,Green
3439,0,0.0005390531965531408,0.1041855482875625,0.02126835221475501,Green
3440,0,0.00018465852772351355,0.03650794272124187,0.007449315366427184,Green
3441,0,0.0013655196642503142,0.04525958440468131,0.01014433261233651,Green
3442,0,0.011287652142345905,0.05483380041704994,0.01999688179728671,Green
3443,0,0.0006223263102583587,0.10816274783885518,0.02213041061597772,Green
3444,0,0.0029106671921908856,0.15434658991447056,0.03319785173664681,Green
3445,0,0.24861700534820558,0.06815327921575885,0.21252426012171624,Green
3446,0,0.0007423729868605733,0.0745800967168422,0.015509917732856895,Green
3447,0,0.00013878419413231312,0.10720772053358815,0.021552571462023475,Green
3448,0,0.0002641172788571566,0.024270806424190106,0.005065455107923745,Green
3449,0,0.0035986948292702436,0.1078091689496456,0.02444078965334531,Green
3450,0,0.0014008232625201344,0.08406377792532402,0.017933414195080908,Green
3451,0,0.001880660664755851,0.0966911173459447,0.020842752000993617,Green
3452,0,0.021369480341672898,0.06635285553080468,0.03036615537949925,Green
3453,0,0.0013282203814014794,0.08451190032517594,0.017964956370156368,Green
3454,0,0.12075435668230056,0.14833607725934916,0.12627070079771027,Green
3455,0,0.00047939408104866746,0.08288690161315379,0.016960895587469688,Green
3456,0,0.00022170495067257433,0.1080276462666451,0.021782893213867074,Green
3457,0,0.03756427392363548,0.18938461183678743,0.06792834150626587,Green
3458,0,0.00011994738306384534,0.09406626125217818,0.018909210156886708,Green
3459,0,0.054141792654991146,0.0764724703217098,0.05860792818833487,Green
3460,0,0.00019417793664615603,0.08315506125421644,0.01678635460016021,Green
3461,0,0.000475206266855821,0.16330554519752913,0.033041274052990476,Green
3462,0,0.0018905895994976163,0.24460976799597842,0.050434425278793764,Green
3463,0,0.006317636836320162,0.1999008891431339,0.0450342872976829,Green
3464,0,9.68168504186906e-05,0.05756055169883417,0.011589563820101784,Green
3465,0,0.001795749249868095,0.04601074405196507,0.010638748210287489,Green
3466,0,0.013264798931777478,0.05625836657011735,0.021863512459445452,Green
3467,0,0.0010156724834814667,0.16754844602101013,0.034322227190987195,Green
3468,0,0.00010887890384765343,0.12147788025538286,0.024382679174154688,Green
3469,0,0.00013825640198774635,0.21280143315084216,0.042670891751758616,Green
3470,0,0.0006575243431143462,0.14634774211233842,0.029795567896959155,Green
3471,0,0.0003268561646109447,0.13412667356720875,0.027086819645130503,Green
3472,0,0.0007428339740727097,0.0762713665538248,0.015848540490023124,Green
3473,0,0.0100931943859905,0.04541821736178426,0.01715819898114925,Green
3474,0,0.0013234498677775262,0.13396080097259433,0.02785092008874088,Green
3475,0,0.0151154775172472,0.10932222597238472,0.0339568272082747,Green
3476,0,0.0027976050041615963,0.06922265133115131,0.016082614269559536,Green
3477,0,0.0009732719510793686,0.1424657509531513,0.02927176775149375,Green
3478,0,0.000343966914806515,0.15026969034244936,0.030329111600335076,Green
3479,0,0.00018152023549191653,0.08161826787377165,0.016468869763147858,Green
3480,0,0.002181193232536316,0.08314331085692113,0.018373616757413273,Green
3481,0,0.0063512446358799934,0.07889672675398995,0.020860341059501984,Green
3482,0,0.0009705209638923407,0.061357047303594,0.01304782623183267,Green
3483,0,0.0008638044586405158,0.14654876384273274,0.030000796335458955,Green
3484,0,0.0029460824094712733,0.10395731860440179,0.02314832964845737,Green
3485,0,0.016967596020549536,0.17477584928134882,0.048529246672709386,Green
3486,0,0.0005957855028100312,0.05545196651742263,0.011567021705732549,Green
3487,0,0.0005552313174121082,0.192620572045378,0.03896829946300528,Green
3488,0,0.0033806778956204653,0.1257748814597594,0.027859518608448246,Green
3489,0,0.0005585911218076945,0.022675862791164722,0.004982045455679099,Green
3490,0,0.006053858995437622,0.07090543918980535,0.019024175034311166,Green
3491,0,0.0007581836427561939,0.2099642553117525,0.042599397976555445,Green
3492,0,9.503553155809641e-05,0.20109618305966073,0.04029526503717861,Green
3493,0,0.0004670233000069856,0.18972589853744773,0.038318798347495124,Green
3494,0,0.007632159907370806,0.15274579471193134,0.0366548868682829,Green
3495,0,7.376286230282859e-05,0.21550834076852698,0.043160678443547644,Green
3496,0,0.007965313829481601,0.29155425225352705,0.06468310151429067,Green
3497,0,0.001276542549021542,0.15326087872506464,0.03167340978423015,Green
3498,0,0.0002702209108974785,0.09984437648354656,0.02018505202542729,Green
3499,0,0.00021532394748646766,0.18711027922975318,0.037594315003939796,Green
3500,0,0.0023178368341177703,0.12745292800649446,0.027344855068593105,Green
3501,0,0.00014620513829868286,0.08774428374717196,0.017665820860073334,Green
3502,0,6.989789690123872e-05,0.09943510725838592,0.01994293976919817,Green
3503,0,0.00077554474119097,0.05831183843682646,0.012282803480318065,Green
3504,0,0.003796152630820871,0.08102255412312004,0.0192414329292807,Green
3505,0,0.00038339720049407333,0.2093907036657123,0.04218485849353771,Green
3506,0,0.0001574601003085263,0.23582921324565342,0.04729181072937749,Green
3507,0,0.0015775612322613596,0.060989348338138585,0.0134599186534368,Green
3508,0,0.000964730209670961,0.14351522170418857,0.029474828508574476,Green
3509,0,5.166363989701494e-05,0.045089914348639515,0.009059313781645513,Green
3510,0,0.004583935346454382,0.0823087236985863,0.020128893016880763,Green
3511,0,0.0002399331075139344,0.11993843358498149,0.02417963320300744,Green
3512,0,0.0015117133734747767,0.12524023430220838,0.02625741755922149,Green
3513,0,0.0018833277514204384,0.13096903067485663,0.02770046833610767,Green
3514,0,0.007364523597061634,0.12907804782494373,0.03170722844263805,Green
3515,0,0.0003216205863282084,0.11523788476691173,0.02330487342244491,Green
3516,0,0.007957652024924756,0.1281027179745655,0.0319866652148529,Green
3517,0,0.0004470690677408129,0.04515095191761705,0.009387845637716058,Green
3518,0,0.0008375575300306082,0.13721389115610835,0.028112824255246152,Green
3519,0,0.00046830122591927647,0.1274076756775399,0.0258561761162434,Green
3520,0,0.00010817458969540894,0.044928905521523524,0.00907232077606103,Green
3521,0,0.00044342780020087955,0.15599321564318472,0.03155338536879764,Green
3522,0,0.0010783915873616933,0.07891509738131423,0.0166457327461522,Green
3523,0,0.023021600395441058,0.09765965205368143,0.03794921072708913,Green
3524,0,0.0003458988125203177,0.11816920580866308,0.023910560211748862,Green
3525,0,0.0004046270332764834,0.06559685045836933,0.01344307171829505,Green
3526,0,0.000652547919889912,0.08644176955678952,0.017810392247269827,Green
3527,0,0.00207113497890532,0.05913748041578811,0.013484404066281876,Green
3528,0,5.077931964478922e-05,0.10572691661803713,0.02118600677932325,Green
3529,0,0.011621101945638656,0.0947933322146018,0.02825554799943128,Green
3530,0,0.0004544170224107802,0.20698273782603532,0.04176008118313568,Green
3531,0,0.026471010595560077,0.08694176361923477,0.03856516120029502,Green
3532,0,0.0002487579942680895,0.16476818024619122,0.033152642444652713,Green
3533,0,0.00037751584022771567,0.11143375657807411,0.022588763987796988,Green
3534,0,0.00033887269091792405,0.0393626331174324,0.008143624776220817,Green
3535,0,0.10017890147864819,0.056539656105953184,0.09145105240410918,Green
3536,0,0.00032561421976424755,0.21106492475635955,0.042473476327083294,Green
3537,0,0.00040725988801568744,0.05447610851999661,0.011221029614411869,Green
3538,0,0.004571773763746023,0.05636745257804735,0.014930909526606286,Green
3539,0,0.00279890657402575,0.09073951754506036,0.02038702876823267,Green
3540,0,0.00023363457003142683,0.06739940990837659,0.013666789637700457,Green
3541,0,0.0006058361730538308,0.16653762941411182,0.03379219482126542,Green
3542,0,0.00033657755702733996,0.13253449487491528,0.026776161020604924,Green
3543,0,0.009974873997271061,0.12545910284383271,0.033071719766583386,Green
3544,0,8.831720806483644e-05,0.13353415536321686,0.026777484839095235,Green
3545,0,0.0007087452686391771,0.12441566536382966,0.02545012928767727,Green
3546,0,0.172825363278389,0.06172889763988686,0.15060607015068855,Green
3547,0,0.0011541559535544366,0.11061439646813695,0.023046204056470933,Green
3548,0,0.00048762744991108774,0.11676317399494636,0.023742736758918137,Green
3549,0,0.0004135544993914664,0.14678577969990006,0.02968799953949318,Green
3550,0,0.0001346167759038508,0.05267097604599244,0.010641888629921567,Green
3551,0,0.010382983461022377,0.10823435449417838,0.029953257667653575,Green
3552,0,0.004434129316359758,0.048105924688635726,0.01316848839081495,Green
3553,0,0.0003649806254543364,0.07471234906974986,0.015234454314313438,Green
3554,0,0.0007321571814827621,0.09511040772531108,0.019607807290248424,Green
3555,0,0.03190182205289602,0.06559012739946742,0.0386394831222103,Green
3556,0,0.0008029790362343191,0.08389019924921523,0.017420423078830495,Green
3557,0,0.4307929277420044,0.1497178205681282,0.3745779063072292,Amber
3558,0,0.0013904175953939556,0.047929455957486905,0.010698225267812543,Green
3559,0,0.03715844452381134,0.07251504479609167,0.044229764578267404,Green
3560,0,0.007192250713706016,0.1339508352625572,0.03254396762347625,Green
3561,0,0.0015460295137017966,0.12073735021362474,0.025384293653686378,Green
3562,0,0.0025884591974318027,0.14106914961529154,0.030284597281003744,Green
3563,0,0.002252726070582867,0.0703989660123997,0.01588197405894623,Green
3564,0,0.004470067378133535,0.09379688662940124,0.022335431228387072,Green
3565,0,0.00023120224650483582,0.08078901471610402,0.01634276474042467,Green
3566,0,0.0005063307471573353,0.11211144972683332,0.022827354543092527,Green
3567,0,0.0007084713783115149,0.07976414510902108,0.016519606124453426,Green
3568,0,0.0008767223451286554,0.14956717460329116,0.030614812796761152,Green
3569,0,0.012576933205127715,0.18423412565500347,0.046908371695102855,Green
3570,0,0.0006068544811569155,0.12575611040157184,0.025636705665239894,Green
3571,0,0.002514637680724263,0.13376516468337696,0.028764743081254797,Green
3572,0,0.01300569288432598,0.03468687689837021,0.017341929687134824,Green
3573,0,0.00038583426212426277,0.12120275711685652,0.02454921883307071,Green
3574,0,0.003571921354159713,0.05264551249475922,0.013386639582279612,Green
3575,0,0.00040973967406898737,0.13934534950143887,0.028196861639542957,Green
3576,0,0.0002702723082620651,0.11698613184850012,0.023613444216309672,Green
3577,0,0.00032541934633627533,0.14319317309584093,0.0288989700962372,Green
3578,0,0.0007905301055870951,0.148374802554166,0.03030738459530287,Green
3579,0,0.0008790763327851892,0.14557989181471073,0.02981923942917029,Green
3580,0,0.0009892071131616831,0.1292243428866795,0.026636234267865242,Green
3581,0,0.0013353007612749933,0.03244129445831115,0.0075564995006822235,Green
3582,0,0.0002083938423311338,0.07219370464585716,0.014605456003036334,Green
3583,0,0.00033965583133976907,0.17925988990176586,0.036123702645424985,Green
3584,0,0.007634918577969075,0.07155553008081049,0.020419040878537353,Green
3585,0,0.12937308847904205,0.07240250851105295,0.11797897248544424,Green
3586,0,0.006443667970597744,0.1395608136447335,0.03306709710542489,Green
3587,0,0.0005631539737805724,0.07027673029970766,0.014505869238965987,Green
3588,0,0.0019663410261273385,0.0634278431179447,0.014258641444490806,Green
3589,0,3.291290704510175e-05,0.07468096712546511,0.0149625237507291,Green
3590,0,0.00014963203866500408,0.05012597460764792,0.010144900552461587,Green
3591,0,0.00020458020153455437,0.16443473014502524,0.033050610190232685,Green
3592,0,8.891516336007044e-05,0.01747896461563326,0.0035669250538147078,Green
3593,0,0.00021397189120762048,0.11682195994430916,0.023535569501827922,Green
3594,0,0.1797423467040062,0.11628647359059245,0.16705117208132347,Green
3595,0,0.019649876281619072,0.14788512147379274,0.0452969253200538,Green
3596,0,0.0022028104402124883,0.04850425445018311,0.01146309924220661,Green
3597,0,0.0008922400535084307,0.06499570891650645,0.013712933826108033,Green
3598,0,0.003137187333777547,0.0785289848081755,0.018215546828657135,Green
3599,0,0.005074208648875356,0.1387507287953688,0.031809512678174036,Green
3600,0,0.000587301014456898,0.07211032485766053,0.014891905783097622,Green
3601,0,0.17485183626413345,0.030664707461959113,0.1460144105036986,Green
3602,0,0.022206333465874195,0.09391842816446931,0.036548752405593216,Green
3603,0,5.205110646784305e-05,0.07995308549666752,0.016032257984507775,Green
3604,0,0.015628771483898164,0.11069838301890485,0.034642693790899494,Green
3605,0,0.002630789764225483,0.20851779888595995,0.04380819158857237,Green
3606,0,0.0003276211384218186,0.0901238860000048,0.01828687411073841,Green
3607,0,0.0015257804421707987,0.1126070853414506,0.023742041422026752,Green
3608,0,0.0007648601080290973,0.09795205885368066,0.020202299857159406,Green
3609,0,0.00043107965029776096,0.051415780892444106,0.010628019898727028,Green
3610,0,0.0027631389675661917,0.07936243324665361,0.018082997823383674,Green
3611,0,0.00046434414107352493,0.055486686663481825,0.011468812645555182,Green
3612,0,0.0005178819410502911,0.13617676652293212,0.02764965885742665,Green
3613,0,0.00058983153430745,0.09785535978347602,0.02004293718414116,Green
3614,0,0.0003470278345048428,0.1003875898510195,0.02035514023780777,Green
3615,0,0.014801607560366392,0.1219368268444429,0.036228651417181686,Green
3616,0,0.00013800508459098636,0.1540663680315096,0.030923677673974703,Green
3617,0,0.0007754783960990608,0.16572265410628184,0.033764913538135606,Green
3618,0,0.005896612722426653,0.043074370294865355,0.013332164236914391,Green
3619,0,0.07682658061385154,0.1348755758389624,0.08843637965887371,Green
3620,0,0.004620878212153912,0.10098051341272062,0.02389280525226725,Green
3621,0,0.03179269190877676,0.06890890386125477,0.039215934299272365,Green
3622,0,0.008367416821420193,0.09533740668190606,0.025761414793517363,Green
3623,0,0.00010026700037997216,0.12057135148950052,0.024194483898204076,Green
3624,0,0.00736444927752018,0.09786202821990776,0.025463965065997695,Green
3625,0,0.023398048430681228,0.1365090909606649,0.04602025693667795,Green
3626,0,6.0583481536014004e-05,0.1706343803787959,0.03417534286098799,Green
3627,0,0.0006150446017272771,0.27327980586447365,0.055147996854276536,Green
3628,0,0.0002911238931119442,0.2456252864746194,0.04935795640941343,Green
3629,0,0.0015886148903518915,0.05863763841547163,0.012998419595375836,Green
3630,0,0.0015043379506096243,0.1226967194440718,0.025742814249302054,Green
3631,0,7.656041416339576e-05,0.10187779866342807,0.020436808064016324,Green
3632,0,0.032043902575969695,0.24745358317605734,0.07512583869598721,Green
3633,0,0.09212566614151002,0.14130835166545302,0.10196220324629862,Green
3634,0,0.00029294546984601764,0.06479838751412725,0.013194033878702261,Green
3635,0,0.00016666393203195183,0.08776779680383195,0.017686890506391946,Green
3636,0,0.0002351516130147502,0.057586663103219075,0.011705453911055612,Green
3637,0,4.9385936290491375e-05,0.09877330684166055,0.0197941701173645,Green
3638,0,0.0005562261154409498,0.21790125463166746,0.04402523181868624,Green
3639,0,0.00037466852227225895,0.09368351605829157,0.019036438029476115,Green
3640,0,9.275679185520858e-05,0.17975990165443104,0.03602618576437037,Green
3641,0,0.0004057119367644191,0.07081147809212364,0.01448686516783626,Green
3642,0,0.0003775121906073764,0.11719515046634825,0.023741039845755547,Green
3643,0,0.003263624245300889,0.08511328452114396,0.0196335563004695,Green
3644,0,0.021918578073382378,0.06939147127419089,0.031413156713544076,Green
3645,0,0.000332908914424479,0.2071378591195523,0.04169389895545003,Green
3646,0,0.004263528203591704,0.04386274983530504,0.012183372529934369,Green
3647,0,0.0012344734743237494,0.13267531430273147,0.02752264164000529,Green
3648,0,0.00014735188742633908,0.09219668913627686,0.01855721933719644,Green
3649,0,0.000333233515266329,0.19809925388583624,0.0398864375893803,Green
3650,0,0.0010978088714182377,0.1738796090273454,0.03565416890260366,Green
3651,0,0.0010307997232303022,0.06095687624557338,0.013016015027698917,Green
3652,0,0.00045351354056037967,0.04398714509131156,0.009160239850710614,Green
3653,0,0.005186522053554654,0.08961854388114986,0.02207292641907369,Green
3654,0,0.0006258936249651015,0.13424493466778575,0.027349701833529225,Green
3655,0,0.0016847281949594617,0.0980308074196813,0.020953944039903825,Green
3656,0,8.599674256402068e-05,0.07461005491627683,0.014990808377306578,Green
3657,0,0.0001523915139841847,0.16554571600722262,0.03323105641263186,Green
3658,0,0.006109647918492556,0.0722462005709934,0.019336958448992723,Green
3659,0,0.005154374800622463,0.0965956949796641,0.023442638836430787,Green
3660,0,0.0013400544645264746,0.07120404440802132,0.01531285245322544,Green
3661,0,0.036719561368227,0.08064745872445905,0.04550514083947341,Green
3662,0,0.00038602410349994896,0.06521162108277322,0.013351143499354599,Green
3663,0,0.06939268857240677,0.053587823806590634,0.06623171561924354,Green
3664,0,0.0007281257829163223,0.04731370118723391,0.010045240863779838,Green
3665,0,0.0013714431319385766,0.07617599046254037,0.01633235259805893,Green
3666,0,0.0012440661201253533,0.09673731661681294,0.020342716219462865,Green
3667,0,0.0017553722485899924,0.11091456210690921,0.023587210220253833,Green
3668,0,0.0011599738383665681,0.048853159562013235,0.010698610983095899,Green
3669,0,0.0005095365573652089,0.11477814511354979,0.02336325826860212,Green
3670,0,0.00238740174099803,0.07167576862961052,0.016245075118720524,Green
3671,0,0.028461821749806403,0.05044349400158469,0.03285815620016206,Green
3672,0,0.000942529656458646,0.11773001730986525,0.02430002718713996,Green
3673,0,0.002674395265057683,0.06262080096410509,0.014663676404867161,Green
3674,0,0.0009890497196465731,0.0688679069172569,0.014564821159168635,Green
3675,0,0.0009762025554664433,0.16872249376056114,0.03452546079648538,Green
3676,0,0.005979957524687052,0.08589903840142224,0.021963773700034085,Green
3677,0,0.0001459221515688114,0.11551214542895714,0.02321916680704647,Green
3678,0,8.171985973604023e-05,0.07668568512632026,0.01540251291305288,Green
3679,0,0.0011307709384709597,0.021020852595413968,0.00510878726985956,Green
3680,0,7.932658336358146e-05,0.0928761684788248,0.01863869496245582,Green
3681,0,0.0008434417191892861,0.23801111347677747,0.04827697607070691,Green
3682,0,6.731559478794225e-05,0.2398181754742807,0.04801748757068648,Green
3683,0,0.003299359790980816,0.0530742931480944,0.01325434646240353,Green
3684,0,0.000192357407649979,0.0650499240894665,0.013163870744013281,Green
3685,0,0.006090400414541363,0.14081728619372436,0.033035777570377955,Green
3686,0,0.0007378011068794876,0.08334967364683331,0.017260175614870248,Green
3687,0,0.0005642303498461842,0.08927308860586435,0.01830600200104981,Green
3688,0,0.0002790757338516414,0.13623239757855946,0.027469740102793197,Green
3689,0,0.00043649543658830225,0.11214971889619954,0.022779140128510546,Green
3690,0,0.00020969166071154176,0.04599064181385881,0.009365881691340994,Green
3691,0,0.00033218470052815975,0.08960265787846801,0.018186279336116124,Green
3692,0,0.001862837327644229,0.21950948170593595,0.04539216620330256,Green
3693,0,0.007887904345989228,0.0656866171194175,0.01944764690067488,Green
3694,0,0.0009341964032500982,0.055423270683193915,0.01183201125923886,Green
3695,0,0.03399282023310661,0.08239298830517754,0.043672853847520794,Green
3696,0,9.781275730347261e-05,0.049704308564675365,0.01001911191877785,Green
3697,0,0.005675563542172312,0.09303761358825983,0.023147973551389815,Green
3698,0,0.00017232838144991546,0.13079234111632804,0.026296330928425534,Green
3699,0,0.000191830686526373,0.07294169836233108,0.014741804221687312,Green
3700,0,0.0008653666358441114,0.09583710395911549,0.019859714100498384,Green
3701,0,0.00016891960694920272,0.06319657845344277,0.012774451376247914,Green
3702,0,0.0002471299798344262,0.09642783809618871,0.019483271603105277,Green
3703,0,0.0003823694889433682,0.07798617214837149,0.01590313002082899,Green
3704,0,0.0006720158737152815,0.08524187790718525,0.01758598828040927,Green
3705,0,0.000513839116320014,0.03784426001754295,0.0079799232965646,Green
3706,0,0.0003230548347346485,0.04077595765534707,0.00841363539885713,Green
3707,0,0.012277254648506642,0.10215763675120718,0.030253331069046745,Green
3708,0,8.69106937898323e-05,0.07811370658753747,0.015692269872539355,Green
3709,0,0.0002046906854957342,0.11165134845999483,0.02249402224039555,Green
3710,0,0.0001471079507609829,0.1446908235509349,0.02905585107079576,Green
3711,0,0.0006969612441025674,0.13960983876059166,0.028479536747400377,Green
3712,0,0.0003204165317583829,0.061195493668099316,0.012495431959026566,Green
3713,0,0.000336475990479812,0.059905492609874135,0.012250279314358674,Green
3714,0,0.06521023884415626,0.0884001273895946,0.06984821655324393,Green
3715,0,0.0004191170912235975,0.1220010005970456,0.024735493792387993,Green
3716,0,0.00020008802530355752,0.13423990015459786,0.02700805045116241,Green
3717,0,0.012171908654272555,0.11605799483625988,0.03294912589067001,Green
3718,0,0.004140753019601107,0.11368139070630587,0.026048880556942055,Green
3719,0,0.0034014802426099774,0.03073826992799897,0.008868838179687775,Green
3720,0,8.554232772439718e-05,0.15862416255467285,0.031793266373114075,Green
3721,0,0.00047795505379326646,0.09786284041107768,0.019954932125250145,Green
3722,0,0.016519965976476668,0.046559400215461524,0.022527852824273636,Green
3723,0,0.006196715869009495,0.05972026749260167,0.016901426193727927,Green
3724,0,0.0003096243541222066,0.10682708318322247,0.021613116119942256,Green
3725,0,0.00025216200156137343,0.10284913975389286,0.020771557552027666,Green
3726,0,0.12304576784372329,0.10878093603154446,0.12019280148128751,Green
3727,0,0.00020702537731267514,0.13463581609313335,0.027092783520476806,Green
3728,0,0.001402220455929637,0.10873011020502393,0.022867798405748492,Green
3729,0,0.01670243181288242,0.13788110966612416,0.04093816738353076,Green
3730,0,0.009589276323094965,0.18205979732436622,0.04408338052334921,Green
3731,0,0.004574770666658878,0.05768096587786956,0.015196009708901012,Green
3732,0,0.004952286090701819,0.04433398815642669,0.01282862650384679,Green
3733,0,0.0010393881238996983,0.15861591045960136,0.032554692591040026,Green
3734,0,0.003062273003160953,0.04497322959529068,0.011444464321586897,Green
3735,0,0.0002960783167509362,0.08306136388804398,0.016849135431009542,Green
3736,0,0.001859659515321255,0.06007362960961042,0.013502453534179084,Green
3737,0,0.001693722722120583,0.11482318240893206,0.024319614659482874,Green
3738,0,0.05696324557065964,0.08324722316141257,0.06222004108881023,Green
3739,0,0.0002207387369708158,0.20091513935865643,0.040359618861307935,Green
3740,0,9.113791456911714e-05,0.5095124408599675,0.10197539850364877,Green
3741,0,0.003980786260217428,0.3753003153057415,0.07824469206932222,Green
3742,0,0.0029779831413179634,0.048504363262003754,0.01208325916545512,Green
3743,0,0.000257514082477428,0.16404048062448143,0.03301410739087822,Green
3744,0,0.0002929013688117266,0.06887116735838147,0.014008554566725673,Green
3745,0,0.0014534293208271264,0.09908190457705449,0.020979124372072597,Green
3746,0,0.0005087386933155357,0.0837280844359252,0.017152607841837468,Green
3747,0,0.00020840201323153452,0.21673141993480843,0.04351300559754691,Green
3748,0,0.0023027739953249693,0.07731240756923306,0.017304700710106584,Green
3749,0,0.0017443876713514328,0.09787628439535485,0.020970767016152116,Green
3750,0,0.0005070424522273242,0.12743783478475812,0.025893200918733476,Green
3751,0,0.0006768714287318289,0.13317221430194806,0.027175940003375067,Green
3752,0,0.0029898328240960835,0.054939248181346045,0.013379715895546073,Green
3753,0,0.00031307183089666066,0.13459387591569472,0.027169232647856267,Green
3754,0,0.0002677945885807276,0.153598296680796,0.030933895007023777,Green
3755,0,0.00013882278581149875,0.08745560198922342,0.017602178626493877,Green
3756,0,0.0016325197648257017,0.03154736761244707,0.007615489334349974,Green
3757,0,0.0006201183889061213,0.17548809769832438,0.03559371425078976,Green
3758,0,0.0011275994358584285,0.15599099691550375,0.03210027893178748,Green
3759,0,0.006252272380515933,0.08378242082944418,0.021758302070301577,Green
3760,0,0.0003622515359893441,0.10695442594131425,0.02168068641705432,Green
3761,0,0.00047905993997119365,0.1813348418824455,0.036650216328466045,Green
3762,0,5.451037250168156e-05,0.052876969871700194,0.010619002272341381,Green
3763,0,5.4738046310376375e-05,0.09102289314821574,0.018248369066691444,Green
3764,0,0.0010903472546488046,0.08049907466012866,0.016972092735744772,Green
3765,0,0.0005229241214692593,0.0776540678048598,0.015949152858147363,Green
3766,0,0.008699316531419754,0.09417480711934245,0.02579441464900429,Green
3767,0,0.0001404830574756488,0.16214857972662688,0.032542102391305894,Green
3768,0,0.000548885203897953,0.06517626639889837,0.013474361442898035,Green
3769,0,0.0006486432044766844,0.23964430191690952,0.04844777494696324,Green
3770,0,0.004575929883867502,0.13042949809597054,0.029746643526288103,Green
3771,0,0.004797702981159091,0.16818252297226466,0.03747466697938019,Green
3772,0,0.0027927922084927557,0.07344673680826326,0.016923581128446854,Green
3773,0,0.00025063728971872477,0.09100728471288164,0.018401966774351304,Green
3774,0,0.000830724264960736,0.21118950796044444,0.04290248100405747,Green
3775,0,0.00044198491959832607,0.06466128105237441,0.01328584414615354,Green
3776,0,0.00013122479504090734,0.1956243365696439,0.0392298471499615,Green
3777,0,0.0007568244589492678,0.19858588861352264,0.04032263728986393,Green
3778,0,0.0001568321051308885,0.06678033936896315,0.013481533557897336,Green
3779,0,0.00011414070759201423,0.217456219842615,0.043582556534596605,Green
3780,0,6.064838016754948e-05,0.12485772783269791,0.025020064270673617,Green
3781,0,0.0007139610359445214,0.0908560780104564,0.018742384430846894,Green
3782,0,0.0004986478248611092,0.16229080811824614,0.03285707988353811,Green
3783,0,0.00013016571901971474,0.16840928348662365,0.03378598927254049,Green
3784,0,0.00030100619769655166,0.13892672970629322,0.028026150899415878,Green
3785,0,0.0019143159966915845,0.04415257065392476,0.010361966928138218,Green
3786,0,0.0015985680045560002,0.04098540925739947,0.009475936255124693,Green
3787,0,0.0010827778256498276,0.1819576082784355,0.037257743916206953,Green
3788,0,0.0001349772501271218,0.12428685424626867,0.024965352649355427,Green
3789,0,0.0002326110377907753,0.2775236266710403,0.05569081416444067,Green
3790,0,0.001278174528852105,0.13003580552373384,0.027029700727828444,Green
3791,0,0.00014337936590891331,0.2412779222034977,0.04837028793342666,Green
3792,0,0.00017714901478029787,0.20060423808288588,0.0402625668284014,Green
3793,0,0.00023931385367177428,0.17517311196951826,0.03522607347684106,Green
3794,0,0.0013994134962558745,0.09258300813459577,0.019636132423923848,Green
3795,0,0.0048257281538099045,0.04395957574767772,0.012652497672583465,Green
3796,0,0.00017730405379552395,0.0925713710090617,0.018656117444848755,Green
3797,0,0.12982361912727355,0.08156960999203762,0.12017281730022637,Green
3798,0,0.11572055593132972,0.06489783098311856,0.1055560109416875,Green
3799,0,0.000605585123412311,0.1196347998084354,0.024411428060416924,Green
3800,0,9.448180935578421e-05,0.08102484938849251,0.01628055532518313,Green
3801,0,0.0003375752887222916,0.07779088155466701,0.015828236541911234,Green
3802,0,0.0006292336853221059,0.15183131166312275,0.03086964928088223,Green
3803,0,0.0003528812900185585,0.06952312263211945,0.014186929558438734,Green
3804,0,0.00014911115285940466,0.21669278140109544,0.043457845202506604,Green
3805,0,0.0040210807695984846,0.08942037548900744,0.021100939713480274,Green
3806,0,0.0006332460907287896,0.10508769012270103,0.021524134897123234,Green
3807,0,0.00033429129398427905,0.11407219285685503,0.023081871606558425,Green
3808,0,0.004510758770629763,0.29754488936080103,0.06311758488866401,Green
3809,0,0.0011526641785167158,0.09749719550464596,0.02042157044374256,Green
3810,0,0.00029054501210339366,0.060948416440782485,0.01242211929783921,Green
3811,0,0.012370288372039795,0.0349597397290697,0.016888178643445773,Green
3812,0,0.0003590857202652842,0.10889538094810862,0.022066344765833946,Green
3813,0,6.682556122541428e-05,0.08772566209734324,0.017598592868448976,Green
3814,0,0.00035250565269961953,0.11187805090110955,0.022657614702381604,Green
3815,0,0.0006383941974490881,0.16170103463891441,0.03285092228574214,Green
3816,0,6.746583603671752e-05,0.14604711415905985,0.02926339550064134,Green
3817,0,0.0014416743302717804,0.05971701632791822,0.013096742729801065,Green
3818,0,0.00011648999789031223,0.03912600318427517,0.007918392635167283,Green
3819,0,0.002840352291241288,0.07312053737712142,0.01689638930841731,Green
3820,0,0.000359111133730039,0.22702246073839305,0.045691781054662636,Green
3821,0,0.00444873992819339,0.024390881349536722,0.008437168212462057,Green
3822,0,0.0011683736694976688,0.052158124453188355,0.011366323826235803,Green
3823,0,0.020907943323254585,0.11312078470237506,0.03935051159907867,Green
3824,0,0.0003736351733095944,0.08232518368205084,0.01676394487505784,Green
3825,0,0.00023087720037437976,0.018867423754218987,0.0039581865111433,Green
3826,0,0.010456410981714726,0.11215171890459698,0.03079547256629117,Green
3827,0,0.0022013425594195725,0.15335767737562792,0.032432609522661235,Green
3828,0,0.00659110676497221,0.08441635054250206,0.022156155520478178,Green
3829,0,0.00012280607625143604,0.17544279915752786,0.035186804692506714,Green
3830,0,0.00026924427365884187,0.14250578716870618,0.028716552852668303,Green
3831,0,0.345349246263504,0.05155709778152572,0.2865908165671084,Green
3832,0,0.0013169591431505976,0.08213089673714657,0.017479746661949788,Green
3833,0,0.00030740161309950054,0.23797844138897065,0.04784160956827372,Green
3834,0,0.006533697294071317,0.1601114861910539,0.037249255073467824,Green
3835,0,0.00036686056409962475,0.0781941430489487,0.015932317061069436,Green
3836,0,0.00036573515390045944,0.11052499716053125,0.022397587555226615,Green
3837,0,0.0019508472527377308,0.2556197377708863,0.052684625356367434,Green
3838,0,4.302095912862569e-05,0.05583985618801688,0.011202388004906274,Green
3839,0,0.0020279855933040382,0.0594089382494071,0.013504176124524647,Green
3840,0,0.08104927986860275,0.17837979885325148,0.10051538366553249,Green
3841,0,0.00012791935732821004,0.14623736364733128,0.02934980821532882,Green
3842,0,0.00025783202145248654,0.10769365278042711,0.021744996173247405,Green
3843,0,0.0003558255208190531,0.256829803790828,0.05165062117482083,Green
3844,0,0.0004894568701274693,0.03934669849667461,0.008260905195436897,Green
3845,0,0.00035791735281236474,0.14897067327033472,0.03008046853631683,Green
3846,0,0.0005965487682260573,0.051679500556463295,0.010813139125873502,Green
3847,0,0.009017817303538322,0.09903592549195477,0.02702143894122161,Green
3848,0,0.0002547337877331302,0.11282548197392363,0.022768883424971225,Green
3849,0,0.0036642993800342083,0.17831083490340366,0.038593606484708096,Green
3850,0,0.00017224767070729287,0.08100478175041942,0.016338754486649714,Green
3851,0,0.0014059952925890684,0.13056033429843886,0.02723686309375902,Green
3852,0,0.007213226333260536,0.05303446896575179,0.016377474859758785,Green
3853,0,0.0005597808747552335,0.14398069358304655,0.02924396341641349,Green
3854,0,0.0006880798260681331,0.109075580914344,0.022365580043723302,Green
3855,0,0.0008899889886379242,0.06215656303443174,0.013143303797796685,Green
3856,0,0.0001633271080208942,0.10049914579101553,0.02023049084461982,Green
3857,0,0.0005076304951217026,0.07634090261722984,0.015674284919543327,Green
3858,0,0.001224000030197203,0.05394621083235348,0.011768442190628456,Green
3859,0,0.0003088112047407776,0.14218936240486202,0.02868492144476502,Green
3860,0,0.006166265159845352,0.14506629908505989,0.03394627194488825,Green
3861,0,0.002417185856029391,0.05853359477930859,0.013640467640685229,Green
3862,0,0.0001744413748383522,0.08889469498426068,0.017918492096722815,Green
3863,0,0.0002433221758110449,0.13049917881419387,0.026294493503487604,Green
3864,0,0.0017692653927952051,0.10904617965625886,0.02322464824548793,Green
3865,0,0.0006781746924389154,0.06961588063341284,0.014465715880633697,Green
3866,0,4.263374539732467e-05,0.0621582129230352,0.012465749580924898,Green
3867,0,0.000367926387116313,0.09088710524221345,0.018471762158135736,Green
3868,0,0.00032661068253219127,0.1464749062719334,0.02955626980041243,Green
3869,0,0.0005204102490097284,0.08478934306014713,0.017374196811237204,Green
3870,0,0.0007704441784881055,0.05746063103475287,0.012108481549741056,Green
3871,0,0.015328792110085487,0.08919543298196955,0.030102120284462297,Green
3872,0,0.00010220505355391652,0.08612515023774958,0.017306794090393044,Green
3873,0,0.0014604385010898112,0.07147457241794372,0.015463265284460589,Green
3874,0,0.00727066257968545,0.24926959625884432,0.05567044931551721,Green
3875,0,0.003626608266495168,0.1370316722184125,0.03030762105687863,Green
3876,0,0.0019707623636350037,0.04494456943885226,0.010565523778678452,Green
3877,0,0.00012435546668712052,0.14320558486065735,0.02874060134548116,Green
3878,0,0.0011852248338982464,0.12100630666906025,0.025149441200930638,Green
3879,0,0.004690385004505515,0.1773229937685341,0.03921690675731122,Green
3880,0,0.0007837239070795477,0.1865205063337537,0.03793108039241437,Green
3881,0,0.002077770512551069,0.06528478905258481,0.014719174220557813,Green
3882,0,0.001086954720085487,0.0636126128360226,0.013592086343272906,Green
3883,0,0.002777463896200061,0.06623397450696686,0.015468766018353418,Green
3884,0,0.00014709399838466197,0.18136840727819384,0.036391356654346486,Green
3885,0,0.0013710245839320123,0.07954336927897868,0.01700549352294134,Green
3886,0,0.0012031128630042077,0.17206138597237566,0.035374767484878486,Green
3887,0,0.00019509991689119487,0.07442814075030148,0.015041708083573248,Green
3888,0,6.0047503211535513e-05,0.23302917695404174,0.046653873393377565,Green
3889,0,0.017963029071688653,0.10358085064134076,0.03508659338561907,Green
3890,0,0.0010745108942501246,0.13481805215456794,0.02782321914631368,Green
3891,0,0.14264293909072878,0.028570929059054687,0.11982853708439396,Green
3892,0,7.534258547821083e-05,0.14845194046068996,0.029750662160520556,Green
3893,0,0.0001494768584962003,0.10472257198817904,0.021064095884432765,Green
3894,0,0.000211542789475061,0.13573039178894034,0.027315312589368108,Green
3895,0,0.001136456779204309,0.03884552242198582,0.00867826990776061,Green
3896,0,0.0029984772205352787,0.11079448174207358,0.024557678124842934,Green
3897,0,0.017616941034793852,0.08999744428644124,0.03209304168512333,Green
3898,0,0.004625267535448074,0.15207684278508962,0.03411558258537638,Green
3899,0,0.00044366666115820404,0.1619537824566019,0.032745689820246934,Green
3900,0,0.0004854630213230848,0.10687351973659315,0.02176307436437709,Green
3901,0,0.0015393958194181323,0.11392272560628156,0.024016061776790814,Green
3902,0,0.0003429849341046065,0.12107000979927938,0.024488389907139557,Green
3903,0,0.003259467612951994,0.06507663339902146,0.015622900770165885,Green
3904,0,0.0009902802761644126,0.14040564152858442,0.02887335252664841,Green
3905,0,0.022327052522450687,0.15691551473583018,0.04924474496512658,Green
3906,0,0.00024164987553376704,0.2260714986773951,0.045407619635906026,Green
3907,0,0.0019655596697703004,0.03648139620943171,0.00886872697770258,Green
3908,0,0.00023089281457941982,0.09360758127850549,0.01890623050736463,Green
3909,0,0.0002923214109614491,0.10010711629656945,0.020255280388083045,Green
3910,0,0.00013321207079570742,0.06954845934391476,0.014016261525419516,Green
3911,0,0.00020936013606842607,0.12643132300791016,0.025453752710436768,Green
3912,0,0.03027609195560217,0.05546526751096611,0.03531392706667495,Green
3913,0,0.044964418001472946,0.05426234017978496,0.04682400243713535,Green
3914,0,0.0006903878995217383,0.20368908803169206,0.04129012792595579,Green
3915,0,0.003063317178748548,0.046286331290024046,0.011707920001003645,Green
3916,0,0.0007693341351114214,0.048963893046037356,0.010408245917296607,Green
3917,0,0.0038299991749227045,0.11325771459460054,0.02571554225885827,Green
3918,0,0.0005061898380517959,0.05586057167874642,0.011577066206190718,Green
3919,0,0.0004457082657609135,0.10844416434635556,0.02204539948187984,Green
3920,0,0.0002238655462861061,0.12991761027424054,0.026162614491876984,Green
3921,0,0.0002116526127792895,0.319125139720086,0.06399435003424062,Green
3922,0,0.0003322104224935174,0.10905595607697732,0.02207695955339027,Green
3923,0,0.0002113313355948776,0.1586387653165671,0.031896818131789316,Green
3924,0,0.0008442353457212449,0.12931469817799246,0.02653832791217548,Green
3925,0,0.0011228010174818338,0.09086842427561403,0.01907192566910827,Green
3926,0,0.004029880836606025,0.2707478005235848,0.05737346477400177,Green
3927,0,0.0007809818023815751,0.3018189328642963,0.0609885720147645,Green
3928,0,0.00015236205072142184,0.0757539730068735,0.015272684241951835,Green
3929,0,0.0008311084005981684,0.1469945147098176,0.030063789662442046,Green
3930,0,0.00018991222023032606,0.10303035774983244,0.020758001326150743,Green
3931,0,0.0016744110733270645,0.12740157796758605,0.026819844452178856,Green
3932,0,0.5005643367767334,0.1204623660395003,0.4245439426292868,Amber
3933,0,0.004180003795772791,0.06010759017808022,0.015365521072234274,Green
3934,0,0.0010103492415510118,0.2584764642429597,0.05250357224183275,Green
3935,0,0.0012589876540005209,0.16894128953303575,0.034795448029807566,Green
3936,0,0.0009777270955964924,0.3073051442878776,0.0622432105340527,Green
3937,0,0.001157155237160623,0.1487480316186473,0.030675330513457954,Green
3938,0,0.0009033187991008163,0.1980676271259369,0.04033618046446802,Green
3939,0,0.0012271975982002916,0.038567382372093825,0.008695234552978997,Green
3940,0,0.00019192871695850044,0.07625013583627165,0.015403570140821126,Green
3941,0,0.004976375866681338,0.07397119116749133,0.018775338926843334,Green
3942,0,0.0049034324008971454,0.15101850803347724,0.03412644752741316,Green
3943,0,0.0011451085621956734,0.18671715512139253,0.03825951787403504,Green
3944,0,0.00023196318070404235,0.188296002560452,0.037844771056653626,Green
3945,0,0.00040099046891555194,0.06040413712934335,0.012401619801001108,Green
3946,0,0.0719537392258644,0.0744145046566101,0.07244589231201354,Green
3947,0,0.0005591704044491053,0.17428849186649112,0.0353050346968575,Green
3948,0,0.00014472071052296087,0.05332690256373101,0.01078115708116457,Green
3949,0,0.000398244708776474,0.05599121888669426,0.011516839544360028,Green
3950,0,0.00025626299902796744,0.05691059409819922,0.011587129218862216,Green
3951,0,0.0003384740324690938,0.08216544356405266,0.016703867938785803,Green
3952,0,0.0001104221970308572,0.1549245353411602,0.031073244825856723,Green
3953,0,0.00014178542332956567,0.16610927184965618,0.03333528270859488,Green
3954,0,0.0003252674941904843,0.34985780226392527,0.07023177444813743,Green
3955,0,0.012386181019246578,0.08665376517818534,0.027239697851034327,Green
3956,0,0.001957815489731729,0.13016474324929891,0.02759920104164516,Green
3957,0,0.0025159263052046297,0.12116517338241835,0.026245775720647367,Green
3958,0,0.00045357933850027616,0.11852922707135978,0.02406870888507217,Green
3959,0,0.0005683161085471511,0.106168908474085,0.021688434581654717,Green
3960,0,0.06640447303652763,0.11345639383285176,0.07581485719579245,Green
3961,0,0.00014240165473893284,0.3678841753675233,0.0736907563972958,Green
3962,0,0.0009090644074603915,0.2724887128562446,0.05522499409721722,Green
3963,0,0.0003722897032275796,0.2652322757278516,0.05334428690815237,Green
3964,0,6.767110317014159e-05,0.10103663557020597,0.020261463996577304,Green
3965,0,0.001071584888268262,0.09343983498869442,0.019545234908353488,Green
3966,0,0.0008038682513870299,0.14942059894671939,0.030527214390453493,Green
3967,0,0.004017733223736286,0.11950712591105567,0.027115611761200156,Green
3968,0,7.272465882124379e-05,0.0556695657923081,0.011192092885518612,Green
3969,0,0.0003401560650672763,0.20686276089901653,0.04164467703185712,Green
3970,0,0.0002952162059955299,0.2468124225459297,0.04959865747398235,Green
3971,0,0.00044447808177210395,0.11040167216039164,0.022435916897496005,Green
3972,0,0.2006976917386055,0.007779096832149312,0.1621139727573143,Green
3973,0,0.00018854330701287834,0.16650865311413096,0.03345256526843649,Green
3974,0,0.00036441398551687596,0.09731487826101361,0.019754506840616217,Green
3975,0,0.0002124049118719995,0.13425247454036277,0.027020418837570146,Green
3976,0,0.0009663859847933054,0.22381098084520254,0.04553530495687515,Green
3977,0,0.0058053391054272655,0.1180291617331825,0.028250103630978306,Green
3978,0,0.0020387697499245406,0.17844053462915432,0.03731912272577049,Green
3979,0,0.0007452645804733038,0.043949780583674616,0.009386167781113565,Green
3980,0,0.003773740911856294,0.05332461091656662,0.013683914912798356,Green
3981,0,0.0008924738853238524,0.07595606092108854,0.01590519129247679,Green
3982,0,0.0022200688254088163,0.08680265473291882,0.019136586006910813,Green
3983,0,0.0018475207034498453,0.11658532125234806,0.024795080813229484,Green
3984,0,0.0006297776708379388,0.11548852762900126,0.023601527662470596,Green
3985,0,0.0002011545206187293,0.09563506166442107,0.019287935949379192,Green
3986,0,0.0025702634127810595,0.08018218610188325,0.018092647950601497,Green
3987,0,0.0004272725898772478,0.07032607512661014,0.014407033097223822,Green
3988,0,0.0011038614436984062,0.10357057937810672,0.021597205030580068,Green
3989,0,0.0009862254140898586,0.09111644730224519,0.01901226979172092,Green
3990,0,0.0001916954657644965,0.1715894833104775,0.034471253034707085,Green
3991,0,0.0007460594701115043,0.15202602781018146,0.031002053138125485,Green
3992,0,0.0027158532524481412,0.20395832819137816,0.04296434824023414,Green
3993,0,0.0010896185180172325,0.041923691848873026,0.00925643318418839,Green
3994,0,0.000799560162704438,0.07807196763908103,0.016254041657979754,Green
3995,0,0.002161106141284108,0.040765535633016554,0.009881992039630597,Green
3996,0,0.021789878048002722,0.29264116272239327,0.07596013498288082,Green
3997,0,0.0002677913929801434,0.09109444792143846,0.018433122698671804,Green
3998,0,0.0001878146140370518,0.3791805085119757,0.07598635339362478,Green
3999,0,0.036030327528715135,0.13581657760280721,0.05598757754353355,Green
4000,0,0.002008111146278679,0.0728516000040581,0.01617680891783456,Green
4001,0,0.0002704965736484155,0.17887559019573732,0.03599151529806619,Green
4002,0,0.00046345547889359295,0.17639335706904324,0.03564943579692351,Green
4003,0,0.0001519821147667244,0.2959602006846151,0.05931362582873639,Green
4004,0,7.192241173470393e-05,0.22381568010996203,0.04482067395138016,Green
4005,0,0.0006374779157340526,0.15153614174616062,0.03081721068181936,Green
4006,0,0.0009237019345164298,0.2561384605186263,0.0519666536513384,Green
4007,0,0.0006516747642308473,0.0417045468562978,0.008862249182644236,Green
4008,0,0.0008162168669514358,0.17142617298897725,0.034938208091356594,Green
4009,0,0.0014517564326524735,0.04632407228714669,0.010426219603551314,Green
4010,0,0.0002716927323490381,0.07712504842967845,0.01564236387181492,Green
4011,0,7.16860537067987e-05,0.31813935792333287,0.06368522042763199,Green
4012,0,0.013573379442095756,0.09802253592514354,0.03046321073870531,Green
4013,0,0.00041522174142301084,0.040920437694551184,0.008516264932048644,Green
4014,0,0.0007004372659139336,0.1978412976947602,0.04012860935168318,Green
4015,0,0.016643425077199934,0.08327475100596254,0.02996969026295245,Green
4016,0,0.0002644929540110752,0.2130242187082854,0.04281643810486593,Green
4017,0,0.0001817022741306573,0.09082321760247283,0.01831000533979909,Green
4018,0,0.00017442001262679696,0.040058001702195825,0.008151136350540602,Green
4019,0,0.002173483883962035,0.13549620178704275,0.028838027464578173,Green
4020,0,0.0017861390020698308,0.11048259398966717,0.023525429999589294,Green
4021,0,0.0008645979687571526,0.057159743639023534,0.012123627102810427,Green
4022,0,0.00019984084356110542,0.15326546484333048,0.03081296564351497,Green
4023,0,0.0011980775743722916,0.10237907396153127,0.021434276851804084,Green
4024,0,0.006536357197910547,0.06988487942299458,0.01920606164292735,Green
4025,0,0.15204188227653503,0.18694881047992895,0.15902326791721383,Green
4026,0,0.0007475495804101229,0.0806401520492308,0.016726070074174256,Green
4027,0,0.0007444018323440105,0.06772371685340961,0.014140264836557127,Green
4028,0,0.0003799288941081613,0.2942909547836145,0.05916213407200942,Green
4029,0,0.0006579686421900987,0.03624782577473387,0.007775940068698852,Green
4030,0,0.00026874933391809466,0.044052975133840266,0.009025594493902526,Green
4031,0,0.0012149309273809194,0.038962318379979745,0.008764408417900682,Green
4032,0,0.0010233152657747268,0.05148206463168863,0.011115065138957506,Green
4033,0,0.001768190902657807,0.07166821522706021,0.015748195767538286,Green
4034,0,0.00038939632941037416,0.10962050761782419,0.02223561858709313,Green
4035,0,0.0007052428205497563,0.09429453129495949,0.019423100515431696,Green
4036,0,0.014032552391290665,0.04927456344686168,0.021080954602404868,Green
4037,0,0.005973159335553646,0.05796532413707936,0.016371592295858786,Green
4038,0,0.0007754379883408546,0.05959333822228077,0.012539018035128836,Green
4039,0,0.0002466657373588532,0.10607085076806622,0.02141150274350032,Green
4040,0,0.0042709462810307745,0.11478143431498515,0.026373043887821645,Green
4041,0,0.0001371517384541221,0.08097936053729017,0.01630559349822133,Green
4042,0,0.0006689753150567413,0.08959861776232189,0.01845490380450977,Green
4043,0,0.00025442141341045497,0.06131323818073321,0.012466184766875004,Green
4044,0,0.00010378084552939982,0.13319103128197013,0.026721230932817537,Green
4045,0,0.0002592274569906294,0.17356631727991442,0.03492064542157538,Green
4046,0,0.010836516693234445,0.08985974045599526,0.026641161445786606,Green
4047,0,0.019674690067768095,0.14601355611518568,0.044942463277251606,Green
4048,0,0.0002608204202260822,0.18308801220368334,0.036826258776917524,Green
4049,0,0.0010141783975996079,0.22645891990120226,0.046103126698320125,Green
4050,0,0.010909338295459748,0.07306886080810827,0.02334124279798945,Green
4051,0,8.199442527256906e-05,0.12027588866311759,0.024120773272841567,Green
4052,0,0.0019984546350315215,0.1027136206023851,0.022141487828502233,Green
4053,0,0.004529249668121338,0.15347648244663742,0.03431869622382455,Green
4054,0,0.0012130945804528892,0.07417261044892179,0.015804997754146666,Green
4055,0,0.0005654966575093567,0.16132629216947328,0.03271765575990213,Green
4056,0,8.203276811400429e-05,0.07300003371691695,0.01466563295787459,Green
4057,0,0.001323147304356098,0.1576598807523743,0.03259049399395973,Green
4058,0,0.00012675330945057794,0.11991413039520665,0.02408422872660179,Green
4059,0,0.0005478358594700694,0.07748844920068905,0.015935958527713862,Green
4060,0,0.00037997621111571787,0.10491018158510693,0.021286017285913953,Green
4061,0,0.004173780465498567,0.0459327299746291,0.012525570367324672,Green
4062,0,0.0002893311844673008,0.14135015628097214,0.02850149620376826,Green
4063,0,0.00019484424265101553,0.1493317975806051,0.030022234910241828,Green
4064,0,0.010485710017383099,0.03304257302559843,0.014997082619026164,Green
4065,0,0.0001231788060977124,0.14564840273759336,0.029228223592396834,Green
4066,0,0.0007860377547331155,0.17232548467343017,0.035093927138472515,Green
4067,0,7.288226843229494e-05,0.1338401231405911,0.02682633044286405,Green
4068,0,0.00020253418624633924,0.15235554755213118,0.0306331368594233,Green
4069,0,0.0012371844379231332,0.2745658796794982,0.055902923486238126,Green
4070,0,0.0028429643716663122,0.07671738843151978,0.017617849183637003,Green
4071,0,0.0005296108662150799,0.05898992702078853,0.012221674097129766,Green
4072,0,0.016533066891133784,0.0442450985576254,0.022075473224432107,Green
4073,0,3.075662134506274e-05,0.09219003648458673,0.018462612593993396,Green
4074,0,0.0012379515916109084,0.043437770427919006,0.009677915358872526,Green
4075,0,0.00018675104365684092,0.15560749581742653,0.03127089999841077,Green
4076,0,0.0029721342027187346,0.048726603336565484,0.012123028029488083,Green
4077,0,9.83088422799483e-05,0.09053084080598833,0.01818481523502162,Green
4078,0,0.00022846856445539742,0.052448667063361216,0.010672508264236559,Green
4079,0,0.0037458606995642183,0.05686607031550509,0.01436990262275239,Green
4080,0,0.0026279117679223417,0.12759208106965647,0.02762074562826916,Green
4081,0,0.0001918626163387671,0.09548586031333213,0.01925066215573744,Green
4082,0,8.566445249016396e-05,0.07602945613438263,0.015274422788868654,Green
4083,0,0.004430643282830715,0.08762851793258908,0.021070218212782384,Green
4084,0,0.00010874499566853047,0.20356428422599535,0.04079985284173389,Green
4085,0,6.0769796982640406e-05,0.06898064666661875,0.01384474517090986,Green
4086,0,0.000878488610032946,0.021049613143550347,0.004912713516736425,Green
4087,0,0.006342546548694372,0.17150655677125676,0.03937534859320684,Green
4088,0,0.00010047676332760602,0.1382240946633552,0.027725200343333117,Green
4089,0,0.0004990761168301106,0.12186750350833359,0.0247727615951308,Green
4090,0,0.013494318351149559,0.1535234497075272,0.041500144622425086,Green
4091,0,0.00041034221067093313,0.09370372995077902,0.019069019758692546,Green
4092,0,0.00010609924065647648,0.11681443507723212,0.0234477664079716,Green
4093,0,6.359127874020488e-05,0.11926732580467012,0.02390433818392618,Green
4094,0,0.0005256576114334166,0.07486705300585088,0.015393936690316905,Green
4095,0,0.00013405286445049568,0.16084041432815555,0.032275325157191496,Green
4096,0,0.00027974239201284946,0.0953480073357247,0.019293395380755217,Green
4097,0,0.0003418163774767891,0.12414112900942159,0.02510167890386574,Green
4098,0,9.633725712774322e-05,0.1623994134706367,0.032556952499829525,Green
4099,0,0.005498208478093148,0.06382914682533077,0.01716439614754067,Green
4100,0,0.0004382458864711225,0.14314933782296965,0.028980464273770823,Green
4101,0,0.00018040963914245367,0.06171518890507623,0.012487365492329205,Green
4102,0,0.00015424591838382186,0.0908543996838557,0.01829427667147819,Green
4103,0,0.0006314488593488932,0.14320727960229906,0.02914661500793892,Green
4104,0,0.0003742122033145279,0.18598651963200147,0.03749667368905191,Green
4105,0,0.02619998026639223,0.11618026491403875,0.04419603719592153,Green
4106,0,0.0017161618219688533,0.0388761483548954,0.00914815912855416,Green
4107,0,0.00022856603027321398,0.22007182816354284,0.04419721845692713,Green
4108,0,0.00010024969815276564,0.19136930810806585,0.038354061380135376,Green
4109,0,0.0028932693181559443,0.1904937429184013,0.04041336403820501,Green
4110,0,0.0005392300605308264,0.02909837900246676,0.006251059848918012,Green
4111,0,0.0005143545800819993,0.10197500361410815,0.020806484386887224,Green
4112,0,0.001057748356834054,0.15755750268946753,0.03235769922336074,Green
4113,0,0.001872704061679542,0.11806717314166436,0.0251115978776765,Green
4114,0,0.0008238401846028864,0.10371061679653332,0.02140119550698897,Green
4115,0,0.00010007198288803921,0.21060960597528888,0.0422019787813682,Green
4116,0,0.0008574436651542783,0.08220274877777115,0.017126504687677648,Green
4117,0,0.0005503339460119605,0.20039434217903948,0.04051913559261745,Green
4118,0,0.0002459055918734521,0.16600270631480415,0.03339726573645959,Green
4119,0,0.0001962839742191136,0.14589486000978605,0.029335999181332492,Green
4120,0,0.0005922710290178657,0.3277504789289038,0.06602391260899504,Green
4121,0,0.0002765013196039945,0.05012944520999633,0.010247090097682458,Green
4122,0,0.0001797531876945868,0.04684953624382307,0.009513709798920281,Green
4123,0,0.0008450482448097319,0.16942945889186722,0.03456193037422122,Green
4124,0,0.00035671264631673697,0.05545579877403502,0.011376529871860391,Green
4125,0,7.540254955529235e-05,0.12880023438617194,0.025820368916878618,Green
4126,0,0.01956119295209646,0.12096899658157045,0.039842753677991255,Green
4127,0,0.030883303657174108,0.11415506827884445,0.04753765658150817,Green
4128,0,0.00015374970389530062,0.09517522206054553,0.01915804417522534,Green
4129,0,0.0018437482882291078,0.18545334593965865,0.038565667818515004,Green
4130,0,0.00021370601316448302,0.08579157004136177,0.017329278818803938,Green
4131,0,0.0009034009301103652,0.14525808586911404,0.029774337917911092,Green
4132,0,0.0014168810099363326,0.10765818871216887,0.022665142550382836,Green
4133,0,0.0058353057131171225,0.17044088918809724,0.03875642240811314,Green
4134,0,0.00042384712141938505,0.07625477932672413,0.01559003356248033,Green
4135,0,0.00017020069353748112,0.12719352433271358,0.025574865421372696,Green
4136,0,0.0002294150384841487,0.1171609506257807,0.023615722155943455,Green
4137,0,0.00025202842662110927,0.1521548581635664,0.03063259437401016,Green
4138,0,0.0002857825253158808,0.14444133993076527,0.02911689400640575,Green
4139,0,0.004495909996330738,0.07800483105631403,0.019197694208327395,Green
4140,0,0.0005281503777951002,0.10803578307130701,0.022029676916497477,Green
4141,0,0.0002115648763719946,0.35777084898778216,0.071723421698654,Green
4142,0,0.00012399117549648507,0.16387212226602446,0.032873617393602075,Green
4143,0,0.0010951311094686389,0.1938402176577601,0.039644148419126925,Green
4144,0,0.00010062400106107816,0.11806549030331737,0.02369359726151233,Green
4145,0,0.00014344037335831672,0.054592922888004124,0.011033336876287474,Green
4146,0,0.003741729352623224,0.08677152326212766,0.020347688134524106,Green
4147,0,0.00025624253903515636,0.09292403507331147,0.018789801045890415,Green
4148,0,0.0006120845908299088,0.1259639575606847,0.025682459184800863,Green
4149,0,7.671805797144772e-05,0.13745612343555524,0.0275525991334882,Green
4150,0,0.0011129871243610978,0.04038000972907882,0.00896639164530464,Green
4151,0,0.014654975943267345,0.07292302479594265,0.0263085857138024,Green
4152,0,0.0011376569280400872,0.051537401174676374,0.011217605777367341,Green
4153,0,0.0026813711039721964,0.043740950728304966,0.010893287028838749,Green
4154,0,0.0005444276030175388,0.12731143609138879,0.02589782930069178,Green
4155,0,0.0024544824380427596,0.025275801290322912,0.007018746208498789,Green
4156,0,0.058950915560126306,0.15006636124259834,0.07717400469662071,Green
4157,0,0.0012258599046617747,0.18146167128745475,0.03727302218122036,Green
4158,0,0.00010234287037746981,0.11420790570260482,0.022923455436822934,Green
4159,0,0.00016262504213955254,0.10181910949666478,0.020493921933044595,Green
4160,0,0.00023280196473933755,0.11323996940119188,0.02283423545202984,Green
4161,0,0.00021590247633866965,0.06668577283650144,0.01350987654837122,Green
4162,0,0.0012091259472072125,0.061387327981472485,0.013244766354060264,Green
4163,0,0.006410086993128061,0.1047998993296724,0.026088049460436927,Green
4164,0,0.0972057782113552,0.06135796654716871,0.09003621587851791,Green
4165,0,0.005276890005916357,0.0502822786706865,0.014277967738870384,Green
4166,0,0.0032545096240937706,0.1381301294224358,0.03022963358376217,Green
4167,0,0.0002394647744949907,0.21471284879751576,0.04313414157909913,Green
4168,0,0.002504919236525893,0.04068618224898769,0.010141171839018252,Green
4169,0,0.00035859812633134427,0.030641048393003,0.006415088179665674,Green
4170,0,0.015086623281240462,0.07651481210137684,0.027372261045267736,Green
4171,0,0.0004355451499577612,0.03505217629277676,0.007358871378521559,Green
4172,0,0.0008018616063054651,0.10702675526840583,0.022046840338725532,Green
4173,0,0.00026933375920634717,0.07369643908541212,0.014954754824447499,Green
4174,0,0.0003399185254238546,0.12130528482024358,0.024532991784387795,Green
4175,0,0.0008973060641437769,0.0849487660279823,0.017707598056911477,Green
4176,0,0.0003792263596551493,0.2236959814143613,0.04504257737059637,Green
4177,0,0.00042273008730262516,0.11120514730709002,0.0225792135312601,Green
4178,0,0.0004871993325650692,0.11010607269716326,0.0224109740054847,Green
4179,0,0.003554242430254817,0.14141975089788464,0.031127344123780775,Green
4180,0,0.0031861405819654464,0.195058890939814,0.04156069065353515,Green
4181,0,0.00027127333451062443,0.32152638548853535,0.06452229576531555,Green
4182,0,0.0006788160069845616,0.2907799296931098,0.05869903874420959,Green
4183,0,0.00045275922748260204,0.08996448035771525,0.018355103453529125,Green
4184,0,0.0011775358580052853,0.09073943158073466,0.01908991500255116,Green
4185,0,0.0013165423646569253,0.08622900315953483,0.018299034523632504,Green
4186,0,0.001962927472777665,0.07325597455662716,0.016221536889547562,Green
4187,0,0.0003887725702952593,0.07396073365650245,0.015103164787536694,Green
4188,0,0.00044189990730956195,0.1294652899382647,0.026246577913500584,Green
4189,0,0.0005959327390883118,0.1604220014984503,0.0325611464909607,Green
4190,0,0.0028971310704946516,0.15634144744439318,0.03358599434527435,Green
4191,0,0.002281456720083952,0.21824847972314448,0.045474861320696044,Green
4192,0,0.006640401389449834,0.054207230497595474,0.01615376721107896,Green
4193,0,0.006973752751946449,0.06759244049741431,0.019097490301040018,Green
4194,0,0.00013609120796900242,0.15014812676715744,0.030138498319806684,Green
4195,0,0.0016216614749282598,0.14317480865250598,0.0299322909104438,Green
4196,0,0.000394231075188145,0.17066372623206805,0.03444813010656412,Green
4197,0,0.00019979216740466653,0.15443236773554914,0.031046307281033553,Green
4198,0,0.00011710137769114227,0.19691172379500502,0.03947602586115391,Green
4199,0,0.00029064262635074555,0.14116950149914634,0.028466414400909856,Green
4200,0,0.007845768984407185,0.06328802427538864,0.018934220042603474,Green
4201,0,0.00013662664350704292,0.14997226460377497,0.030103754235560623,Green
4202,0,0.00012722640240099282,0.20100184921290462,0.04030215096450171,Green
4203,0,2.6192189397988838e-05,0.1502025337450605,0.030061460500530487,Green
4204,0,0.004182504583150148,0.07507338934283328,0.01836068153508677,Green
4205,0,0.0007547266548499465,0.048965429560069614,0.010396867235893878,Green
4206,0,0.0003483111679088324,0.09195163954883286,0.018668976844093632,Green
4207,0,0.0021365428576245902,0.17498822327399058,0.036706878940897775,Green
4208,0,0.0006826831144280731,0.13066492983032993,0.02667913245760844,Green
4209,0,0.0005723388749174774,0.08576598211754363,0.017611067523442707,Green
4210,0,0.0009858503006398677,0.2746208918154565,0.055712858603603185,Green
4211,0,0.00033100236905738714,0.21377335417738783,0.043019472730723464,Green
4212,0,0.03700478803366422,0.08805303275543871,0.047214436978019116,Green
4213,0,0.00015824417932890355,0.3393830594086519,0.06800320722519348,Green
4214,0,0.00024594472779426724,0.16855481150248225,0.03390771808273186,Green
4215,0,0.00030665270169265567,0.11908349387610015,0.024062020936574148,Green
4216,0,0.00023064478591550142,0.3291749822205647,0.06601951227284532,Green
4217,0,0.00012044860341120511,0.12929385753683656,0.02595513039009627,Green
4218,0,0.06354172378778458,0.153538879205879,0.08154115487140345,Green
4219,0,0.0047720848117023705,0.040460839608352714,0.011909835771032438,Green
4220,0,0.0018694048281759023,0.09523464008729034,0.020542451879998785,Green
4221,0,5.4914366046432406e-05,0.10391319341415542,0.020826570175668226,Green
4222,0,0.00032024902757257225,0.1981141104101748,0.03987902130409301,Green
4223,0,0.0019057221012189983,0.06893499860014907,0.015311577401005009,Green
4224,0,0.004221058171242476,0.10069167835708923,0.02351518220841182,Green
4225,0,0.00010753085953183473,0.08820910680031199,0.017727846047687863,Green
4226,0,0.00041363792843185365,0.08549084130184625,0.01742907860311473,Green
4227,0,0.001304238638840616,0.222079929894951,0.045459376890062686,Green
4228,0,0.010166516527533531,0.2575392047953363,0.05964105418109408,Green
4229,0,0.01312314188107848,0.15101873620664832,0.040702260746192445,Green
4230,0,0.004171642335131764,0.10176285101028844,0.023689884070163095,Green
4231,0,7.276765536516904e-05,0.12977193319682923,0.026012600763657977,Green
4232,0,0.002839944325387478,0.21342268874536305,0.04495649320938258,Green
4233,0,0.0011595100164413451,0.15874076190489297,0.03267576039413167,Green
4234,0,9.358183451695368e-05,0.12064664772417953,0.024204195012449463,Green
4235,0,0.00029088659503031524,0.060381542673807,0.012309017810785649,Green
4236,0,0.00022462715278379617,0.008136042867372968,0.0018069102957016304,Green
4237,0,0.00016512534930370748,0.15405859685271306,0.03094381964998557,Green
4238,0,0.00015769107267260551,0.2167168056605959,0.04346951399025725,Green
4239,0,0.00012363952118903397,0.1237508339308329,0.0248490784031178,Green
4240,0,0.00017431489395676182,0.07818762369426371,0.01577697665401815,Green
4241,0,0.00023697301512584087,0.20658289937856786,0.04150615828781424,Green
4242,0,0.0029537945985794066,0.10466190958378528,0.02329541759562058,Green
4243,0,0.000573572504799813,0.15865802216662134,0.032190462437164113,Green
4244,0,0.0007628635736182331,0.10762261606799028,0.02213481407249264,Green
4245,0,0.01769112963229418,0.15255327840781202,0.044663559387397744,Green
4246,0,0.08282345682382583,0.11949197279130035,0.09015716001732073,Green
4247,0,0.0001784331165254116,0.17397211219149608,0.03493716893151954,Green
4248,0,0.0008510264102369547,0.19240501756936362,0.039161824642062276,Green
4249,0,0.0008137485361658036,0.22114146195290926,0.044879291219514485,Green
4250,0,0.015234805643558502,0.11963556462715028,0.03611495744027685,Green
4251,0,0.0010566167067736388,0.2114901076011247,0.043143314885643845,Green
4252,0,0.0002076674165436998,0.1390109676345892,0.027968327460152795,Green
4253,0,8.169689826900139e-05,0.053224096236248554,0.01071017676586491,Green
4254,0,0.0002609782852232456,0.14274593211487566,0.02875796905115372,Green
4255,0,8.055653743213042e-05,0.218043214899132,0.043673088209772094,Green
4256,0,0.0002199502574512735,0.10682398560654097,0.021540757327269205,Green
4257,0,0.005286268284544348,0.08915748266986423,0.02206051116160832,Green
4258,0,0.009166803397238254,0.10186983805418968,0.027707410328628536,Green
4259,0,0.0009205412119626999,0.14402962834631744,0.02954235863883364,Green
4260,0,0.031080295145511624,0.10836081620690417,0.04653639935779013,Green
4261,0,0.0015399843687191606,0.08323289479736788,0.0178785664544489,Green
4262,0,8.779828058322892e-05,0.4028914635821567,0.08064853134089792,Green
4263,0,0.0007557114935480059,0.04778323096839652,0.010161215388517707,Green
4264,0,0.0003355537017341703,0.1542733205080571,0.031123107062998746,Green
4265,0,0.0008038734784349799,0.08162218841131103,0.016967536465010185,Green
4266,0,0.029861798509955406,0.09923581697115291,0.043736602202194906,Green
4267,0,0.0035505505744367837,0.159163624985452,0.03467316545663982,Green
4268,0,0.00280893063172698,0.13235482123661219,0.028718108752704016,Green
4269,0,0.00028169775614514945,0.13829440088239522,0.02788423838139516,Green
4270,0,0.0007928824168629944,0.15990318772156442,0.032614943477803277,Green
4271,0,0.00028754780651070173,0.1321149123697944,0.026653020719167433,Green
4272,0,0.08365924879908561,0.1320045904291438,0.09332831712509725,Green
4273,0,0.003932539513334632,0.09906288982852661,0.022958609576373024,Green
4274,0,0.00012819724943256006,0.05214732753826542,0.01053202330719913,Green
4275,0,0.001511146337725222,0.1487842983614903,0.03096577674247823,Green
4276,0,0.00533277727663517,0.08243938451179685,0.020754098723667503,Green
4277,0,0.0001763578417012468,0.07756621784725704,0.0156543298428124,Green
4278,0,6.0480485990410665e-05,0.22731302913630577,0.045510990216053475,Green
4279,0,0.0072108211927115915,0.19158805196767534,0.044086267347704336,Green
4280,0,0.00019883473578374833,0.14121710059668668,0.02840248790796433,Green
4281,0,0.000513703771866858,0.10572458166945407,0.021555879351384297,Green
4282,0,0.0010480359429493546,0.12079596177717135,0.024997621109793748,Green
4283,0,0.000926484540104866,0.12659773940174143,0.026060735512432175,Green
4284,0,0.0002317059552296996,0.1554643621517421,0.031278237194532175,Green
4285,0,0.00019734211673494428,0.15186499525847685,0.03053087274508332,Green
4286,0,0.004999677464365959,0.15743097241192766,0.03548593645387829,Green
4287,0,0.0005179058527573944,0.2690054798259492,0.05421542064739574,Green
4288,0,0.0004326435970142484,0.17213781449685248,0.03477367777698189,Green
4289,0,0.00027176864678040146,0.16716073300224843,0.033649561517874,Green
4290,0,0.00020192340307403355,0.1302999898818748,0.02622153669883418,Green
4291,0,0.00043861786252819,0.16625215978433155,0.03360132624688886,Green
4292,0,0.006372619606554508,0.02524542768890702,0.01014718122302501,Green
4293,0,0.0005579097167355939,0.29812008160623454,0.06007034409463537,Green
4294,0,0.0005356092820875347,0.15316745013822466,0.031061977453314956,Green
4295,0,0.0002488619007635862,0.08996472978639415,0.018192035477889695,Green
4296,0,0.00015286384150385856,0.14814379408810596,0.029751049890824274,Green
4297,0,0.0030515246558934454,0.07397433955165869,0.01723608763504649,Green
4298,0,0.00026500818494241686,0.04085543033108015,0.008383092614169961,Green
4299,0,0.0003230305155739188,0.03250371712972565,0.006759167838404263,Green
4300,0,0.00037565871025435627,0.08979391249029342,0.018259309466262166,Green
4301,0,0.0001243612088728696,0.035356820476810186,0.007170853062460331,Green
4302,0,0.0001309713625232689,0.1905462473623992,0.03821402656249845,Green
4303,0,4.162559998803772e-05,0.1668506690240645,0.03340343428480332,Green
4304,0,0.2167834281921387,0.168014801417797,0.20702970283727035,Green
4305,0,0.0026418660767376424,0.09788057100068404,0.021689607061526915,Green
4306,0,0.0012084014480933545,0.08106550970302613,0.017179823099079908,Green
4307,0,0.0016297098947688938,0.16544922247733268,0.034393612411281645,Green
4308,0,0.00012962923501618205,0.1286651464016635,0.025836732668345637,Green
4309,0,0.0009992542676627637,0.10323490846402336,0.021446385106934876,Green
4310,0,0.00102559607475996,0.08192417408713906,0.01720531167723578,Green
4311,0,0.0008587496937252581,0.185116623529863,0.03771032446095279,Green
4312,0,0.00036134616821073,0.1286889095612941,0.026026858846827403,Green
4313,0,0.0021390815498307345,0.021729371400149265,0.00605713951989444,Green
4314,0,0.00021833984355907888,0.12488998103001056,0.02515266808084937,Green
4315,0,0.005430601071566343,0.18642110598470857,0.04162870205419478,Green
4316,0,0.00011772804136853666,0.08908326345036387,0.017910835123167598,Green
4317,0,0.0008360460516996682,0.1264536714860666,0.025959571138573046,Green
4318,0,0.010529368929564952,0.10556583471898195,0.02953666208744835,Green
4319,0,0.0001689052296569571,0.06878631037443632,0.013892386258612827,Green
4320,0,0.035720310360193255,0.05540117105071855,0.03965648249829831,Green
4321,0,6.77152696880512e-05,0.10073297741587947,0.02020076769892633,Green
4322,0,0.0009820364648476243,0.18769529651068664,0.03832468847401542,Green
4323,0,0.001444210996851325,0.12004114608040634,0.025163598013562324,Green
4324,0,0.11882434040307999,0.20045269877851024,0.13515001207816602,Green
4325,0,0.00022958781337365509,0.15731767851897002,0.03164720595449292,Green
4326,0,0.0005743236222770066,0.2602253391351316,0.05250452672484791,Green
4327,0,0.00045959766721352934,0.26837669455872787,0.05404301704551639,Green
4328,0,0.0019051759969443082,0.19326079682034777,0.04017630016162499,Green
4329,0,0.0007215905818156898,0.05804235477526709,0.012185743420505967,Green
4330,0,0.00017144676530733705,0.3666924383376378,0.07347564507977342,Green
4331,0,0.0010092202806845306,0.05363571370890018,0.011534518966327657,Green
4332,0,0.04073909893631935,0.0917930497233244,0.05094988909372036,Green
4333,0,0.000124684238107875,0.12596549173712468,0.02529284573791123,Green
4334,0,7.811446121195332e-05,0.10735358781940706,0.02153320913285097,Green
4335,0,0.00043833823874592784,0.17078669756499554,0.034508010103995845,Green
4336,0,0.036530635505914684,0.1620651513054673,0.061637538665825206,Green
4337,0,7.814163545845076e-05,0.12440715952880506,0.024943945214127766,Green
4338,0,0.0005775223253294826,0.08322285537811404,0.017106588935886388,Green
4339,0,0.0003177575650624931,0.09140908405404906,0.018536022862859804,Green
4340,0,0.0001383975934004411,0.04476291707096096,0.009063301488912542,Green
4341,0,0.0004938435507938266,0.0335571421717113,0.0071065032749773206,Green
4342,0,0.005608812905848026,0.0886834053302025,0.02222373139071892,Green
4343,0,0.00025680052931420505,0.05244494176572926,0.010694428776597212,Green
4344,0,0.00024381817784160375,0.08684630943291667,0.017564316428856613,Green
4345,0,0.0019342623418197036,0.06394675516380667,0.014336760906217095,Green
4346,0,0.00028848989168182013,0.10216662581221977,0.020664117075789405,Green
4347,0,0.0053330935072153805,0.12844826918987207,0.029956128643746714,Green
4348,0,0.015766567364335057,0.13521790507866102,0.03965683490720025,Green
4349,0,0.0020299653988331556,0.0897259707806682,0.01956916647520016,Green
4350,0,0.00021439885313156992,0.200526982574081,0.040276915597321446,Green
4351,0,6.442480844270904e-05,0.18535608587232666,0.03712275702121949,Green
4352,0,0.003832940571010113,0.3741754426223869,0.07790144098128544,Green
4353,0,8.973817166406662e-05,0.15682163690090314,0.03143611791751187,Green
4354,0,0.00019880617619492114,0.10830966218873853,0.021820977378703636,Green
4355,0,0.0010002677096053957,0.06799572591796554,0.014399359351277423,Green
4356,0,0.09911465644836426,0.03090898669937657,0.08547352249856673,Green
4357,0,0.00407969681546092,0.08823662111499948,0.020911081675368627,Green
4358,0,0.0005954989755991846,0.23261771491734515,0.04699994216394837,Green
4359,0,0.01200908087193966,0.09587377406885862,0.028782019511323448,Green
4360,0,0.003886314947158098,0.09573934076256474,0.022256920110239425,Green
4361,0,0.000698740518419072,0.10800171348811995,0.022159335112359242,Green
4362,0,0.0005188683047890663,0.12718740800673622,0.025852576245178494,Green
4363,0,0.00011082439959864132,0.09039332594642165,0.018167324708963237,Green
4364,0,0.00037521870690397917,0.023506457677123588,0.0050014665009479,Green
4365,0,0.00045655034482479097,0.023554246561322423,0.005076089588124316,Green
4366,0,0.015100901387631892,0.037344286410003306,0.019549578392106172,Green
4367,0,0.0005187835078686476,0.204496860240688,0.041314398854432506,Green
4368,0,0.0012091052485629916,0.25894115698842385,0.05275551559653515,Green
4369,0,0.0021425956161692738,0.2610880151415626,0.05393167952124792,Green
4370,0,0.02439688853919506,0.10321738634115944,0.04016098809958793,Green
4371,0,0.00039007477462291715,0.22577495700976882,0.04546705122165209,Green
4372,0,0.016506996750831605,0.08173776137433761,0.029553149675532804,Green
4373,0,0.0007564373896457254,0.06017107801843975,0.012639365515404528,Green
4374,0,0.0005029932130128145,0.07427994386399261,0.015258383343208773,Green
4375,0,0.0001772029499989003,0.07675371900596484,0.015492506161192085,Green
4376,0,0.0013050902867689728,0.0763472305878511,0.016313518346985394,Green
4377,0,0.0003650063474196941,0.19112238934397877,0.038516482946731496,Green
4378,0,0.00021574061829596758,0.16067093518809908,0.03230677953225659,Green
4379,0,0.0001288471481529996,0.17206353802122282,0.03451578532276696,Green
4380,0,0.0014529774198308587,0.11047209047094105,0.023256800030052892,Green
4381,0,0.0005398687848355621,0.1112428807611108,0.022680471180090603,Green
4382,0,0.0011414512526243925,0.1710835806810156,0.03512987713830262,Green
4383,0,0.0036146962083876133,0.1492993448693007,0.03275162594057022,Green
4384,0,0.14036169201135634,0.090997274191236,0.1304888084473323,Green
4385,0,0.0021654289215803143,0.037824248372173075,0.009297192811698865,Green
4386,0,0.00014797422336414455,0.14464542858262752,0.029047465095216815,Green
4387,0,0.0007574668852612376,0.15373727814894436,0.03135342913799786,Green
4388,0,0.00036453292705118656,0.04346019567274248,0.008983665476189444,Green
4389,0,0.00047052021836861967,0.06299304677907692,0.01297502553051028,Green
4390,0,0.000925225648097694,0.12919265752085007,0.026578712022648165,Green
4391,0,0.0011687237536534667,0.10206027893524072,0.021347034789970912,Green
4392,0,0.0009706166805699467,0.1544009680378343,0.03165668695202281,Green
4393,0,0.00021628126851283016,0.11013519383948941,0.022200063782708144,Green
4394,0,0.0008681721170432866,0.22775552138642455,0.04624564197091953,Green
4395,0,0.00040002306923270226,0.23799924414070947,0.047919867283528046,Green
4396,0,0.0013489164644852282,0.041991212025254764,0.009477375576639134,Green
4397,0,0.00011429286969359964,0.08385434046612268,0.016862302388979414,Green
4398,0,7.01739001669921e-05,0.218351824559885,0.043726504032110584,Green
4399,0,0.004131984617561102,0.20964892358272272,0.045235372410593416,Green
4400,0,0.0001053413187037222,0.19406682631650302,0.03889763831826357,Green
4401,0,0.00028009708621539174,0.2334334087209617,0.04691075941316464,Green
4402,0,0.00040740507538430395,0.24244683342743567,0.04881529074579457,Green
4403,0,0.00012546953512355686,0.3407102245060476,0.06824242052930836,Green
4404,0,0.0022468138253316284,0.13968956614884992,0.02973536429003528,Green
4405,0,0.001634252816438675,0.08043613358008889,0.017394628969168713,Green
4406,0,0.00042353354510851207,0.07508621737572509,0.015356070311231823,Green
4407,0,7.92817161709536e-05,0.12477954504400059,0.025019334381736875,Green
4408,0,0.0016596069792285562,0.0832129946447389,0.017970284512330622,Green
4409,0,0.003061248641461134,0.11830675944905059,0.02611035080297902,Green
4410,0,9.098284790525213e-05,0.19843529576864868,0.03975984543205393,Green
4411,0,0.00030221249326132236,0.10106700149794882,0.02045517029419882,Green
4412,0,0.00014340810012072324,0.09444962876554729,0.01900465223320603,Green
4413,0,0.0011746418196707964,0.2620857106971738,0.053356855595171386,Green
4414,0,0.07095260545611382,0.15565917917159844,0.08789392019921073,Green
4415,0,0.01241693217307329,0.15895832338353666,0.041725210415165956,Green
4416,0,0.00024063616583589465,0.06076631836508062,0.012345772605684837,Green
4417,0,0.00318046766333282,0.2401621037239255,0.050576794875451345,Green
4418,0,0.0016685948474332692,0.0785110808398878,0.01703709204592417,Green
4419,0,7.74059706600383e-05,0.13475233440613668,0.02701239165775536,Green
4420,0,0.0031366329174488785,0.06299902061362442,0.015109110456683984,Green
4421,0,0.043688845634460446,0.1939032067796765,0.07373171786350366,Green
4422,0,0.11600367575883866,0.20882154605744346,0.1345672498185596,Green
4423,0,0.0006029210635460913,0.07881064019873041,0.01624446489058295,Green
4424,0,0.0006475212343502791,0.17432131620719746,0.03538228022891971,Green
4425,0,0.00025934676523320377,0.23062807966176285,0.04633309334453912,Green
4426,0,0.00021711877197958527,0.2667605835525422,0.053525811728092086,Green
4427,0,0.0008548727491870522,0.1463479787384435,0.029953493947038334,Green
4428,0,0.0016479007434099914,0.22323982834979003,0.04596628626468599,Green
4429,0,0.00025544731761328876,0.23280157113004593,0.04676467208009981,Green
4430,0,0.0007371367653831839,0.10369776377838488,0.021329262167983518,Green
4431,0,0.0004550176148768514,0.23877584517965314,0.0481191831278321,Green
4432,0,0.0002772642532363534,0.03171643157591043,0.006565097717771166,Green
4433,0,0.0021849277429282664,0.038714432567020174,0.009490828707746646,Green
4434,0,0.00012220212665852158,0.10794735518770239,0.02168723273886729,Green
4435,0,0.0007569565903395414,0.052259625309098015,0.011057490334091234,Green
4436,0,0.1165378987789154,0.07779812304058956,0.10878994363125025,Green
4437,0,0.0003187923226505518,0.23355125101117463,0.04696528406035536,Green
4438,0,0.0002528606419218704,0.08639686110973945,0.01748166073548538,Green
4439,0,0.00011263178093940952,0.10807093221168279,0.021704291867088082,Green
4440,0,0.003431949741207063,0.06505593902810639,0.015756747598586925,Green
4441,0,0.002806704048998654,0.087369868780193,0.01971933699523752,Green
4442,0,0.0005578032694756984,0.15126561553535842,0.030699365722652236,Green
4443,0,0.0001472663898312021,0.09691704021387848,0.019501221154640654,Green
4444,0,0.001006716419942677,0.2307320473951822,0.04695178261499057,Green
4445,0,0.000560071732616052,0.1644627378689308,0.03334060495987899,Green
4446,0,0.00991335678845644,0.18354743580765637,0.04464017259229642,Green
4447,0,0.0001276844384847209,0.08711206121853983,0.01752455979449574,Green
4448,0,0.0006021290202625096,0.2868922570351303,0.057860154623236064,Green
4449,0,0.0005458831030409784,0.18277337054315437,0.03699138059106365,Green
4450,0,9.629330597817897e-05,0.07486209623193933,0.015049453891170406,Green
4451,0,0.0029406039509922263,0.10533151470419067,0.023418786101631908,Green
4452,0,0.00011498474195832386,0.12316680201620762,0.02472534819680818,Green
4453,0,0.00022554384195245803,0.05388989437351743,0.01095841394826545,Green
4454,0,0.00010493980953469874,0.20117382146283452,0.04031871614019465,Green
4455,0,0.0004718958574812859,0.06264650907302884,0.012906818500590793,Green
4456,0,0.00018239546625409275,0.19284810457369922,0.038715537287743115,Green
4457,0,0.0020073238760232926,0.1651701914653546,0.03463989739388955,Green
4458,0,0.005481624766252935,0.07298142445888836,0.018981584704780015,Green
4459,0,7.636816662852653e-05,0.12169545254546797,0.024400185042396407,Green
4460,0,0.002616140805184841,0.11426713033004729,0.024946338710157327,Green
4461,0,0.00020779200713150203,0.14733993362113873,0.02963422032993294,Green
4462,0,0.09361058473587036,0.18424375310643928,0.11173721840998413,Green
4463,0,0.01781576406210661,0.22453735246367193,0.05916008174241967,Green
4464,0,0.00024528075591661035,0.09779633543269096,0.019755491691271478,Green
4465,0,0.0014535251772031187,0.14391047103369653,0.029944914348501796,Green
4466,0,0.0028904496692121026,0.23293815567163947,0.04889999086969757,Green
4467,0,0.00047149560996331277,0.09591577456577309,0.019560351401125265,Green
4468,0,0.004545360337942839,0.0640535313690771,0.016446994544169688,Green
4469,0,0.006374570541083813,0.12656569570367385,0.03041279557360181,Green
4470,0,0.0006758113740943372,0.12557486657284012,0.025655622413843487,Green
4471,0,0.0006487610517069697,0.24655792139054347,0.049830593119474256,Green
4472,0,0.04938951395452023,0.19542382880774262,0.07859637692516469,Green
4473,0,0.006056617945432663,0.17231140558837102,0.03930757547402033,Green
4474,0,0.00011170730285812169,0.13758573742378832,0.02760651332704416,Green
4475,0,0.004499820619821548,0.12689815017712425,0.028979486531282083,Green
4476,0,0.006498193740844726,0.06659222337599116,0.018516999667874012,Green
4477,0,0.0006008145282976329,0.10273270270462301,0.0210271921635627,Green
4478,0,0.0001714109268505126,0.06738554774755022,0.013614238290990451,Green
4479,0,0.0006216659152414651,0.1895906498142077,0.0384154626950347,Green
4480,0,0.002663260698318482,0.08892630554721714,0.019915869668098208,Green
4481,0,0.001468815840780735,0.137505991758977,0.02867625102441998,Green
4482,0,0.01835860572755337,0.0840441812723176,0.031495720836506216,Green
4483,0,0.001451302133500576,0.06807601310495008,0.014776244327790473,Green
4484,0,0.00010326405026717111,0.219842148502549,0.04405104094072352,Green
4485,0,0.002359602600336075,0.12492998288367431,0.026873678657003717,Green
4486,0,0.0005209249909967184,0.0388229628677335,0.008181332566344072,Green
4487,0,0.0002019199338974431,0.17412498560887912,0.03498653306889377,Green
4488,0,0.0017094264272600412,0.16946551071759908,0.03526064328532784,Green
4489,0,0.0001635107531910762,0.15774796345552364,0.03168040129365758,Green
4490,0,0.003066124068573117,0.17253428148486408,0.03695975555183131,Green
4491,0,0.0002716017479542643,0.13815197786977657,0.027847676972318717,Green
4492,0,0.00017846400151029228,0.13510164897797944,0.027163100996804114,Green
4493,0,0.0009535149671137333,0.22700240761159923,0.046163293496010824,Green
4494,0,0.0006662666914053262,0.07791202083571971,0.0161154175202682,Green
4495,0,0.002258344180881977,0.19483247100095105,0.040773169544895786,Green
4496,0,0.0012493081390857696,0.12622894378903002,0.026245235269074612,Green
4497,0,0.0001587321632541716,0.027391576272624424,0.005605300985128221,Green
4498,0,0.0012914660735987126,0.09901496652863619,0.020836166164606203,Green
4499,0,0.0012073968711774797,0.07283453261269843,0.015532824019481667,Green
4500,0,0.00021748917642980812,0.10696681622005065,0.021567354585153974,Green
4501,0,0.00017309564573224633,0.14005741274188063,0.028149959064961916,Green
4502,0,0.0008003767812624573,0.10739154203108403,0.022118609831226765,Green
4503,0,0.0010323309572413564,0.05560366125090954,0.011946597015974992,Green
4504,0,0.0013953002053312957,0.10867644691022113,0.022851529546309257,Green
4505,0,0.0031698382925242187,0.1828386486272849,0.03910360035947635,Green
4506,0,0.000830982462503016,0.0392357669249601,0.008511939354994431,Green
4507,0,0.00023029404983390122,0.11574913030518894,0.0233340613009049,Green
4508,0,0.002234501391649246,0.1596218693899867,0.03371197499131673,Green
4509,0,0.0004010880889836699,0.1521275454711661,0.030746379565420152,Green
4510,0,0.0003699476830661297,0.07426418898651999,0.015148795943756899,Green
4511,0,0.0017823112895712255,0.1713219583874662,0.035690240709150216,Green
4512,0,0.06545325256884098,0.04722591452808094,0.06180778496068898,Green
4513,0,0.015022487193346024,0.12209862443523253,0.03643771464172332,Green
4514,0,9.893303649732843e-05,0.10619518600172281,0.021318183629542423,Green
4515,0,0.0003817074873950332,0.15393850951861246,0.031093067893638512,Green
4516,0,0.00012253733002580704,0.13252096518279818,0.02660222290058028,Green
4517,0,0.0002269712364068255,0.1332168779368289,0.026824952576491236,Green
4518,0,0.00022373225074261426,0.24786921294426884,0.04975282838944785,Green
4519,0,0.0050384758040308945,0.04807088110471873,0.01364495686416846,Green
4520,0,0.0003977070446126163,0.19052874440162718,0.03842391451601552,Green
4521,0,0.010971332620829343,0.14534035884713387,0.03784513786609024,Green
4522,0,0.0034798516426235437,0.2258786070521402,0.04795960272452686,Green
4523,0,0.0003719199157785624,0.07473641351878312,0.01524481863637947,Green
4524,0,0.04484926126897335,0.12676568270189958,0.0612325455555586,Green
4525,0,0.00162455840036273,0.06656599613798096,0.014612845947886373,Green
4526,0,0.022306257113814353,0.11377836433791032,0.04060067855863354,Green
4527,0,0.0019122648984193802,0.08346633447747703,0.018223078814230905,Green
4528,0,0.0004800032707862556,0.266257001787121,0.05363540297405319,Green
4529,0,0.0012135449796915054,0.11393101716196642,0.023757039416146482,Green
4530,0,0.000440978305414319,0.12248697420294477,0.024850177484920404,Green
4531,0,0.0001574588502990082,0.19284052244897787,0.03869407157003477,Green
4532,0,9.998108289437369e-05,0.08860679863140002,0.0178013445925955,Green
4533,0,0.0009714804124087095,0.03922912819469238,0.008623009968865442,Green
4534,0,0.00022053892898838968,0.17761727086370424,0.03569988531593155,Green
4535,0,0.0012055047787725925,0.13910185748502035,0.028784775320022136,Green
4536,0,0.00041707217460498216,0.055721272285852996,0.011477912196854583,Green
4537,0,0.014702871814370156,0.21001209510387048,0.053764716472270206,Green
4538,0,0.0003383293864317238,0.21467951408909777,0.04320656632696492,Green
4539,0,0.0018836113857105374,0.24316468807053782,0.05013982672267598,Green
4540,0,0.00022851558751426637,0.06201385802762743,0.012585584075536897,Green
4541,0,0.02032509706914425,0.1139363198855097,0.03904734163241734,Green
4542,0,0.0005759974243119359,0.04777682583599955,0.010016163106649456,Green
4543,0,0.002846384420990944,0.13516014665146134,0.029309136867085018,Green
4544,0,0.07062823586165905,0.15296001878933638,0.0870945924471945,Green
4545,0,0.00039035655790939925,0.010635466386713699,0.002439378523670259,Green
4546,0,0.009153843577951192,0.03296763545585985,0.013916601953532923,Green
4547,0,0.00048583950847387315,0.21804307172696638,0.043997285952172366,Green
4548,0,0.0026975743239745498,0.17790769915986385,0.037739599291152406,Green
4549,0,0.007777526229619981,0.19320734702316852,0.04486349038832969,Green
4550,0,0.0004088964662514627,0.189695158296687,0.038266148832338566,Green
4551,0,0.00159051064401865,0.29111268960645453,0.05949494643650582,Green
4552,0,0.0001353342260699719,0.06665008517560243,0.013438284415976462,Green
4553,0,0.009926107618957758,0.09926737574855743,0.02779436124487769,Green
4554,0,0.0014218176482245326,0.11913885486213947,0.024965225091007515,Green
4555,0,9.6534589829389e-05,0.05134100362052128,0.010345428395967766,Green
4556,0,0.0003201410756446421,0.101628094643967,0.02058173178930911,Green
4557,0,0.0012576639419421554,0.17352966095743164,0.03571206334504005,Green
4558,0,0.0003933639847673476,0.1203973137939237,0.02439415394659861,Green
4559,0,0.0019384188577532767,0.389995234900713,0.0795497820663452,Green
4560,0,0.0006106925429776311,0.28868397275237107,0.058225348584856305,Green
4561,0,0.0032781345304101705,0.21086511332247118,0.04479553028882236,Green
4562,0,0.010188560746610165,0.21107939721360652,0.050366728040009426,Green
4563,0,0.0032837454229593275,0.08544141285650315,0.01971527890966809,Green
4564,0,0.026592274755239488,0.17248321391399218,0.05577046258699002,Green
4565,0,0.002295186789706349,0.2594545385388338,0.05372705713953183,Green
4566,0,0.0008460773853585124,0.31340093694213583,0.06335704929671396,Green
4567,0,0.001560279168188572,0.07856641279455262,0.01696150589346138,Green
4568,0,0.0001289860316319391,0.08765917708284832,0.01763502424187521,Green
4569,0,0.0005669176229275763,0.04396781730088047,0.009247097558518153,Green
4570,0,0.0003964416740927845,0.17887840907740468,0.03609283515475516,Green
4571,0,0.03886450305581093,0.13748975792691187,0.05858955403003111,Green
4572,0,0.00016438301536254586,0.06108763074299473,0.01234903256088898,Green
4573,0,6.468148203566671e-05,0.05894257475927058,0.011840260137482647,Green
4574,0,0.0007462690118700266,0.05925461758484788,0.012447938726465595,Green
4575,0,0.0011928183026611804,0.12544643804257094,0.026043542250643127,Green
4576,0,0.0005436117760837078,0.11156929985839517,0.022748749392545998,Green
4577,0,0.0007466972572728991,0.10651253495788299,0.021899864797394912,Green
4578,0,0.0018307888181880116,0.09103490798294703,0.01967161265113981,Green
4579,0,0.0003645946504548192,0.047652031403104485,0.00982208200098475,Green
4580,0,0.0003961313108447939,0.06573090693022311,0.013463086434720455,Green
4581,0,0.00016182784456759692,0.0904938224685042,0.01822822676935491,Green
4582,0,0.0004599602660164237,0.033618906315217446,0.007091749475856627,Green
4583,0,0.013330992683768273,0.06031906762462445,0.02272860767193951,Green
4584,0,0.000269656372256577,0.006001496275168023,0.001416024352838866,Green
4585,0,0.0019863828551024195,0.04046009299200013,0.009681124882481962,Green
4586,0,0.020497608929872513,0.14249632143323504,0.04489735143054501,Green
4587,0,0.00033814071503002197,0.04774127291529378,0.00981876715508277,Green
4588,0,0.0018578887451440095,0.14728592657242656,0.030943496310600515,Green
4589,0,0.00046751428744755684,0.14627089346347028,0.029628190122652096,Green
4590,0,0.04060625657439232,0.03686010663532114,0.03985702658657809,Green
4591,0,0.0016706585767678917,0.008448764332548219,0.003026279727923957,Green
4592,0,0.0030966241378337146,0.2336376715288147,0.049204833616029904,Green
4593,0,0.001161976030562073,0.1075469525942276,0.022438971343295172,Green
4594,0,0.021100236102938652,0.14741601124452444,0.0463633911312558,Green
4595,0,0.0025300602428615093,0.09746531218999256,0.021517110632287714,Green
4596,0,0.0014627045020461082,0.10561021592895331,0.022292206787427545,Green
4597,0,0.0003598219947889447,0.06999849813208284,0.01428755722224772,Green
4598,0,0.000831795041449368,0.13170663200167906,0.027006762433495302,Green
4599,0,8.029465388972312e-05,0.10213244457581223,0.02049072463827422,Green
4600,0,0.004318335093557835,0.08716065254726248,0.02088679858429876,Green
4601,0,0.0006559571716934443,0.14392162788918156,0.029309091315191063,Green
4602,0,0.000770806847140193,0.08486892630159926,0.017590430738032,Green
4603,0,0.0007247143425047397,0.11560978079100685,0.023701727632205155,Green
4604,0,0.00018855218368116767,0.05043556496309829,0.010237954739564589,Green
4605,0,0.00037060828180983667,0.10620370088966949,0.021537226803381763,Green
4606,0,0.001317822653800249,0.21483008408134688,0.044020274939309566,Green
4607,0,0.0006135687581263483,0.09087697297505896,0.018666249601512867,Green
4608,0,0.0007004061248153448,0.06740116854744117,0.014040558609340507,Green
4609,0,0.022273536585271356,0.13624117361863214,0.045067063991943504,Green
4610,0,7.600119351991452e-05,0.23129116110557188,0.0463190331759303,Green
4611,0,0.0017257825704291463,0.1264666186775601,0.02667394979185533,Green
4612,0,0.04726996496319771,0.10436368135822949,0.058688708242204055,Green
4613,0,0.00019147047132719308,0.08950968326600689,0.01805511303026313,Green
4614,0,0.0030071157496422527,0.11612233133639553,0.0256301588669929,Green
4615,0,0.0009497475228272379,0.06021947103566174,0.012803692225394136,Green
4616,0,0.0002934056043159217,0.1862172588688651,0.03747817625722574,Green
4617,0,0.00021419056283775718,0.1523562870320404,0.03064260985667828,Green
4618,0,0.0003267975174821913,0.15278007212851635,0.030817452439689016,Green
4619,0,5.404877811088227e-05,0.1687124035723972,0.03378571973696814,Green
4620,0,0.0044377178885042666,0.21021582952291498,0.0455933402153864,Green
4621,0,0.0057718968950212,0.09205891850840847,0.02302930121769865,Green
4622,0,0.004540838114917278,0.12158166800140306,0.02794900409221443,Green
4623,0,0.0020703401183709506,0.17933796174086794,0.037523864442870335,Green
4624,0,0.005311083886772394,0.23679729836110797,0.0516083267816395,Green
4625,0,0.0011247237911447884,0.1275912791505615,0.026418034863028125,Green
4626,0,0.002320472616702318,0.071191952524753,0.01609476859831245,Green
4627,0,0.0005347128957509994,0.09643422829671872,0.01971461597594454,Green
4628,0,0.01504947580397129,0.19161185114023419,0.05036195087122386,Green
4629,0,0.00016873178537935019,0.20113682687137333,0.040362350802578134,Green
4630,0,0.002928824909031391,0.18468694875350894,0.03928044967792689,Green
4631,0,0.0012048872886225581,0.18443988787982882,0.0378518874068638,Green
4632,0,0.08999966755509377,0.10652611441249621,0.09330495692657426,Green
4633,0,0.001652855356223881,0.20722342044077938,0.04276696837313497,Green
4634,0,0.0016180546954274178,0.22185761416250516,0.045665966588842956,Green
4635,0,0.0013949568616226315,0.16143162755961882,0.033402291001221864,Green
4636,0,0.0005289351800456643,0.04079034072078529,0.008581216288193586,Green
4637,0,0.00038841263158246876,0.18624377534297187,0.03755948517386034,Green
4638,0,0.008106327801942825,0.08947721601153823,0.0243805054438619,Green
4639,0,0.0004052354022860527,0.13023886231506715,0.026371960784842264,Green
4640,0,0.0010942668654024602,0.05755050575700418,0.012385514643722803,Green
4641,0,0.00034319512778893115,0.24306940147419023,0.04888843639706918,Green
4642,0,0.0029385750181972984,0.15021418737887854,0.03239369749033354,Green
4643,0,0.00015414434601552783,0.1230902565231234,0.024741366781437096,Green
4644,0,6.491401727544144e-05,0.1871784763965539,0.03748762649313113,Green
4645,0,0.08581734448671341,0.017297097827594893,0.07211329515488972,Green
4646,0,0.0001294216635869816,0.11759193194952303,0.023621923720774186,Green
4647,0,0.001623858488164842,0.040791711183316086,0.00945742902719509,Green
4648,0,0.0036153950728476047,0.09198333423173946,0.02128898290462597,Green
4649,0,0.0011388536542654036,0.09139290179650263,0.019189663282712845,Green
4650,0,0.002480943989939988,0.08497967949671699,0.018980691091295385,Green
4651,0,0.0016170017945114524,0.021892138107050076,0.005672029057019176,Green
4652,0,0.0025353857316076757,0.058885532246218945,0.013805415034529927,Green
4653,0,0.00011301553604425862,0.18534865553632782,0.03716014353610096,Green
4654,0,0.006848623603582382,0.12334998327903819,0.03014889553867354,Green
4655,0,0.0010405541164800526,0.06720577217369661,0.014273597727923361,Green
4656,0,0.0019700056640431286,0.1741376382308882,0.036403532177412136,Green
4657,0,0.0003382722556125373,0.1831202085950948,0.03689465952350898,Green
4658,0,0.007354989182204008,0.05781869426183811,0.017447730198130826,Green
4659,0,0.0006416275748051703,0.1557049845675503,0.031654298973354186,Green
4660,0,0.005789052741602063,0.19311771511456324,0.04325478521619429,Green
4661,0,0.0014601604314520955,0.08826108557332271,0.018820345459826218,Green
4662,0,0.0012123073334805667,0.15859718353358346,0.032689282573501136,Green
4663,0,0.00018025420722551645,0.09218120154118252,0.01858044367401691,Green
4664,0,0.0008407978457398713,0.09607350803956746,0.019887339884505386,Green
4665,0,0.0002069996087811887,0.10068281541951954,0.020302162770928854,Green
4666,0,0.0002034750737948343,0.17739751141567336,0.03564228234217053,Green
4667,0,0.00031161382794380187,0.21673905853537656,0.043597102769430345,Green
4668,0,0.0017339903861284256,0.14937886216809992,0.03126296474252272,Green
4669,0,6.628880873904563e-05,0.05783323992617371,0.011619679032225974,Green
4670,0,0.000619747635209933,0.09723718844973296,0.019943235798114533,Green
4671,0,0.00025787110498640684,0.11686660844241309,0.02357961857247174,Green
4672,0,0.6110410928726197,0.12721545103000886,0.5142759645040975,Amber
4673,0,0.00031036697910167275,0.07919374122699312,0.016087041828679958,Green
4674,0,0.05996916890144348,0.07587554236357802,0.06315044359387038,Green
4675,0,0.02721269950270653,0.15556586484601584,0.05288333257136839,Green
4676,0,0.002177774021402001,0.2424368216271934,0.05022958354256027,Green
4677,0,0.0044917137362062935,0.1818410255786203,0.03996157610468909,Green
4678,0,0.0030543597880750895,0.1796820350951878,0.03837989484949762,Green
4679,0,0.0002448530183755793,0.1694766238150767,0.03409120717771579,Green
4680,0,0.0033880224917083976,0.07924980982981857,0.01856037995933043,Green
4681,0,0.00032617641263641415,0.1688216248823752,0.034025266106584164,Green
4682,0,0.00795970093458891,0.29905739178491014,0.06617923910465315,Green
4683,0,0.0008699502563104033,0.09393416971221831,0.01948279414749198,Green
4684,0,0.0021252237376756964,0.028976196445597357,0.007495418279260028,Green
4685,0,0.00034419303410686557,0.04318654001956491,0.008912662431198471,Green
4686,0,0.00020029294246342032,0.05207735272323214,0.010575704898617163,Green
4687,0,0.00030721325019840147,0.012440943246860268,0.0027339592495307743,Green
4688,0,0.002574648929294199,0.09600921765131189,0.02126156267369773,Green
4689,0,0.0003030323190614581,0.02393420289169509,0.005029266433588184,Green
4690,0,0.006211416330188513,0.15451132787541105,0.03587139863923301,Green
4691,0,0.002488359762355685,0.06195284054815143,0.014381255919514831,Green
4692,0,0.0005954628228209913,0.23915440621548004,0.04830725150135279,Green
4693,0,0.00019681397243402897,0.11631875260791016,0.02342120169952925,Green
4694,0,0.00025843986659310756,0.04558861055739451,0.009324474004753384,Green
4695,0,0.0018124211113899945,0.09003025880770081,0.019455988650652154,Green
4696,0,0.01586966812610626,0.07310432288216995,0.027316599077318995,Green
4697,0,0.0010269265621900558,0.04802450536099859,0.01042644232195176,Green
4698,0,0.0007371501065790653,0.2163665196105642,0.04386302400737608,Green
4699,0,0.0011943596298806369,0.10034395548699697,0.0210242788013039,Green
4700,0,0.00013759942230535672,0.15586151772880075,0.031282383083604426,Green
4701,0,0.001088528730906546,0.11265080670005141,0.023400984324735512,Green
4702,0,0.002502460009418428,0.04999065158937206,0.012000098325409152,Green
4703,0,0.0005286860512569546,0.19370744530948283,0.039164437902902124,Green
4704,0,0.002484375098720193,0.10835141849966447,0.023657783778909043,Green
4705,0,0.01925663501024246,0.01754647054153081,0.01891460211650013,Green
4706,0,0.0256330206990242,0.17398866386006157,0.055304149331231664,Green
4707,0,0.0002675629570148885,0.11655517571679683,0.02352508550897127,Green
4708,0,0.0005677967623341828,0.09117070637708277,0.018688378685283894,Green
4709,0,0.00020823203958570958,0.039182025441961414,0.00800299072006085,Green
4710,0,0.0007172708516009152,0.06418527674101221,0.013410872029483172,Green
4711,0,0.00021534526604227722,0.08484910500165031,0.01714209721316388,Green
4712,0,0.00029725024360232054,0.13890502990218323,0.028018806175318496,Green
4713,0,0.00014700008323416115,0.03753087559214937,0.007623775185017201,Green
4714,0,0.0033464853186160326,0.041363994553714686,0.010949987165635762,Green
4715,0,0.0017951516434550287,0.08718197841642436,0.01887251699804889,Green
4716,0,0.00014112911449046803,0.24245070552741327,0.04860304439707502,Green
4717,0,0.00019179551454726607,0.17568113124472667,0.03528966266058314,Green
4718,0,0.0009124349337071181,0.08680202477011474,0.01809035290098864,Green
4719,0,0.00402608101721853,0.09655626955031384,0.022532118723837587,Green
4720,0,0.00025544484378769994,0.09840948710542916,0.019886253296115985,Green
4721,0,0.0020406863652169703,0.03686329127632733,0.00900520734743904,Green
4722,0,0.0009267299203202129,0.09823843034810922,0.020389070005878012,Green
4723,0,0.003554593725129962,0.020547417713013147,0.006953158522706598,Green
4724,0,0.0002694889903068542,0.059855643671005564,0.012186719926446593,Green
4725,0,0.0004284350026864559,0.2721198691072627,0.0547667218236017,Green
4726,0,0.0004981531703379006,0.14947368517642345,0.030293259571555004,Green
4727,0,0.005322628188878298,0.14540252622423622,0.033338607795949875,Green
4728,0,0.0008420290192589163,0.07463578755701432,0.015600780726809994,Green
4729,0,0.00013668758037965745,0.16545747791648094,0.033200845647599904,Green
4730,0,0.0010687127476558089,0.049075226584108636,0.010670015514946372,Green
4731,0,9.524532069917768e-05,0.07617005143652109,0.015310206543863556,Green
4732,0,0.0014780558180063964,0.15352956480109875,0.03188835761462486,Green
4733,0,0.00017027038848027587,0.12097731419034577,0.02433167914885337,Green
4734,0,0.0008998766774311663,0.1369816034420328,0.02811622203035149,Green
4735,0,0.0005830613314174116,0.050096168724639435,0.010485682810061814,Green
4736,0,0.0004147281346376985,0.1750741629542523,0.03534661509856061,Green
4737,0,0.002971363626420498,0.07036936592779251,0.0164509640866949,Green
4738,0,0.0003009543637745082,0.030919707956660394,0.006424705082351684,Green
4739,0,0.0010815816465765237,0.13356018044452278,0.027577301406165766,Green
4740,0,0.0003999613283667714,0.1437505214884967,0.029070073360392752,Green
4741,0,0.00040448143263347445,0.1064028528232295,0.021604155710752675,Green
4742,0,0.00937930103391409,0.2228723048092775,0.05207790178898676,Green
4743,0,0.00018093930848408493,0.08507897152089429,0.017160545750966122,Green
4744,0,0.000370932329678908,0.09776099751607724,0.01984894536695857,Green
4745,0,0.001903614914044738,0.15968819521689173,0.03346053097461413,Green
4746,0,0.00011870247253682464,0.09922945879891175,0.019940853737811806,Green
4747,0,0.00018029063357971609,0.12851442931850232,0.025847118370564234,Green
4748,0,0.0006570118828676641,0.18559659802235356,0.037644929110764835,Green
4749,0,0.0246108622290194,0.10782836566580092,0.0412543629163757,Green
4750,0,0.018213140591979027,0.1859114485498842,0.05175280218356006,Green
4751,0,5.111948812555056e-05,0.42699847140125646,0.08544058987075172,Green
4752,0,0.001440801122225821,0.019546146730358933,0.005061870243852443,Green
4753,0,9.341636905446649e-05,0.033195951806382046,0.006713923456519981,Green
4754,0,0.00019276329257991167,0.11114896855190354,0.02238400434444463,Green
4755,0,0.0001848285348387435,0.04100688852178946,0.008349240532228883,Green
4756,0,0.0015123262535780668,0.12028795849672672,0.02526745270220779,Green
4757,0,0.0007929339073598385,0.11750152440850678,0.02413465200758922,Green
4758,0,0.0024146939162164927,0.009885142018818826,0.0039087835367369594,Green
4759,0,0.00044249569182284174,0.04213731317977999,0.008781459189414269,Green
4760,0,0.0014608090976253154,0.07772920598486345,0.01671448847507294,Green
4761,0,0.0016133139142766595,0.1255198316527452,0.02639461746197036,Green
4762,0,9.603871585568413e-05,0.21349023195440342,0.042774877363565215,Green
4763,0,0.002347515895962715,0.09203216717454114,0.020284446151678397,Green
4764,0,0.01022363230586052,0.08164747851847917,0.024508401548384247,Green
4765,0,0.00014517171075567603,0.029263386334394896,0.0059688146354835185,Green
4766,0,0.001412819349206984,0.08666076857695357,0.018462409194756293,Green
4767,0,0.00045616982388310137,0.09957589662768497,0.020280115184643472,Green
4768,0,0.00010047130490420386,0.05097834412296771,0.010276045868516902,Green
4769,0,0.00012514616682892665,0.09177249809981881,0.018454616553426898,Green
4770,0,0.0005112707149237394,0.12413489332513569,0.025235995236966124,Green
4771,0,9.437477128813044e-05,0.08154449855027494,0.01638439952708549,Green
4772,0,0.0002723700948990881,0.030455847086795065,0.006309065493278282,Green
4773,0,0.001945325266569853,0.13430184788892496,0.028416629791040867,Green
4774,0,0.00039179255254566674,0.06502980422534368,0.013319394887105268,Green
4775,0,0.0024447059258818626,0.07811959003037261,0.01757968274678001,Green
4776,0,0.00023041678650770336,0.039340327771766694,0.008052398983559498,Green
4777,0,0.0004931619332637638,0.08691018757890621,0.01777656706239225,Green
4778,0,0.005226827226579189,0.08419269016930886,0.021019999815125118,Green
4779,0,0.0006230559782125056,0.11817232114961107,0.024132909012492213,Green
4780,0,0.004433687217533589,0.04992051226979879,0.013531052227986626,Green
4781,0,0.0004961173399351537,0.1700449477587819,0.03440588342370449,Green
4782,0,0.003470231359824538,0.07013591471686925,0.016803368031233477,Green
4783,0,0.00037094217259436846,0.1315662066947552,0.026609995077026525,Green
4784,0,0.007046696543693542,0.0503406950731794,0.015705496249590712,Green
4785,0,0.0014562867931090294,0.058171915931030244,0.01279941262069327,Green
4786,0,0.00032148673199117184,0.10486644334447501,0.021230478054487936,Green
4787,0,0.000295898987678811,0.10507418052409613,0.02125155529496227,Green
4788,0,0.00010021236375905574,0.08515958291817304,0.01711208647464185,Green
4789,0,0.0002522950991988182,0.10087002880374103,0.020375841840107257,Green
4790,0,0.01167346704751253,0.0875389463392697,0.02684656290586396,Green
4791,0,0.0003897633694577962,0.019311985547794237,0.004174207805125084,Green
4792,0,0.00040674061165191233,0.0893506822250706,0.018195528934335646,Green
4793,0,0.00046144474763423207,0.02022200328441324,0.0044135564549900325,Green
4794,0,0.00044580296380445364,0.14946829651649263,0.030250301674342082,Green
4795,0,0.0005715562147088349,0.06647965211848433,0.013753175395463932,Green
4796,0,0.0007875157403759657,0.046934647531204264,0.010016942098541622,Green
4797,0,7.134194020181894e-05,0.08287651840953184,0.01663237723406782,Green
4798,0,0.00018355727661401033,0.06998889033758443,0.014144623888808092,Green
4799,0,0.0016348497942090035,0.026511919897509773,0.006610263814869156,Green
4800,0,6.34919255389832e-05,0.09919796687125239,0.01989038691468166,Green
4801,0,0.0063818186754360795,0.02130465473044958,0.009366385886438778,Green
4802,0,0.0019351598108187317,0.05234256677076752,0.012016641202808487,Green
4803,0,0.0008858966175466776,0.029698142040971286,0.006648345702231598,Green
4804,0,0.00025691646733321254,0.0665881262923097,0.013523158432328507,Green
4805,0,0.00022957953915465624,0.041845527831067264,0.008552769197537176,Green
4806,0,0.00039201764739118513,0.10243905132702076,0.020801424383317096,Green
4807,0,0.00022887660306878388,0.03694144585375307,0.00757139045320564,Green
4808,0,0.00016652419872116299,0.14882604756498422,0.02989842887197377,Green
4809,0,0.0019748130813241004,0.0805848372539087,0.017696817915841018,Green
4810,0,0.0002660899655893445,0.15048396227548236,0.03030966442756794,Green
4811,0,0.003400772390887141,0.09394442900186598,0.021509503713082904,Green
4812,0,0.0006465802318416536,0.044044516664835526,0.009326167518440426,Green
4813,0,0.0008634766098111867,0.08003544857787988,0.016697871003424923,Green
4814,0,0.00134826737921685,0.034641466673901125,0.008006907238153704,Green
4815,0,0.00027442294522188603,0.10014644035676634,0.020248826427530772,Green
4816,0,0.0007667112979106604,0.01728820901021608,0.0040710108403717435,Green
4817,0,0.0003333551459945738,0.2335494112123794,0.046976566359271534,Green
4818,0,0.001108548534102738,0.07440460349398824,0.015767759526079835,Green
4819,0,0.0001815396797610447,0.06521730111429715,0.013188691966668263,Green
4820,0,0.00026352583954576404,0.041025882781270326,0.008415997227890675,Green
4821,0,0.00026714475243352356,0.15583702773400623,0.031381121348748056,Green
4822,0,0.0032898300793021916,0.06848545513264481,0.016328955089970714,Green
4823,0,0.0003974389808718115,0.1483488194588927,0.02998771507647598,Green
4824,0,0.0045071011409163475,0.03755092405553134,0.011115865723839345,Green
4825,0,0.0004603998502716422,0.08225895773179737,0.016820111426576783,Green
4826,0,0.0009213588084094227,0.05580232150586149,0.011897551347899833,Green
4827,0,0.00033105970942415297,0.11869590448255507,0.024004028664050332,Green
4828,0,0.0012745635816827417,0.10891300698331981,0.02280225226201015,Green
4829,0,0.0008032598241697996,0.08781973367029697,0.01820655459339523,Green
4830,0,0.0004101100261323154,0.024376401122437073,0.005203368245393266,Green
4831,0,8.716855736565777e-05,0.09527435738184532,0.019124606322261584,Green
4832,0,0.0003155794052872807,0.03025256519836249,0.006302976563902321,Green
4833,0,0.00029833083390258254,0.04613999703904904,0.009466664074931871,Green
4834,0,0.00033946254407055674,0.04340744548475056,0.008953059132206556,Green
4835,0,0.0010617122054100037,0.1267761015030348,0.02620459006493496,Green
4836,0,0.0005469438619911671,0.11682386125640154,0.023802327340873237,Green
4837,0,0.0006895123631693422,0.059945823148902545,0.012540774520315979,Green
4838,0,0.0009154191240668297,0.06451958428488294,0.013636252156230048,Green
4839,0,0.00013463013310683892,0.08811808890012389,0.017731321886510245,Green
4840,0,0.001733765169046819,0.07213445169258538,0.01581390247375453,Green
4841,0,0.00046630821889266373,0.08072846546661082,0.016518739668436293,Green
4842,0,5.563187587540597e-05,0.07273560617815455,0.014591626736331234,Green
4843,0,0.00013244274305179715,0.09077403119416032,0.018260760433273498,Green
4844,0,0.0003888641018420458,0.07405401111021451,0.015121893503516535,Green
4845,0,0.001130118954461068,0.09317115934655368,0.019538327032879586,Green
4846,0,8.721561898710206e-05,0.04692651967633312,0.009455076430456304,Green
4847,0,0.0024788434151560065,0.031169333238682963,0.008216941379861396,Green
4848,0,0.001544765755534172,0.03248886332852373,0.007733585270132082,Green
4849,0,0.0012303326046094298,0.09157834159323652,0.019299934402334844,Green
4850,0,0.0002801758819259703,0.05308089284680238,0.01084031927490125,Green
4851,0,0.00032545861904509366,0.03649909316710043,0.007560185528656159,Green
4852,0,0.0001925900491187349,0.12282892928724502,0.02471985789674399,Green
4853,0,0.0015999311581254005,0.10499176927919625,0.022278298782339563,Green
4854,0,0.0007414255174808204,0.0817048097293779,0.016934102359860235,Green
4855,0,0.0003646259428933263,0.05437179584278779,0.011166059922872217,Green
4856,0,6.370918054017238e-05,0.11437962234791924,0.02292689181401598,Green
4857,0,0.00010097578488057479,0.02025004818182592,0.004130790264269643,Green
4858,0,0.0021771452855318786,0.24924036074105727,0.05158978837663695,Green
4859,0,0.00016925181553233414,0.10169178169436406,0.020473757791298675,Green
4860,0,0.000504874624311924,0.13532506907874686,0.027468913515198905,Green
4861,0,0.0006888352916575968,0.025626577213901252,0.005676383676106326,Green
4862,0,0.000795194529928267,0.13141198312024843,0.026918552247992292,Green
4863,0,0.002692029462195933,0.11714957234187036,0.025583538038130814,Green
4864,0,0.00030473844381049273,0.1534204114874611,0.030927873052540605,Green
4865,0,0.00030833062482997774,0.06812294524273882,0.013871253548411743,Green
4866,0,0.0006909373332746327,0.1142311155087501,0.023398972968369722,Green
4867,0,0.0011516241356730461,0.1487500096899814,0.03067130124653471,Green
4868,0,0.00045754385646432636,0.0546083068942192,0.011287696464015298,Green
4869,0,0.002368323318660259,0.16638329707911148,0.035171318070750496,Green
4870,0,0.0001531231187982485,0.2440371833846201,0.04892993517196261,Green
4871,0,0.00116504339966923,0.04193902470955152,0.009319839661645686,Green
4872,0,0.0010930967284366489,0.05835151829323024,0.012544781041395364,Green
4873,0,0.0003974670893512666,0.10133826840456289,0.020585627352393585,Green
4874,0,0.0018657722044736146,0.07139119044694191,0.01577085585296727,Green
4875,0,0.00015510223456658423,0.2087721473166983,0.041878511250992914,Green
4876,0,0.0009706510580144822,0.059101379919418114,0.012596796830295206,Green
4877,0,0.00019883986387867478,0.09214401772909445,0.018587875436921822,Green
4878,0,0.0004441125493030995,0.028862272714470352,0.006127744582336549,Green
4879,0,0.0022700108587741853,0.037207819300993275,0.009257572547218002,Green
4880,0,0.001287208532448858,0.123935678354928,0.025816902496944683,Green
4881,0,4.605437206919305e-05,0.10913940029775641,0.021864723557206634,Green
4882,0,0.0002758506801910698,0.10317794427688785,0.020856269399530423,Green
4883,0,0.0025694190058857206,0.14353686084909964,0.030762907374528498,Green
4884,0,0.0005310670239850879,0.09268019756553118,0.018960893132294303,Green
4885,0,0.0003619290771894157,0.13112760888247804,0.026515065038247135,Green
4886,0,0.0008712324080988764,0.10455678346452339,0.021608342619383776,Green
4887,0,0.0005016513168811798,0.19696301776480168,0.039793924606465275,Green
4888,0,0.0001421852532075718,0.018038905492595417,0.0037215293010851402,Green
4889,0,0.0001656450767768547,0.0806558291956363,0.016263681900548742,Green
4890,0,0.0009340928168967366,0.1437518795939652,0.029497650172310427,Green
4891,0,0.0018147580791264772,0.07729079540706209,0.016909965544713596,Green
4892,0,0.000258601491805166,0.04801137740965981,0.009809156675376093,Green
4893,0,0.0001296547256060876,0.07304066762697156,0.014711857305879178,Green
4894,0,0.0007674298249185085,0.042626369736155384,0.00913921780716588,Green
4895,0,0.003439448494464159,0.06249088068764679,0.015249734933100683,Green
4896,0,0.004263033112511038,0.03719875283107311,0.01085017705622345,Green
4897,0,0.0001582516561029479,0.05403971486614957,0.01093454429811227,Green
4898,0,0.0007356435293331742,0.14503379275241346,0.029595273373949224,Green
4899,0,0.0010030972654931248,0.03171252961016612,0.007144983734427723,Green
4900,0,0.00017375361640006303,0.05026714963500993,0.010192432820122036,Green
4901,0,0.0004369340429548174,0.12227058934180744,0.024803665102725338,Green
4902,0,0.0007879028678871691,0.10310167446369561,0.021250657187048855,Green
4903,0,0.00033326330594718456,0.06400203918042845,0.013067018480843434,Green
4904,0,0.00027244192315265534,0.08614255262817305,0.01744646406415673,Green
4905,0,6.93331880029291e-05,0.058540677045420986,0.011763601959486539,Green
4906,0,0.0005386200966313482,0.08897908097626664,0.018226712272558402,Green
4907,0,0.0005099680449347942,0.08295144378354294,0.016998263192656418,Green
4908,0,0.000602997129317373,0.07290165517884045,0.015062728739221985,Green
4909,0,0.00010186151921516285,0.09125492433633114,0.018332474082638356,Green
4910,0,0.0005080027971416712,0.03928169620671462,0.00826274147905626,Green
4911,0,0.00032594828517176213,0.042870963528700755,0.00883495133387756,Green
4912,0,0.000201906354050152,0.0895440791381405,0.01807034091086822,Green
4913,0,0.004348178533837199,0.09635963838458071,0.022750470503985896,Green
4914,0,0.0007666650344617665,0.10665848708732854,0.021945029445035118,Green
4915,0,0.0004199680173769593,0.09452515563958297,0.01924100554181816,Green
4916,0,0.0031328524462878706,0.07089721261599909,0.01668572448023011,Green
4917,0,5.587386986007914e-05,0.08064695812933373,0.016174090721754807,Green
4918,0,0.00020167119218967856,0.07006990401449553,0.014175317756650846,Green
4919,0,0.00036552363308146597,0.04133912887721371,0.008560244681907912,Green
4920,0,0.0009157342836260795,0.040431566785077734,0.008818900783916409,Green
4921,0,0.0001968433614820242,0.22297536778061,0.044752548245307604,Green
4922,0,0.0020468151196837425,0.020494415608375772,0.0057363352174221475,Green
4923,0,0.0006303263129666447,0.13357115276781262,0.027218491603935833,Green
4924,0,0.0021223048213869335,0.05624872576255227,0.01294758900962,Green
4925,0,0.00028943413053639233,0.10445042053519804,0.021121631411468715,Green
4926,0,0.0020105875562876465,0.05066599637933441,0.011741669320896998,Green
4927,0,0.00028536001918837427,0.15761557616474503,0.0317514032482997,Green
4928,0,0.00021487496560439466,0.07163120407191266,0.014498140786866044,Green
4929,0,0.000489789160201326,0.07217096203252418,0.014826023734665895,Green
4930,0,0.00253825057297945,0.05996964187683534,0.014024528833750625,Green
4931,0,0.0009516077348962426,0.15856571453701823,0.03247442909532063,Green
4932,0,0.0007927199709229171,0.2097207454659705,0.04257832506993243,Green
4933,0,0.0004520697984844446,0.17645138015120548,0.035651931869028645,Green
4934,0,0.0005749678064603358,0.07669706988356777,0.01579938822188182,Green
4935,0,0.000408521736972034,0.10185945369299278,0.020698708128176178,Green
4936,0,0.0007469150936231018,0.08213498725310646,0.01702452952551977,Green
4937,0,0.0004181563970632851,0.06466466278148464,0.013267457673947552,Green
4938,0,0.00024126434873323886,0.09299084512498067,0.018791180503982718,Green
4939,0,0.00015623818326275795,0.05181660070102221,0.010488310686814646,Green
4940,0,0.0002879173756809905,0.07883362424581712,0.01599705874970821,Green
4941,0,0.0004022076493129134,0.08660841745944338,0.017643449611339002,Green
4942,0,9.65614162851125e-05,0.08086377957443645,0.016250005047915378,Green
4943,0,0.00032114451751112937,0.16036940257171023,0.03233079612835094,Green
4944,0,0.001108080241829157,0.09026466180143033,0.018939396553749387,Green
4945,0,0.0004038543440401554,0.08469793260099284,0.017262669995430687,Green
4946,0,0.0002619630424305797,0.06001483673642135,0.01221253778122873,Green
4947,0,0.00020931361650582402,0.11082406490895584,0.022332263874995824,Green
4948,0,0.00013867596862837672,0.05141254941441397,0.010393450657785493,Green
4949,0,0.0005622397875413299,0.03826625900926553,0.00810304363188617,Green
4950,0,0.0019824285758659244,0.03629868545967979,0.008845679952628697,Green
4951,0,0.0005854425195138902,0.08042498534622648,0.016553351084856407,Green
4952,0,0.0026487010065466164,0.16598037016940045,0.03531503483911738,Green
4953,0,0.0004864576796535403,0.047151429787829637,0.009819452101288758,Green
4954,0,0.0006259816349484026,0.05199422243898815,0.01089962979575635,Green
4955,0,0.0013237474020570516,0.06870456272112299,0.014799910465870236,Green
4956,0,0.0012518695089966058,0.0849882655385627,0.017999148714909822,Green
4957,0,0.0003646913974080235,0.09952726925094742,0.020197206968115895,Green
4958,0,0.00023271925165317952,0.02364007501343179,0.004914190404008901,Green
4959,0,0.0003106831689365208,0.08213983119997809,0.016676512775144828,Green
4960,0,0.00020948598685208709,0.1339641332995762,0.026960415449396907,Green
4961,0,0.0012043444323353468,0.09004968610398308,0.018973412766664886,Green
4962,0,0.0009441997273825109,0.16286509810941543,0.03332837940378909,Green
4963,0,0.0002541741530876607,0.04473623147447745,0.009150585617365618,Green
4964,0,0.00018476948316674678,0.10351603898724597,0.020851023383982585,Green
4965,0,0.0011475666426122187,0.08961256823212681,0.018840566960515132,Green
4966,0,0.00019354570831637828,0.057336335502445164,0.011622103667142133,Green
4967,0,0.0001860890304669738,0.06318187925874257,0.012785247076122089,Green
4968,0,0.0004734960908535868,0.06821503606494264,0.014021804085671394,Green
4969,0,0.0014066171133890748,0.07602388159228742,0.016330070009168737,Green
4970,0,0.00043548784451559187,0.03376022823574755,0.007100435922761982,Green
4971,0,0.00025223850389011204,0.13040121829743848,0.02628203446259978,Green
4972,0,0.0004842725698836148,0.030126869304703586,0.0064127919168476075,Green
4973,0,0.0001096425810828805,0.03230129157716121,0.006547972380298545,Green
4974,0,0.001390860555693507,0.06345428835307772,0.013803546115170345,Green
4975,0,0.0003342093899846077,0.10858820056004424,0.02198500762399653,Green
4976,0,0.0001826600113417953,0.08682644533770753,0.017511417076614938,Green
4977,0,0.00021818459790665654,0.11059704501325844,0.022293956680977008,Green
4978,0,0.00035392953432165084,0.0973155694501226,0.01974625751748184,Green
4979,0,0.002271318482235074,0.03042271741619457,0.007901598269026972,Green
4980,0,0.003258350584656,0.21675083960777478,0.04595684838927974,Green
4981,0,0.0007134739542379975,0.10013987769609384,0.020598754702609162,Green
4982,0,0.0006013891659677028,0.1631868007410057,0.03311847148097529,Green
4983,0,0.00011939969554077835,0.05676709395006638,0.011448938546445894,Green
4984,0,0.0004938466125167906,0.024396609655567704,0.005274399221126972,Green
4985,0,0.001759643037803471,0.08235757670010854,0.01787922977026448,Green
4986,0,0.0013603767147287726,0.04672935500743442,0.0104341723732699,Green
4987,0,0.0003393630671780556,0.05313996231065019,0.01089948291587248,Green
4988,0,0.002369485655799508,0.09195112414958388,0.020285813354556377,Green
4989,0,0.0002262989088194445,0.057021019348633566,0.011585242996782267,Green
4990,0,0.0005146945710293948,0.13006925863226731,0.026425607383276973,Green
4991,0,0.0005055093206465244,0.10439429853879016,0.021283267164275248,Green
4992,0,0.0009217102313414216,0.09263691060616012,0.019264750306305155,Green
4993,0,0.0003540969453752041,0.036497313701506766,0.007582740296601515,Green
4994,0,0.0029975848970934748,0.10069776655645779,0.022537621228966333,Green
4995,0,0.0006717336596921087,0.07486979660968462,0.015511346249690609,Green
4996,0,0.0022788789123296734,0.1767429038159475,0.03717168389305323,Green
4997,0,9.585650404915213e-05,0.04260485028881914,0.008597655261003147,Green
4998,0,0.0012493368703871965,0.06252421315884076,0.013504312128077905,Green
4999,0,0.0005439406144432723,0.08414775976782297,0.017264704445119208,Green
5000,0,0.00017646931519266218,0.04931962037341139,0.010005099526836406,Green
5001,0,9.701108574518004e-05,0.07832702413978468,0.015743013696553076,Green
5002,0,0.0009601776138879358,0.04762903344696177,0.010293948780502701,Green
5003,0,0.00024139654706232248,0.11349152927278713,0.02289142309220728,Green
5004,0,0.00015615330194123088,0.11147040488062715,0.02241900361767841,Green
5005,0,0.0005129234748892486,0.09940022511846201,0.020290383803603797,Green
5006,0,7.138125729397871e-05,0.07612245530044016,0.015281596065923213,Green
5007,0,0.00032555297948420046,0.09112591664271426,0.018485625712130208,Green
5008,0,0.0009053673828020691,0.1423585794949121,0.02919600980522407,Green
5009,0,0.0008007905853446573,0.08314580109437679,0.01726979268715108,Green
5010,0,0.00012019111454719678,0.08570165934127438,0.01723648475989263,Green
5011,0,0.00014481241960311307,0.111090674149501,0.022333984765582685,Green
5012,0,0.000933048315346241,0.04274079205521036,0.009294597063319063,Green
5013,0,0.0003274704795330763,0.11669461804770906,0.023600899993168268,Green
5014,0,0.001550910365767777,0.034998712250328766,0.008240470742679973,Green
5015,0,0.000816149078309536,0.08746592615270335,0.018146104493188292,Green
5016,0,0.0002783096599159762,0.16266296281610718,0.03275524029115421,Green
5017,0,0.0004028322728117928,0.132155913776243,0.02675344857349803,Green
5018,0,0.0002610882336739451,0.08623990078911803,0.017456850744762758,Green
5019,0,0.0001637616689549759,0.06790775490855862,0.013712560316875701,Green
5020,0,0.0001737627317197621,0.05009811615979768,0.010158633417335344,Green
5021,0,0.00012010077771265059,0.07931955069503145,0.015959990761176407,Green
5022,0,0.00037741580745205284,0.04967162165167665,0.010236256976296971,Green
5023,0,0.0008646869915537535,0.05243211620592496,0.011178172834427992,Green
5024,0,0.0002640444494318217,0.19844965683163357,0.03990116692587216,Green
5025,0,0.0009848294663242995,0.05001185334560362,0.01079023424218016,Green
5026,0,0.0004669153713621199,0.12219886761693771,0.024813305820477232,Green
5027,0,0.00013579170627053827,0.035442728871691115,0.007197179139354652,Green
5028,0,0.0019986200146377086,0.04956898179359361,0.011512692370428887,Green
5029,0,0.0004014023579657078,0.034163625444115636,0.007153846975195692,Green
5030,0,0.0009105611592531205,0.15107056821982234,0.03094256257136696,Green
5031,0,0.0004994084010832012,0.02765782657175562,0.005931092035217684,Green
5032,0,0.000291493657277897,0.09334729900243764,0.01890265472630984,Green
5033,0,0.0006703012622892857,0.11274959352005946,0.023086159713843316,Green
5034,0,0.00015124118945095686,0.1263082359428201,0.025382640140124778,Green
5035,0,0.00014607316406909377,0.13097720982653646,0.02631230049656256,Green
5036,0,0.0003537564189173281,0.07807676623195622,0.015898358381525104,Green
5037,0,0.00016609647136647256,0.10137608582679936,0.020408094342453043,Green
5038,0,0.00025407986831851306,0.14264877314195662,0.02873301852304613,Green
5039,0,0.00021368048037402333,0.07319341929328366,0.014809628242955947,Green
5040,0,7.993293838808312e-05,0.0734511304833799,0.014754172447386442,Green
5041,0,0.00024387119046878072,0.10731698824508822,0.02165849460139266,Green
5042,0,0.00045473956270143385,0.11522186219161412,0.023408164088483965,Green
5043,0,6.613522564293816e-05,0.22483926472300755,0.045020761125115855,Green
5044,0,0.00019474485015962272,0.08952111686862872,0.01806001925385344,Green
5045,0,0.0009685504715889693,0.11747825358171521,0.024270491093614212,Green
5046,0,0.0005020242824684829,0.08111489814999898,0.016624599055974576,Green
5047,0,0.0005256263655610382,0.1862573158239266,0.03767196425723414,Green
5048,0,0.003334364667534828,0.049151425150928234,0.012497776764213507,Green
5049,0,0.004751338856294751,0.023360950447378296,0.00847326117451146,Green
5050,0,0.00044489332358352843,0.05836270342183272,0.012028455343233366,Green
5051,0,0.0001205145672429353,0.05726593749185622,0.01154959915216559,Green
5052,0,0.0007141799316741525,0.03804013781644498,0.008179371508628318,Green
5053,0,0.00023784419172443447,0.05001721398049235,0.010193718149478016,Green
5054,0,0.00042611863464117047,0.02022714273892918,0.004386323455498772,Green
5055,0,0.00131080006249249,0.08713884167951305,0.0184764083858966,Green
5056,0,0.0002550795063143596,0.03143443454267397,0.006490950513586281,Green
5057,0,0.000144875785917975,0.09302560047170537,0.018721020723075448,Green
5058,0,0.00048221396282315253,0.06321570774864821,0.013028912719988161,Green
5059,0,0.0005557123047765344,0.09571334797844014,0.01958723943950925,Green
5060,0,0.0008313775935675948,0.06423094112190583,0.01351129029923524,Green
5061,0,9.509221054031513e-05,0.045220656586387076,0.009120205085709664,Green
5062,0,0.00024214876466430724,0.10186676146339729,0.0205670713044109,Green
5063,0,0.00036090848152525723,0.03132998196948623,0.00655472317911745,Green
5064,0,0.0002107829408487305,0.05258994925274611,0.010686616203228205,Green
5065,0,0.0015145171899348497,0.1055575526391191,0.022323124279771695,Green
5066,0,0.0021179993636906147,0.13851105913893824,0.029396611318740135,Green
5067,0,0.00011407905258238315,0.07137362241850702,0.014365987725767308,Green
5068,0,0.00017640299047343432,0.0613361514563706,0.012408352683652864,Green
5069,0,0.000410565291531384,0.09905399205569289,0.020139250644363678,Green
5070,0,0.0003607497434131801,0.11104198195888196,0.022496996186506933,Green
5071,0,0.0005062753916718066,0.1424864501411004,0.02890231034155752,Green
5072,0,0.00042719227494671943,0.05788158471399905,0.011918070762757181,Green
5073,0,0.0012768864864483476,0.040488215745211914,0.00911915233820106,Green
5074,0,0.00021317973150871694,0.1687689129071202,0.03392432636663101,Green
5075,0,0.00026362224016338585,0.17043205526897587,0.034297308845925877,Green
5076,0,0.00013127464626450092,0.17260614219901743,0.03462624815681508,Green
5077,0,0.00015024100212031045,0.07285466617865109,0.014691126037426465,Green
5078,0,0.00020092175691388547,0.1208895473133818,0.024338646868207466,Green
5079,0,0.008142723143100739,0.14481848313726395,0.035477875141933374,Green
5080,0,0.0025802847230806947,0.15475463392422625,0.0330151545633098,Green
5081,0,8.223419717978686e-05,0.14282730845582775,0.028631249048909374,Green
5082,0,0.0010980534832924604,0.1612305087745022,0.0331245445415344,Green
5083,0,8.8511171634309e-05,0.13943680998619362,0.027958170934546164,Green
5084,0,4.571863937599119e-05,0.07506721954254575,0.015050018820009938,Green
5085,0,3.9382467366522175e-05,0.10204129303472642,0.020439764580838498,Green
5086,0,0.0004281928821001202,0.12343456604280979,0.02502946751424205,Green
5087,0,0.0008764768368564546,0.08992975080893403,0.018687131631271968,Green
5088,0,0.0019697418669238687,0.026242572510598534,0.0068243079956588,Green
5089,0,0.0006171248445753008,0.11175914064219714,0.022845528004099662,Green
5090,0,0.0006415024399757385,0.08118321223651012,0.01674984439928261,Green
5091,0,0.0005112769082188605,0.09909339286425278,0.02022770009942564,Green
5092,0,0.00011721139599103482,0.09240363518289481,0.018574496153371787,Green
5093,0,0.0019039695849642157,0.10331379473877719,0.022185934615726807,Green
5094,0,0.00017464540142100304,0.08889295502004309,0.017918307325145415,Green
5095,0,8.639200823381543e-05,0.06564891147780474,0.013198895902147999,Green
5096,0,0.00027250851271674035,0.07609104154837834,0.015436215119849056,Green
5097,0,0.0007772334385663271,0.08282111209930375,0.01718600917071381,Green
5098,0,9.73007088759914e-05,0.04537971891862626,0.009153784350826042,Green
5099,0,0.001795071642845869,0.040960022189499276,0.009628061752176549,Green
5100,0,0.00019511567952577025,0.05797742871358638,0.01175157828633789,Green
5101,0,0.0002264724869746715,0.06709685413710374,0.013600548817000482,Green
5102,0,7.628754246979952e-05,0.15927511643557324,0.03191605332109048,Green
5103,0,0.0025558108696714043,0.12727627517967158,0.027499903731671434,Green
5104,0,0.00040365672903135423,0.06619174033823644,0.013561273450872368,Green
5105,0,0.00021335933706723154,0.03624072792118664,0.007418833053891113,Green
5106,0,0.0001953827711986378,0.11719121781069326,0.023594549779097557,Green
5107,0,0.00051911068148911,0.05613348542093894,0.011641985629379074,Green
5108,0,0.0007700418937020004,0.10433035033353143,0.02148210358166788,Green
5109,0,0.001980334101244807,0.07104754760179353,0.01579377680135455,Green
5110,0,0.00010783594625536353,0.05781060287930991,0.011648389332866271,Green
5111,0,0.00034090668777935206,0.03707007503143223,0.007686740356509927,Green
5112,0,0.0006308339885435999,0.1692137877071555,0.03434742473226598,Green
5113,0,0.0014440591447055342,0.08117993665379697,0.017391234646523816,Green
5114,0,0.0005579936900176109,0.10163067734834663,0.02077253042168341,Green
5115,0,0.00011583141167648137,0.1913683799211024,0.03836634111356165,Green
5116,0,0.0007420407491736114,0.08490508635645837,0.01757464987063056,Green
5117,0,7.344900150201284e-05,0.07218824322582415,0.014496407846366436,Green
5118,0,0.0020619906950742005,0.1284717680392143,0.027343946163902216,Green
5119,0,0.0010028045857325197,0.2369344791106756,0.04818913949072112,Green
5120,0,0.006634745653718709,0.07176871445374229,0.019661539413723422,Green
5121,0,0.00013625052524730564,0.19456217633825995,0.039021435687849826,Green
5122,0,0.0006960097118280828,0.21450811755908059,0.043458431281278576,Green
5123,0,0.00019673308997880667,0.13744510017772443,0.027646406507527924,Green
5124,0,9.679543873062358e-05,0.08108601869517378,0.01629464009001925,Green
5125,0,0.00027607607771642503,0.10115564288178343,0.020451989438529824,Green
5126,0,0.001497888017911464,0.1647581972905291,0.034149949872434984,Green
5127,0,0.02925629615783691,0.052383889359722845,0.033881814798214095,Green
5128,0,0.00024342554970644412,0.1798379866856947,0.036162337776904085,Green
5129,0,0.002667101239785552,0.07069679941403263,0.016273040874634964,Green
5130,0,0.000491485424572602,0.06612592418854353,0.013618373177366786,Green
5131,0,0.0001917580171721056,0.12142400770997976,0.02443820795573363,Green
5132,0,0.0003419426328036934,0.3459574371071385,0.06946504152767063,Green
5133,0,0.00010290206555509939,0.22256986549385116,0.0445962947512143,Green
5134,0,0.1819392293691635,0.064639616567825,0.1584793068088958,Green
5135,0,9.761323162820189e-05,0.13691304978254093,0.027460700541810743,Green
5136,0,0.00015237324114423246,0.20893050311484052,0.04190799921588348,Green
5137,0,0.0004489145125262439,0.07587868253764485,0.015534868117549961,Green
5138,0,0.0001776365650584921,0.06495852210756363,0.013133813673559518,Green
5139,0,0.0006968538160435855,0.09946618790586666,0.020450720634008195,Green
5140,0,0.00347193144261837,0.03516197781584975,0.009809940717264647,Green
5141,0,0.00034028021327685564,0.08015564418101057,0.016303353006823593,Green
5142,0,0.0003900517302099616,0.12829892349820415,0.025971826083808797,Green
5143,0,0.00026645455800462515,0.07077296965131906,0.014367757576667509,Green
5144,0,0.00024064198951236906,0.08575967214781745,0.01734444802117338,Green
5145,0,0.0006994957220740616,0.46156045358519976,0.09287168729469918,Green
5146,0,9.88782434433233e-05,0.12880525016102876,0.025840152626960405,Green
5147,0,5.653046609950252e-05,0.050945742826987175,0.010234372938277034,Green
5148,0,0.00018960789602715523,0.059153299803422946,0.011982346277506311,Green
5149,0,0.005077013093978167,0.09626314159725653,0.02331423879463384,Green
5150,0,0.0033697646809741854,0.13441710914357063,0.029579233573493468,Green
5151,0,0.00283592133782804,0.09429030072553136,0.0211267972153687,Green
5152,0,7.788119546603413e-05,0.08587853279151463,0.017238011514675747,Green
5153,0,0.0005198930040933192,0.03374371887197777,0.0071646581776702075,Green
5154,0,0.0005188128561712801,0.23848542502682762,0.04811213529030254,Green
5155,0,7.118626745068469e-05,0.2439278204083682,0.04884251309563418,Green
5156,0,0.002566795144230127,0.06258426442206498,0.014570288999797095,Green
5157,0,0.00017688816151348872,0.09049542218663614,0.018240594966538015,Green
5158,0,0.006771079148165882,0.05038710816035547,0.015494284950603798,Green
5159,0,0.0011508801020681857,0.03960167121259182,0.008841038324172911,Green
5160,0,0.0001611776213394478,0.5045624157448101,0.10104142524603354,Green
5161,0,0.0009883228340186179,0.36932564874942775,0.07465578801710042,Green
5162,0,0.0025705210282467306,0.17631890341451892,0.03732019750550116,Green
5163,0,0.00040635490440763536,0.08644887837294046,0.017614859598114194,Green
5164,0,0.00010338328138459474,0.10542254215124647,0.021167215055356965,Green
5165,0,0.00013204490824136883,0.0919778943491205,0.01850121479641719,Green
5166,0,0.004204283095896244,0.11355017872221093,0.026073462221159176,Green
5167,0,0.0004527658165898174,0.0,0.0003622126532718539,Green
5168,0,0.00018536370916990565,0.11633389619032983,0.023415070205401886,Green
5169,0,0.006659902352839708,0.057291579563188956,0.016786237794909554,Green
5170,0,0.0011658357339911162,0.1589982799685003,0.03273232458089295,Green
5171,0,0.0004316458478569984,0.08616741909951428,0.01757880049818845,Green
5172,0,0.0007836107397451997,0.05316827604621827,0.011260543801039812,Green
5173,0,0.0015367178712040186,0.1938969663235307,0.04000876756166935,Green
5174,0,0.0017174819484353065,0.03318650006525942,0.008011285571800128,Green
5175,0,9.73937421804294e-05,0.09434619156973141,0.01894715330769062,Green
5176,0,0.00729465507902205,0.16756361276637957,0.039348446616493546,Green
5177,0,0.0005324969999492169,0.08359566247114336,0.017145130094188044,Green
5178,0,0.04361847005784512,0.10862603399019823,0.05661998284431574,Green
5179,0,0.001161176897585392,0.16570052004523192,0.03406904552711469,Green
5180,0,0.0006870769080705941,0.10331450560741455,0.02121256264793938,Green
5181,0,0.00380643829703331,0.061100842705926445,0.015265319178811933,Green
5182,0,0.0016197716817259787,0.0467584137534996,0.010647500096080701,Green
5183,0,0.003886783216148615,0.08673041044171813,0.020455508661262514,Green
5184,0,9.155775478575379e-05,0.1320860426078476,0.026490454725398117,Green
5185,0,0.002168125286698341,0.4260736967741449,0.08694923958418764,Green
5186,0,0.0009447283810004592,0.08472036397867022,0.01769985550053441,Green
5187,0,0.034600556083023544,0.1009131321296403,0.04786307129234689,Green
5188,0,0.0032739763613790275,0.10067203149190697,0.022753587387484613,Green
5189,0,0.00010943430534098298,0.09147522576857682,0.018382592597988145,Green
5190,0,0.00011839624639833345,0.2105959692164822,0.04221391084041509,Green
5191,0,0.0015891678165644407,0.08202908741489211,0.01767715173622997,Green
5192,0,0.0033104879315942522,0.04924290689394073,0.012496971724063546,Green
5193,0,0.0003466259106062353,0.08067891775488185,0.016413084279461355,Green
5194,0,0.00042793310713022946,0.1125027240869963,0.022842891303103435,Green
5195,0,0.00011385518737370149,0.11131114330853756,0.022353312811606466,Green
5196,0,0.0006554226740263403,0.10805731356437408,0.02213580085209588,Green
5197,0,0.04125715084373951,0.09042650840182165,0.05109102235535593,Green
5198,0,0.00026793283177539706,0.11050124179510246,0.022314594624440805,Green
5199,0,0.03057787548750639,0.04971004576932318,0.03440430954386975,Green
5200,0,6.339146420941688e-05,0.11340964812425153,0.022732642796217832,Green
5201,0,0.0042366721667349335,0.1123786938787738,0.025865076509142704,Green
5202,0,0.04760208614170551,0.21598026540281376,0.08127772199392716,Green
5203,0,5.62117675144691e-05,0.027795775801540003,0.005604124574319575,Green
5204,0,0.016596756875514984,0.14348619949397834,0.04197464539920765,Green
5205,0,0.002253463421948254,0.1261543522913955,0.027033641195837694,Green
5206,0,0.0003976680454798043,0.1493240782719874,0.030182950090781317,Green
5207,0,0.0003474911645753309,0.03363395948951162,0.007004784829562587,Green
5208,0,0.0005775783327408135,0.029602290952490923,0.006382520856690834,Green
5209,0,0.001494882721453905,0.024905078457425654,0.006176921868648254,Green
5210,0,0.0006818382884375751,0.07871474802745632,0.01628842023624132,Green
5211,0,0.0001321788760833442,0.08004649064632463,0.016115041230131598,Green
5212,0,0.0011825593886896969,0.05791247067584883,0.01252854164612152,Green
5213,0,0.00016072740836534647,0.09405962617534287,0.018940507161760847,Green
5214,0,0.001141925761476159,0.10010454455230897,0.02093444951964272,Green
5215,0,0.00014400248910533263,0.05039067003808479,0.010193335998901222,Green
5216,0,0.02270531244575977,0.02651331151752932,0.02346691226011368,Green
5217,0,0.007108203414827585,0.041858921641111456,0.014058347060084358,Green
5218,0,8.02220922196284e-05,0.45375764369827615,0.09081570641343091,Green
5219,0,0.003366341721266508,0.1298558512341799,0.02866424362384918,Green
5220,0,0.006384630501270294,0.07647210235872133,0.020402124872760496,Green
5221,0,0.00035429035779088736,0.10638018158154129,0.021559468602540963,Green
5222,0,0.1190672367811203,0.08611139688443367,0.11247606880178299,Green
5223,0,0.037867650203406815,0.03607059486344245,0.03750823913541394,Green
5224,0,4.086324406671338e-05,0.1552348822978842,0.031079667054830205,Green
5225,0,0.0005265790154226125,0.0908107406228954,0.018583411336917165,Green
5226,0,0.00023734630085527896,0.0563310889874302,0.01145609483817026,Green
5227,0,0.00018314759217901154,0.02654553808729508,0.005455625691202224,Green
5228,0,0.00313403254840523,0.02665994658043309,0.0078392153548108,Green
5229,0,0.000378844968508929,0.13637581872897095,0.02757823972060133,Green
5230,0,0.0016266850521788,0.17672004939623645,0.03664535792099032,Green
5231,0,0.0006534869549795984,0.05695565549180546,0.011913920662344767,Green
5232,0,0.02879961207509041,0.12926763410857836,0.048893216481787995,Green
5233,0,0.0002298580075148493,0.06726616851589162,0.013637120109190201,Green
5234,0,0.002409060182981193,0.11643761686088566,0.025214771518562083,Green
5235,0,0.007556357979774475,0.08319082635989046,0.022683251655797668,Green
5236,0,0.0013222308829426766,0.1065042295282468,0.022358630612003497,Green
5237,0,0.00029195361421443524,0.12618760526958614,0.025471083945288773,Green
5238,0,0.00030479594715870917,0.1728354073578057,0.0348109182292881,Green
5239,0,0.00021504490287043153,0.13819449870643227,0.02781093566358279,Green
5240,0,0.0010771999426651747,0.1850591263871493,0.03787358523156199,Green
5241,0,0.00064397391397506,0.1884010258674239,0.03819538430466483,Green
5242,0,0.0002288291201693937,0.12331040194335634,0.024845143684806777,Green
5243,0,0.0016289891209453344,0.0845384085731321,0.018210873011382685,Green
5244,0,0.007641929760575294,0.06113940235274997,0.018341424279010227,Green
5245,0,0.00019613061158452183,0.045196033299218494,0.009196111149111313,Green
5246,0,0.00010070977587020024,0.03104213663107891,0.006288995146911941,Green
5247,0,0.0019600478233769538,0.05280509917778932,0.012129058094259425,Green
5248,0,0.0007473569130524993,0.045128655265895656,0.009623616583621129,Green
5249,0,0.0006406065658666193,0.05900585245755801,0.012313655744204894,Green
5250,0,8.660961466375739e-05,0.16676384624377416,0.033422056940485834,Green
5251,0,0.00016864729113876822,0.046794993604821665,0.009493916553875345,Green
5252,0,0.0005678267567418516,0.03840201433363466,0.008134664272120411,Green
5253,0,0.00042254081927239895,0.10481763864344394,0.021301560384106702,Green
5254,0,0.004708142904564738,0.16409350057424463,0.03658521443850071,Green
5255,0,7.579647499369457e-05,0.06920329645848147,0.013901296471691247,Green
5256,0,0.0014934053935576229,0.08645009698634662,0.018484743712115417,Green
5257,0,0.0029378260020166635,0.0534711379811398,0.01304448839784129,Green
5258,0,0.003707310138270259,0.02894592307058206,0.008755032724732617,Green
5259,0,0.0009244692744687199,0.12772698913485928,0.026284973246546824,Green
5260,0,0.0007254443364217878,0.08068500842396571,0.016717357153930572,Green
5261,0,0.00022330658975988626,0.04695698951957259,0.009570043175722425,Green
5262,0,0.0004061358165927231,0.06488468062999414,0.013301844779273004,Green
5263,0,0.00891224667429924,0.2598521442485336,0.0591002261891461,Green
5264,0,0.0006046597671229392,0.1554992239010026,0.031583572593898865,Green
5265,0,0.00011520277548697777,0.24241600346099365,0.0485753629125883,Green
5266,0,0.0009595625102519988,0.15467533288360447,0.031702716584922484,Green
5267,0,0.0002783515927148983,0.10779153021625566,0.021780987317423048,Green
5268,0,0.0011897817719727756,0.1333718866892048,0.027626202755419174,Green
5269,0,0.0007389679783955216,0.06339633358911007,0.013270441100538427,Green
5270,0,0.0001806264102924615,0.173053864407712,0.03475527400977636,Green
5271,0,8.854793268255889e-05,0.07621026441136627,0.0153128912284193,Green
5272,0,8.234584965975955e-05,0.09566518462715216,0.019198913605158237,Green
5273,0,0.00038277809508144853,0.1243419091590268,0.025174604307870514,Green
5274,0,0.0013164735748432577,0.12927263574023645,0.026907706007921892,Green
5275,0,0.0014719966624397783,0.1201050282624349,0.025198602982438794,Green
5276,0,0.13402970209717752,0.04924843061308959,0.11707344780035993,Green
5277,0,0.00021335525379981846,0.13850926352892523,0.027872536908824894,Green
5278,0,0.0001937226828886196,0.029878666624287918,0.006130711471168478,Green
5279,0,0.0012014470063149928,0.03210970639611035,0.007383098884274062,Green
5280,0,0.00011964204022660852,0.27911006007410005,0.05591772564700128,Green
5281,0,0.00012759144301526247,0.09660458247417437,0.01942298964924708,Green
5282,0,0.00013449641119223088,0.06671881931958391,0.013451360992870564,Green
5283,0,0.00014063595735933632,0.13468479146582535,0.02704946705905253,Green
5284,0,0.0065945426933467395,0.07940347977428576,0.021156330109534542,Green
5285,0,0.01680840980261564,0.10369736791723642,0.0341862014255398,Green
5286,0,0.00011424760887166486,0.12000229698852186,0.024091857484801697,Green
5287,0,4.4073627213947476e-05,0.06724914133522703,0.01348508716881656,Green
5288,0,0.00010983526590280235,0.12689956661150972,0.02546778153502418,Green
5289,0,0.0001980906876269728,0.3270039266105651,0.06555925787221459,Green
5290,0,0.006855144444853067,0.05680352062186785,0.016844819680256022,Green
5291,0,7.434541912516579e-05,0.16286728614402143,0.03263293356410441,Green
5292,0,0.0003524412459228188,0.12478739109893339,0.02523943121652493,Green
5293,0,0.0016647437121719121,0.20471822210292637,0.04227543939032279,Green
5294,0,8.711295085959137e-05,0.17898823250354515,0.03586733686139669,Green
5295,0,0.0008787396829575301,0.1007525335008738,0.02085349844654078,Green
5296,0,0.0017322434345260263,0.14037057719692517,0.02945991018700585,Green
5297,0,8.221124153351411e-05,0.14473650038040628,0.02901306906930806,Green
5298,0,0.002236391697078943,0.22691705966688883,0.047172525291040907,Green
5299,0,0.000956077384762466,0.1124552010725975,0.023255902122329468,Green
5300,0,7.237844183691778e-05,0.1689115072793531,0.03384020420934015,Green
5301,0,0.0004162555967923254,0.16798041973252872,0.0339290884239396,Green
5302,0,0.0018046346958726645,0.2115396781320064,0.0437516433830994,Green
5303,0,0.00039215932483784857,0.2674615236176586,0.05380603218340199,Green
5304,0,0.0012527522398158909,0.05280054336791108,0.011562310465434928,Green
5305,0,0.00013639935350511222,0.11348270209925654,0.022805659902655394,Green
5306,0,0.00010971840529236943,0.14962466964879811,0.03001270865399351,Green
5307,0,0.0023462116252630947,0.03853232501832559,0.009583434303875591,Green
5308,0,0.00016518976190127432,0.09147901922489564,0.018427955654500144,Green
5309,0,0.0001223691157065332,0.05906125166412453,0.011910145625390129,Green
5310,0,0.004706450796220452,0.04890945455789036,0.013547051548554432,Green
5311,0,0.006211408507078886,0.12309103568448011,0.02958733394255913,Green
5312,0,0.0009274851996451617,0.11948603543006371,0.024639195245728863,Green
5313,0,0.0003314019180834293,0.12505870682572512,0.02527686289961176,Green
5314,0,0.00021755569032393398,0.03260565161325145,0.006695174874909436,Green
5315,0,0.0004008059855550528,0.05745467792647814,0.011811580373739668,Green
5316,0,9.114988934015854e-05,0.08490385399041817,0.017053690709555758,Green
5317,0,0.08636841028928756,0.021133015516856448,0.07332133133480134,Green
5318,0,0.008379579801112414,0.1401125826654313,0.034726180373976186,Green
5319,0,0.01121149230748415,0.07067991171905684,0.023105176189798685,Green
5320,0,0.00041243541054427626,0.06616690050812654,0.013563328430060726,Green
5321,0,0.00016395820130128415,0.023720030023266087,0.004875172565694244,Green
5322,0,0.004215795709751546,0.021941966099549376,0.007761029787711111,Green
5323,0,0.001701850164681673,0.07161833092398824,0.015685146316542983,Green
5324,0,0.00032142158306669444,0.1592157771677072,0.032100292699994794,Green
5325,0,0.005582673568278551,0.18759134978189318,0.04198440881100147,Green
5326,0,0.00010688897018553689,0.09626548110643898,0.01933860739743622,Green
5327,0,0.001458734451443888,0.08742534511687053,0.01865205658452921,Green
5328,0,0.006750333262607456,0.10862793661305867,0.027125853932697695,Green
5329,0,0.0010030522127635777,0.062389727138207236,0.013280387197852305,Green
5330,0,0.00044624638976529244,0.02356542943487494,0.005070082998787221,Green
5331,0,0.0030403783079236747,0.1219748221401905,0.026827267074377034,Green
5332,0,0.0017605677829124033,0.13666418386611617,0.02874129099955315,Green
5333,0,0.00014480256068054586,0.14792831384073057,0.029701504816690545,Green
5334,0,0.00055813331855461,0.13499733232430217,0.027445973119704117,Green
5335,0,0.0006159466807730496,0.2385976085327324,0.04821227905116491,Green
5336,0,0.0016135292476974427,0.18821888921600063,0.03893460124135807,Green
5337,0,0.0009915456175804138,0.06674477563153439,0.014142191620371204,Green
5338,0,0.0001829001004807651,0.09913066628583686,0.019972453337551977,Green
5339,0,0.0005649598373565823,0.08872788603930515,0.01819754507774629,Green
5340,0,0.0010997783159837128,0.29539779305185704,0.05995938126315837,Green
5341,0,0.003041572542861104,0.02972858736392637,0.008378975507074156,Green
5342,0,0.000637731736060232,0.05152743032332516,0.010815671453513215,Green
5343,0,0.0007430919678881765,0.05136910744218977,0.010868295062748492,Green
5344,0,8.526579913450404e-05,0.12084188832993242,0.024236590305294084,Green
5345,0,0.001611051056534052,0.06392465100475556,0.01407377104617835,Green
5346,0,0.00014989253686508163,0.11640765961296709,0.023401445952085476,Green
5347,0,4.149295345996506e-05,0.09980817771141369,0.019994829905050707,Green
5348,0,0.3021454334259033,0.0542926889221844,0.25257488452515947,Green
5349,0,0.0007381597300991417,0.512577938751755,0.10310611553443028,Green
5350,0,0.0007350061379838734,0.04552579044486496,0.00969316299936009,Green
5351,0,8.006402786122634e-05,0.0910047775634674,0.018265006734982457,Green
5352,0,0.00023406583932228386,0.137143264552687,0.02761590558199522,Green
5353,0,0.00019571663870010525,0.15734282562117394,0.03162513843519486,Green
5354,0,0.0013816379359923303,0.20703229114073768,0.042511768576941396,Green
5355,0,0.0001472782067139633,0.09015516836858511,0.018148856239088188,Green
5356,0,0.00037164132809266445,0.2517485883346925,0.050647030729412616,Green
5357,0,0.00017359627527184783,0.08769539395440121,0.017677955811097715,Green
5358,0,0.020004032552242278,0.07410522436105307,0.030824270914004435,Green
5359,0,0.00025311430072179065,0.08707147830354621,0.01761678710128667,Green
5360,0,0.00010243910510325805,0.21295830767368276,0.04267361281881915,Green
5361,0,0.0007001581718213857,0.06500684385397648,0.013561495308252403,Green
5362,0,0.00024421141424681994,0.12187447657101948,0.024570264445601345,Green
5363,0,9.966010838979855e-05,0.07442405883142796,0.014964539852997427,Green
5364,0,8.279729372588918e-05,0.1424437019886587,0.02855497823271244,Green
5365,0,0.007260269718244672,0.06313052536009857,0.01843432084661545,Green
5366,0,0.0004139571276027709,0.14695831949893795,0.0297228296018698,Green
5367,0,0.007286582514643669,0.10392840387635181,0.026614946786985293,Green
5368,0,0.0004088599525857717,0.05900194668357514,0.012127477298783643,Green
5369,0,0.01144451294094324,0.04752023733778192,0.018659657820310975,Green
5370,0,0.0008262860123068094,0.10560374070213162,0.021781776950271767,Green
5371,0,8.297485037473961e-05,0.1318762107789084,0.02644162203608147,Green
5372,0,0.000381838611792773,0.035370697932588915,0.007379610475952,Green
5373,0,0.00010439646284794435,0.07871185132894554,0.01582588743606746,Green
5374,0,0.00035751710529439155,0.21127955542150265,0.04254192476853603,Green
5375,0,0.00032831316348165275,0.08176627637185448,0.016615905805156213,Green
5376,0,0.0006053608958609402,0.2964437789545439,0.05977304450759751,Green
5377,0,6.409564521163702e-05,0.0861986282244729,0.017291002161063884,Green
5378,0,0.0008742500678636134,0.0832357049981096,0.01734654105391281,Green
5379,0,0.001886495715007186,0.06280561448598067,0.01407031946920188,Green
5380,0,0.0009993816958740354,0.09333775488721593,0.01946705633414241,Green
5381,0,0.00027281990041956307,0.1230304705782538,0.024824350035986407,Green
5382,0,0.026985885947942732,0.08456838346905306,0.03850238545216479,Green
5383,0,0.00016652738268021494,0.02143124920548994,0.004419471747242159,Green
5384,0,0.0002675951109267771,0.23709100970678035,0.04763227803009748,Green
5385,0,0.0009194231941364705,0.09113922651712696,0.018963383858734566,Green
5386,0,7.663837895961478e-05,0.17129513775016625,0.03432033825320094,Green
5387,0,0.0015940629877150057,0.08928306323076528,0.019131863036325056,Green
5388,0,0.0011200234293937683,0.10449605760369399,0.02179523026425381,Green
5389,0,0.005745074898004531,0.10314950952499016,0.02522596182340165,Green
5390,0,0.0003183720633387566,0.09966448730197981,0.020187595111066964,Green
5391,0,0.0011322121659759431,0.08227455951357793,0.017360681635496335,Green
5392,0,0.00013838378945365548,0.07558940894509923,0.015228588820582766,Green
5393,0,9.979747119359672e-05,0.025565656874739294,0.005192969351902735,Green
5394,0,0.0015666367951780557,0.06821037319419336,0.014895384074981113,Green
5395,0,4.252748149156105e-05,0.07225794878711547,0.01448561174261634,Green
5396,0,2.265745697513921e-05,0.1072855576591153,0.021475237497403165,Green
5397,0,0.0003839918354060501,0.046875350102058996,0.009682263488736636,Green
5398,0,0.000974037719424814,0.03804802263292402,0.008388834702124653,Green
5399,0,0.0003032004227861762,0.09981598988437003,0.02020575831510294,Green
5400,0,0.00819604266434908,0.09162279284574476,0.02488139270062821,Green
5401,0,0.07608375921845435,0.04824293285414038,0.07051559394559156,Green
5402,0,0.0009022316662594676,0.04571562709332904,0.009864910751673379,Green
5403,0,0.0003621877345722169,0.041791445661251675,0.008648039319908107,Green
5404,0,0.0005416080821305513,0.14231070509915508,0.028895427485535453,Green
5405,0,0.1103388786315918,0.08670691223830852,0.10561248535293515,Green
5406,0,0.0010853513143956662,0.055809044090980024,0.012030089869712535,Green
5407,0,0.00467054673936218,0.18689664822190086,0.04111576703586991,Green
5408,0,0.012038947781547904,0.09296893632731505,0.028224945490701328,Green
5409,0,0.0003850183682516217,0.0621462509267093,0.012737264879943155,Green
5410,0,0.0004956582095474004,0.195362056768722,0.03946893792138231,Green
5411,0,0.008286397904157639,0.20834316018170618,0.04829775035966734,Green
5412,0,0.0005743509624153375,0.05291643762786236,0.01104276829550474,Green
5413,0,0.0005028377869166433,0.16680127398373987,0.03376252502628128,Green
5414,0,0.0015590251656249167,0.09407102991560176,0.020061426115620284,Green
5415,0,0.00047298934077844024,0.17541295483422484,0.035460982439467714,Green
5416,0,0.0018151062540709972,0.06718469662022725,0.014889024327302245,Green
5417,0,0.0004213081614580005,0.11674367254128336,0.023685781037423064,Green
5418,0,0.003238901821896434,0.04035953104244643,0.010663027666006433,Green
5419,0,0.00012014693347737194,0.10939224180424031,0.021974565907629955,Green
5420,0,0.0021409103181213142,0.12172158474041798,0.026057045202580644,Green
5421,0,0.00038742514443583785,0.08113962967670563,0.01653786605088979,Green
5422,0,0.00022050612315069882,0.12781668645994562,0.025739742190509677,Green
5423,0,0.000255152239697054,0.12883477394335577,0.02597107658042879,Green
5424,0,0.00019060480699408802,0.08615388164133868,0.017383260173863,Green
5425,0,0.0005014411872252822,0.1660266830886772,0.03360648956751566,Green
5426,0,8.158813143381849e-05,0.0768206107692075,0.015429392658988551,Green
5427,0,0.001087163295596838,0.07338963145456769,0.015547656927391004,Green
5428,0,0.00010533729800954461,0.032278439013621575,0.0065399576411319495,Green
5429,0,0.0012762824073433876,0.06357288610611385,0.013735603147097477,Green
5430,0,0.006934449076652527,0.11801357885250523,0.02915027503182306,Green
5431,0,0.00020459346706047654,0.11514364166120812,0.02319240310589,Green
5432,0,0.006914900615811348,0.02916253962783955,0.011364428418216988,Green
5433,0,0.0012575335102155806,0.25578905113101263,0.05216383703437498,Green
5434,0,0.018996293656527993,0.03395153155251653,0.0219873412357257,Green
5435,0,0.001848306367173791,0.0870133768423492,0.01888132046220887,Green
5436,0,0.0011969147948548199,0.03105663427826825,0.0071688586915375045,Green
5437,0,0.0016673062928020954,0.0846409798412444,0.018262041002490553,Green
5438,0,0.00760898282751441,0.06787211687152676,0.019661609636316878,Green
5439,0,0.007958750892430543,0.10371729210673886,0.0271104591352922,Green
5440,0,8.232756663346663e-05,0.11213661422825935,0.022493184898958636,Green
5441,0,0.004417134681716561,0.11117069466007744,0.025767846677388732,Green
5442,0,0.0005673062871210278,0.0778557402342577,0.01602499307654836,Green
5443,0,0.00047016206663101916,0.0850012874828124,0.017376387149867292,Green
5444,0,0.06114879995584488,0.07648316414455399,0.0642156727935867,Green
5445,0,0.004701793857384473,0.09077164858304013,0.0219157648025156,Green
5446,0,0.0014193112263455987,0.035965190916235755,0.008328487164323628,Green
5447,0,0.000349554733838886,0.0508379150736547,0.010447226801802047,Green
5448,0,0.18559327721595764,0.03903609760366213,0.15628184129349856,Green
5449,0,0.004405505768954755,0.10778650287256308,0.025081705189676416,Green
5450,0,0.0007531351293437183,0.32492088330429425,0.06558668476433381,Green
5451,0,0.04750545620918274,0.03084984104820339,0.04417433317698687,Green
5452,0,0.00031103185028769076,0.07171913238456486,0.01459265195714312,Green
5453,0,8.360387510037982e-05,0.23524758534205123,0.04711640016849054,Green
5454,0,6.226254627108573e-05,0.24777897102226146,0.04960560424146915,Green
5455,0,0.00037505713989958165,0.02528559233524787,0.005357164178969238,Green
5456,0,0.0008406280539929867,0.03377279539854737,0.007427061522903862,Green
5457,0,0.011594540439546108,0.009326807157606115,0.01114099378315811,Green
5458,0,0.0002126320148818195,0.04254034308603919,0.008678174229113291,Green
5459,0,0.0077709059696644545,0.1309954740486166,0.03241581958545488,Green
5460,0,0.004046876262873412,0.1451605920971247,0.032269619429723666,Green
5461,0,0.0065337100997567175,0.08253570475408134,0.02173410903062164,Green
5462,0,0.0023548404686152937,0.2762583618377245,0.05713554474243713,Green
5463,0,0.008200358971953392,0.03986629516216278,0.014533546209995269,Green
5464,0,0.00018465816974639894,0.268603078153365,0.0538683421664701,Green
5465,0,0.00035306093632243575,0.039695004484036824,0.008221449645865311,Green
5466,0,0.00017248380172532054,0.05719520960823428,0.011577028963027109,Green
5467,0,0.00010940800857497379,0.1748209245911328,0.03505171132508653,Green
5468,0,0.0009350021369755268,0.13996710953299382,0.02874142361617918,Green
5469,0,0.00112254295963794,0.10346985647783294,0.021592005663276934,Green
5470,0,0.00012741910468321293,0.13338213843068591,0.026778362969883746,Green
5471,0,0.00844956748187542,0.04356825744289678,0.015473305474079688,Green
5472,0,0.007221164554357529,0.060174786182793524,0.017811888880044726,Green
5473,0,0.0002756005502305925,0.07865114097566696,0.015950708635317862,Green
5474,0,0.00011603635357460007,0.07389848733109482,0.01487252654907864,Green
5475,0,0.003745906031690538,0.06490213128374106,0.01597715108210064,Green
5476,0,0.0008225100231356919,0.13006993030338324,0.026671994079185194,Green
5477,0,0.00560865355655551,0.1997922547292816,0.04444537379110072,Green
5478,0,0.00040650934097357093,0.06601837855899151,0.013528883184577156,Green
5479,0,0.0016310622682794928,0.10305538970457725,0.02191592775553904,Green
5480,0,0.0002307346003362909,0.14138448911633011,0.02846148550353505,Green
5481,0,0.0011818314902484416,0.22431047922263653,0.04580756103672605,Green
5482,0,0.00011463044793345033,0.1486849211005631,0.029828688578459377,Green
5483,0,0.0015084860846400262,0.02502740878475267,0.006212270624662553,Green
5484,0,0.011745417304337025,0.0489977729105075,0.019195888425571118,Green
5485,0,0.0004120208264794201,0.07559036177624953,0.015447689016433439,Green
5486,0,0.00022548534907400607,0.12746423728290485,0.02567323573584017,Green
5487,0,0.0019169540842995047,0.05245432488854039,0.012024428245147678,Green
5488,0,8.513077336829155e-05,0.06545855016293962,0.013159814651282555,Green
5489,0,0.0007535278447903693,0.034381093721603674,0.007479041020153029,Green
5490,0,0.00019772814703173936,0.24866215685108317,0.049890613887842016,Green
5491,0,0.0008919891901314258,0.06461530334209127,0.013636652020523393,Green
5492,0,0.00010338518768548965,0.20836784313694998,0.04175627677753838,Green
5493,0,0.0003437529841903597,0.20689750401384563,0.0416545031901214,Green
5494,0,0.0004426547617185861,0.16901548650364667,0.0341572211101042,Green
5495,0,0.0008963932283222674,0.15731187744751937,0.032179490072161684,Green
5496,0,0.0003965958603657782,0.09943083884517223,0.020203444457327066,Green
5497,0,0.0007253275951370596,0.05690248057254296,0.011960758190618238,Green
5498,0,0.0006727728177793324,0.22482173230153407,0.04550256471453027,Green
5499,0,0.00011139108537463471,0.09111030625022526,0.018311174118344757,Green
5500,0,0.00011881765094585718,0.09426780522684942,0.018948615166126566,Green
5501,0,0.0002758578368229792,0.3900075746638762,0.07822220120223361,Green
5502,0,0.0027178389485925437,0.06343505661006338,0.014861282480886709,Green
5503,0,5.361827570595779e-05,0.051883246649711105,0.010419543950506985,Green
5504,0,4.270640783943236e-05,0.15756879748803906,0.03154792462387935,Green
5505,0,0.00019980529614258558,0.16248714281472942,0.03265727279985995,Green
5506,0,0.0006333937984891236,0.08319929593632622,0.01714657422605654,Green
5507,0,0.00029860279173590245,0.025964738371097137,0.0054318299076081475,Green
5508,0,0.004021958401426673,0.32102940773934996,0.06742344826901131,Green
5509,0,0.001107535255141556,0.08342200558959155,0.01757042932203155,Green
5510,0,0.012753298506140707,0.050780574037757494,0.020358753612464066,Green
5511,0,0.006963360169902444,0.022387041790367546,0.010048096493995462,Green
5512,0,0.0007942589116282761,0.18509880956715283,0.03765516904273318,Green
5513,0,0.11109360978007315,0.17628707516618203,0.12413230285729493,Green
5514,0,9.117173904087395e-05,0.1666678773361647,0.03340651285846563,Green
5515,0,0.001618279912509024,0.07861384408320948,0.017017392746649113,Green
5516,0,0.00036629308015108104,0.10083028879965894,0.02045909222405265,Green
5517,0,0.0010567504912614824,0.1828956509396344,0.037424530580936054,Green
5518,0,0.0029905159492045644,0.05838144206444669,0.014068701172252987,Green
5519,0,0.0007528322516009211,0.13060174327524432,0.026722614456329594,Green
5520,0,0.0003450705902650952,0.1915125678264706,0.03857857003750619,Green
5521,0,0.00041551176109351213,0.19361875899038522,0.039056161206951844,Green
5522,0,0.0003400178044103086,0.10227951883809856,0.020727918011147956,Green
5523,0,0.0009516716818325222,0.05383321266719587,0.01152797987890519,Green
5524,0,0.0010578399524092674,0.05696429052580172,0.012239130067087756,Green
5525,0,0.0007719058310613036,0.09455877260744586,0.01952927918633821,Green
5526,0,0.001779695926234126,0.07281847784667679,0.015987452310322656,Green
5527,0,0.0003087394958129153,0.2404804453393524,0.0483430806645208,Green
5528,0,0.002320371544919908,0.10460604730458366,0.022777506696852655,Green
5529,0,0.0001842399811721407,0.03335544536123188,0.006818481057184087,Green
5530,0,0.00890210373327136,0.07125470072096024,0.021372623130809135,Green
5531,0,0.0004280702123651281,0.18519931865106093,0.03738231990010428,Green
5532,0,0.0004550875979475677,0.2617656122058737,0.05271719251953278,Green
5533,0,9.849313937593251e-05,0.11929437706076579,0.023937669923653898,Green
5534,0,0.00010743973107310011,0.1233394804643899,0.024753847877736455,Green
5535,0,0.0009413594845682383,0.07449975739235301,0.01565303906612519,Green
5536,0,0.0006809189799241722,0.08333811971077709,0.017212359126094753,Green
5537,0,9.095197383430788e-05,0.09707844709465288,0.01948845099799802,Green
5538,0,0.0001231913367519155,0.1597748218450086,0.03205351743840325,Green
5539,0,0.008982584811747074,0.08560043438454641,0.024306154726306938,Green
5540,0,0.00011573650408536196,0.05392095718269226,0.01087678063980674,Green
5541,0,0.0007490984280593693,0.08156711458078535,0.01691270165860456,Green
5542,0,0.0004580562410410494,0.10558105741062296,0.021482656474957427,Green
5543,0,0.007179360650479794,0.07985115807250683,0.021713720134885196,Green
5544,0,0.0016893143882043661,0.1434557135215032,0.030042594214864125,Green
5545,0,0.0002209762344136834,0.16833706194652467,0.03384419337683588,Green
5546,0,0.00018426219030516223,0.08486527259907643,0.01712046427205941,Green
5547,0,0.00029533508932217957,0.12101459976329937,0.02443918802411761,Green
5548,0,0.0002210402919445187,0.048710140065760334,0.00991886024670768,Green
5549,0,0.0026366079691797495,0.060033300920338324,0.014115946559411462,Green
5550,0,0.0005507256428245455,0.034900465497551394,0.007420673613769913,Green
5551,0,9.890256624203175e-05,0.029562730354211482,0.00599166812383592,Green
5552,0,0.00041251559159718456,0.14802858285434634,0.02993572904414701,Green
5553,0,0.00015038592100609095,0.08224454150771447,0.016569217038347763,Green
5554,0,0.02559684757143259,0.1045038073782843,0.041378239532802924,Green
5555,0,0.00044037553016096354,0.13472625074785746,0.027297550573700258,Green
5556,0,0.0002795585663989186,0.08207985923683328,0.01663961870048579,Green
5557,0,0.00023933300981298088,0.1690478222236387,0.03400103085257812,Green
5558,0,0.00015854204248171299,0.06238218335800596,0.01260327030558656,Green
5559,0,0.001961363386362791,0.17104611665466382,0.03577831404002299,Green
5560,0,0.00013627067964989693,0.17219928133347243,0.0345488728104144,Green
5561,0,0.04459674507379532,0.10119973438994123,0.055917342937024495,Green
5562,0,0.0004873576341196895,0.12175813979570244,0.024741514066436234,Green
5563,0,0.00011521642591105774,0.19089263922541427,0.038270700985811694,Green
5564,0,0.006512864027172327,0.11652793517945817,0.028515878257629492,Green
5565,0,0.0008302976377308368,0.03854084434678532,0.008372406979541731,Green
5566,0,0.0011256878497079013,0.058969689983717884,0.012694488276509895,Green
5567,0,0.0014452198753133415,0.08412397131179299,0.017980970162609265,Green
5568,0,0.06464396119117737,0.09452735502116992,0.07062063995717588,Green
5569,0,0.0006659543607383967,0.13402344455692686,0.027337452399976085,Green
5570,0,0.0005875758826732636,0.21676882379698503,0.043823825465535614,Green
5571,0,0.00036315356846898793,0.07506697341619162,0.015303917538013509,Green
5572,0,0.000290890468750149,0.1004047412992135,0.020313660634842818,Green
5573,0,0.00436145793646574,0.16270582395263233,0.03603033113969906,Green
5574,0,0.0027453963644802574,0.14673979673348037,0.031544276438280276,Green
5575,0,0.0003039713075850159,0.05314561696696074,0.010872300439460159,Green
5576,0,0.0006100997678004205,0.03289951946608519,0.007067983707457374,Green
5577,0,0.0011198094347491861,0.18595623308356207,0.03808709416451175,Green
5578,0,0.0005182601336855442,0.05509669360106187,0.011433946827160806,Green
5579,0,0.00017019333317875863,0.052765089575830794,0.010689172581709164,Green
5580,0,0.0007410616613924504,0.040522440252361853,0.00869733737958633,Green
5581,0,0.0002706336847040802,0.09955340855165506,0.020127188658094274,Green
5582,0,0.0006147626088932156,0.0577020539795389,0.01203222088302235,Green
5583,0,0.00014905741263646633,0.17659021497282792,0.03543728892467475,Green
5584,0,0.0009560246719047428,0.0831807920722888,0.017400978151981553,Green
5585,0,0.00034790481440722943,0.02800930829082041,0.0058801855096898645,Green
5586,0,0.022952435165643693,0.06307892779353659,0.030977733691222274,Green
5587,0,0.00023282610927708448,0.0802726716704525,0.016240795221512165,Green
5588,0,0.00010660939660738224,0.1543338911427057,0.03095206574582704,Green
5589,0,0.0036895756144076585,0.06948922773796812,0.01684950603911975,Green
5590,0,0.00039236144511960446,0.056903321656817385,0.01169455348745916,Green
5591,0,0.0003421430476009846,0.236250261966542,0.047523766831389175,Green
5592,0,8.253706619143486e-05,0.2573224377967471,0.05153051721230256,Green
5593,0,0.002104883850552142,0.1058545469354456,0.02285481646753083,Green
5594,0,4.578097359626554e-05,0.2431220268873079,0.04866103015633858,Green
5595,0,0.0013178999302908777,0.11730149048135462,0.024514618040503623,Green
5596,0,0.00026043092366307975,0.04064160959741575,0.008336666658413613,Green
5597,0,6.947213259991258e-05,0.15070030793702463,0.03019563929348485,Green
5598,0,0.0002999064570758492,0.1945177362802331,0.03914347242170729,Green
5599,0,0.00010355975609854795,0.21354688635931054,0.04279222507674094,Green
5600,0,0.00042348938004579397,0.1443086421671462,0.02920051993746587,Green
5601,0,0.00026802434149431065,0.11547529976507633,0.02330947942621071,Green
5602,0,0.0015327242435887456,0.08330623823378563,0.017887427041628122,Green
5603,0,0.0010683345142751932,0.23831574209962367,0.048517816031344876,Green
5604,0,0.001104708609636873,0.10684432972120476,0.022252632831950444,Green
5605,0,0.0002901933563407511,0.04117939635883895,0.00846803395684039,Green
5606,0,0.0009123407246079296,0.16438992274001918,0.033607857127690176,Green
5607,0,0.009189357794821261,0.048019484605364156,0.016955383156929838,Green
5608,0,0.0033616093220189213,0.3343548596538373,0.06956025938838259,Green
5609,0,0.0004589858377585188,0.38255707262974786,0.07687860319615637,Green
5610,0,4.64815107989125e-05,0.13392355370498515,0.026821895949636153,Green
5611,0,5.2054020488867533e-05,0.07154907139489618,0.014351457495370326,Green
5612,0,0.00012831932690460235,0.041153763435160653,0.00833340814855581,Green
5613,0,0.005202647671103478,0.08038037349667382,0.02023819283621754,Green
5614,0,5.659286980517209e-05,0.2676189638137696,0.05356906705859805,Green
5615,0,0.0002133697038516402,0.17024057719527974,0.03421881120213725,Green
5616,0,0.00010685894667403773,0.1772459750200455,0.035534682161348315,Green
5617,0,0.0004899189691059292,0.05839479873527491,0.012070894922339722,Green
5618,0,0.0008193170302547515,0.1844164127321472,0.03753873617063323,Green
5619,0,0.00045628972584381704,0.11463509545420332,0.023292050871515712,Green
5620,0,2.8887658481835386e-05,0.07076898298567576,0.014176906723920617,Green
5621,0,0.04384561628103256,0.051525079332578626,0.04538150889134177,Green
5622,0,0.0013735533924773336,0.1065755724138213,0.02241395719674612,Green
5623,0,0.0008171262918040157,0.0572246282599866,0.01209862668544053,Green
5624,0,0.004920840915292501,0.08269100537364214,0.020474873806962425,Green
5625,0,0.00034073421848006545,0.02754352516403785,0.0057812924075916206,Green
5626,0,0.0005957618122920394,0.10418056707911784,0.021312722865657194,Green
5627,0,0.00010019289038609713,0.16396083020543206,0.03287232035339528,Green
5628,0,0.0027178528252989054,0.05598910717261709,0.01337210369476254,Green
5629,0,0.00038447260158136487,0.10933944870525031,0.022175467822315147,Green
5630,0,0.0005132330872584135,0.022252767752901945,0.004861140020387119,Green
5631,0,0.0004546747077256441,0.06476614625300527,0.013316969016781565,Green
5632,0,0.0005371894338168203,0.05302837527944246,0.011035426602941944,Green
5633,0,0.0021758561488240957,0.22088122649499167,0.0459169302180576,Green
5634,0,0.0008888123324140906,0.08598350967987843,0.017907751801906954,Green
5635,0,0.0010145159205421806,0.14686781348245748,0.030185175432925232,Green
5636,0,0.00011968309117946774,0.23320391055135264,0.046736528583214094,Green
5637,0,0.0019870447227731346,0.08235345989844639,0.01806032775790778,Green
5638,0,0.00027457888645585624,0.06070821776972416,0.012361306663109514,Green
5639,0,0.0004795850836671889,0.15031173540964618,0.03044601514886298,Green
5640,0,0.0008730321191251278,0.06591030506788706,0.013880486708877511,Green
5641,0,0.00012176923628430814,0.1471215888706401,0.029521733163155463,Green
5642,0,0.00022047261882107705,0.12131849476674718,0.024440077048406294,Green
5643,0,0.00011173807288287207,0.22371931881505555,0.0448332542213174,Green
5644,0,0.002454803371801972,0.23723643380916148,0.04941112945927386,Green
5645,0,0.0008092623320408165,0.10539466103978375,0.021726342073589398,Green
5646,0,0.002227449370548129,0.12848603142824844,0.027479165782088186,Green
5647,0,0.0014470855938270688,0.11100380236727114,0.023358428948515877,Green
5648,0,0.0029737167060375214,0.07211113662716262,0.016801200690262537,Green
5649,0,0.001049799006432295,0.4019779355502763,0.08123542631520107,Green
5650,0,0.007226848788559437,0.4419860389077129,0.09417868681239011,Green
5651,0,0.0004114550072699785,0.023267525728952007,0.004982669151606383,Green
5652,0,0.0008662534179165958,0.25469954871266043,0.051632912476865356,Green
5653,0,0.00012318807421252131,0.028922560318720713,0.005883062523114158,Green
5654,0,0.00045338786439970137,0.060527770315746465,0.012468264354669053,Green
5655,0,0.001278278138488531,0.11406825363533128,0.023836273237857076,Green
5656,0,0.00022548496926901864,0.3494922328532715,0.0700788345460695,Green
5657,0,0.00022479792532976715,0.2563272780721278,0.05144529395468936,Green
5658,0,6.287171781877987e-05,0.29278444358650907,0.05860718609155682,Green
5659,0,0.00014454408374149353,0.1448887854106934,0.029093392349131865,Green
5660,0,0.00032187373726628716,0.05857186530888134,0.011971872051589295,Green
5661,0,7.322494202526287e-05,0.1337375976520553,0.026806099484031266,Green
5662,0,0.006556446198374033,0.06942601093977596,0.019130359146654417,Green
5663,0,0.00039530140347778794,0.059910031340957834,0.012298247390973795,Green
5664,0,0.000752008252311498,0.09001601943647305,0.018604810489143808,Green
5665,0,0.000587150501087308,0.05768280179513301,0.012006280759896445,Green
5666,0,0.00017002593376673757,0.010709184805803072,0.002277857708174004,Green
5667,0,0.0007979346672073006,0.1050073467502054,0.021639817083806915,Green
5668,0,9.367909660795704e-05,0.22005467980831708,0.04408587923894978,Green
5669,0,0.0023686463013291355,0.06472111171145482,0.01483913938335427,Green
5670,0,0.0010907679796218872,0.10775530626079123,0.02242367563585575,Green
5671,0,0.0006203916273079813,0.09925532421215638,0.02034737814427766,Green
5672,0,0.0009177143801935017,0.04962237591612229,0.010658646687379258,Green
5673,0,0.0002808482735417783,0.07457808170105387,0.015140294959044193,Green
5674,0,0.0012203558115288615,0.09878613175275293,0.02073351099977367,Green
5675,0,0.000989516591653228,0.12672964067337159,0.026137541407996893,Green
5676,0,0.001180649292655289,0.09232845031501154,0.019410209497126536,Green
5677,0,0.005133237689733505,0.07573332492592523,0.019253255136971847,Green
5678,0,0.00047503364621661606,0.24791731838770556,0.049963490594514395,Green
5679,0,0.00011437465727794915,0.16949568383479088,0.03399063649278053,Green
5680,0,0.000959924457129091,0.1472207131277762,0.03021208219125851,Green
5681,0,0.0007272081798873842,0.28487621473225505,0.057557009490360904,Green
5682,0,0.0017774078180082143,0.06355505995949359,0.014132938246305286,Green
5683,0,8.561570575693622e-05,0.066960696235434,0.013460631811692348,Green
5684,0,0.00023721334291622044,0.1335193994300131,0.02689365056033559,Green
5685,0,0.0005477230879478157,0.10193192733696312,0.02082456393775087,Green
5686,0,0.0038113771937787534,0.15751293957041973,0.03455168966910694,Green
5687,0,0.002802851283922792,0.060961579271063826,0.014434596881350995,Green
5688,0,0.00015019031416159124,0.070121732169415,0.01414449868521227,Green
5689,0,0.0003848874184768647,0.15945882920567428,0.03219967577591634,Green
5690,0,0.0002620751023641788,0.18642310838647555,0.03749428175918644,Green
5691,0,0.0006359134102240204,0.35178445132888164,0.07086562099395552,Green
5692,0,0.0010271768202073871,0.20502535780677208,0.041826813017520316,Green
5693,0,0.00042831742903217675,0.07674071141420408,0.015690796226066554,Green
5694,0,0.00026225767796859143,0.13875217593041195,0.027960241328457255,Green
5695,0,0.0008377940859645606,0.103933478209599,0.021456930910691445,Green
5696,0,0.0003211294359061867,0.15473445624108356,0.031203794796941655,Green
5697,0,0.0018815952353179455,0.22027907222283719,0.04556109063282179,Green
5698,0,0.00020129671029280873,0.10010690324242084,0.020182418016718412,Green
5699,0,0.00023311805271077903,0.31621136861568166,0.06342876816530493,Green
5700,0,0.002367799263447523,0.12997506625517868,0.027889252661793748,Green
5701,0,0.00019365390180610121,0.07192871032721047,0.014540665186886972,Green
5702,0,0.000167172760120593,0.12335975738032229,0.024805689684160928,Green
5703,0,0.001215221337042749,0.11636401846634932,0.02424498076290406,Green
5704,0,0.00014889024605508895,0.016771604838576683,0.003473433164559407,Green
5705,0,0.0005356328678317368,0.09407428249443596,0.019243362793152575,Green
5706,0,0.0002742551034316421,0.23146545751485886,0.04651249558571708,Green
5707,0,0.0008532681618817151,0.14090193165698142,0.02886300086090165,Green
5708,0,9.822880674619228e-05,0.1055570391168482,0.02118999086876659,Green
5709,0,0.000557937694247812,0.09003726707322446,0.018453803570043135,Green
5710,0,0.0002584610163467005,0.08254346558061243,0.016715461929199843,Green
5711,0,0.00020031800377182663,0.08345220411798702,0.016850695226614865,Green
5712,0,0.0003010488522704691,0.12422196722997202,0.025085232527810773,Green
5713,0,0.001907018292695284,0.10077209036391502,0.021680032706939224,Green
5714,0,0.0008285034797154366,0.09207963589465684,0.019078729962703714,Green
5715,0,0.09111966788768769,0.1445018749316373,0.10179610929647762,Green
5716,0,0.001847417000681162,0.14062998491957035,0.029603930584458996,Green
5717,0,0.0011571042123250663,0.08320165125074157,0.017566013620008362,Green
5718,0,0.00011436733475420625,0.2840833150600956,0.056908156879822466,Green
5719,0,0.0007081327377818524,0.24530845008647112,0.049628196207519695,Green
5720,0,0.003110410692170262,0.2063462669351615,0.0437575819407685,Green
5721,0,0.004219959722831845,0.3702878221652143,0.07743353221130832,Green
5722,0,0.012277302332222462,0.1015311639767816,0.030128074661134284,Green
5723,0,0.00011105229568784126,0.14186580868334595,0.028462003573219454,Green
5724,0,0.0010165258543565869,0.13664609949350426,0.028142440582186113,Green
5725,0,0.0005030243424698711,0.09505899375535384,0.019414218225046662,Green
5726,0,0.0001784473439329304,0.18844502496997498,0.03783176286914133,Green
5727,0,0.0002451077627483755,0.12213861259855102,0.024623808729908898,Green
5728,0,0.00046180883655324575,0.08824374377996107,0.018018195825234805,Green
5729,0,0.0007542942417785526,0.23652897018493518,0.047909229430409865,Green
5730,0,0.00015964311605785043,0.2616650217034002,0.052460718833526314,Green
5731,0,0.00012578330643009394,0.15551619898250568,0.031203866441645207,Green
5732,0,0.00011825164256151766,0.13731702548447003,0.027558006410943213,Green
5733,0,0.00018465279863448812,0.044215551029310934,0.008990832444769776,Green
5734,0,0.003258057637140155,0.14370040693898326,0.03134652749750877,Green
5735,0,0.0004420451645273715,0.0490188084759043,0.010157397826802755,Green
5736,0,0.00012162091734353454,0.1858256353394323,0.03726242380176128,Green
5737,0,0.000752179539995268,0.055173329490670386,0.011636409530130289,Green
5738,0,0.0007778678089380264,0.06587004631630877,0.013796303510412172,Green
5739,0,0.0005792485433630645,0.19948078231648872,0.04035955529798819,Green
5740,0,0.0008303144189994783,0.196253117885749,0.039914875112349375,Green
5741,0,0.0009126479504629969,0.18068352768227414,0.03686682389682521,Green
5742,0,0.00036545994225889444,0.14929518819774412,0.030151405593355933,Green
5743,0,0.00015920252626528965,0.19837276073686358,0.03980191416838494,Green
5744,0,0.0001786572734999936,0.042169225426079045,0.008576770904015802,Green
5745,0,0.006160803604871035,0.05795051737564433,0.016518746359025692,Green
5746,0,0.00015646131214452907,0.11082492423892734,0.022290153897501084,Green
5747,0,0.0040060093626379965,0.18452660341754668,0.040110128173619725,Green
5748,0,0.005727022048085928,0.019625591134970134,0.008506735865462769,Green
5749,0,0.00024019435513764618,0.02990259263856975,0.0061726740118240656,Green
5750,0,0.0003503082087263465,0.10311564173575972,0.020903374914133018,Green
5751,0,0.0010385645786300302,0.14831892962438104,0.030494637587780225,Green
5752,0,9.250289149349555e-05,0.278370428865068,0.05574808808620838,Green
5753,0,0.00021341991086956116,0.1953505880541304,0.03924085353952172,Green
5754,0,0.00018332789186388255,0.03177518999313975,0.0065017003121190554,Green
5755,0,0.00024313599569723013,0.11212883703380587,0.022620276203318954,Green
5756,0,0.0006285894778557122,0.09117397200424403,0.01873766598313337,Green
5757,0,3.605408710427582e-05,0.12885048440483282,0.02579894015064998,Green
5758,0,0.0016249996435362846,0.10436026180783033,0.02217205207639509,Green
5759,0,6.697000208077952e-05,0.08588446434729824,0.01723046887112427,Green
5760,0,0.00033358647488057613,0.23506125232176106,0.04727911964425666,Green
5761,0,9.700663504190743e-05,0.1120368436793215,0.02248497404389782,Green
5762,0,0.008279509190469981,0.07395171311362843,0.021413949975101668,Green
5763,0,0.0011859513586387038,0.21945938629411424,0.044840638345733805,Green
5764,0,0.00018422580033075064,0.12144007720783447,0.024435396081831488,Green
5765,0,0.00010438616809551605,0.13401471255496963,0.026886451445470333,Green
5766,0,0.0006685174768790603,0.048483405192728195,0.010231495020048886,Green
5767,0,0.00022143804235383866,0.3047173155261877,0.06112061353912059,Green
5768,0,0.0003191482508555055,0.35434165182758515,0.07112364896620142,Green
5769,0,0.0038149361032992603,0.13241064067716576,0.029534077018072556,Green
5770,0,0.00825557231437415,0.13558643012624594,0.033721743876748506,Green
5771,0,0.0004450949840247631,0.17306206092711282,0.034968488172642365,Green
5772,0,5.0437066965969274e-05,0.11664413890430857,0.023369177434434483,Green
5773,0,0.0007138567045331002,0.09128742517638956,0.018828570398904388,Green
5774,0,7.050530111882836e-05,0.13588862789276626,0.02723412981944831,Green
5775,0,0.00012182087521068752,0.18068144377092318,0.03623374545435318,Green
5776,0,0.01171991629526019,0.1283288167062936,0.03504169637746687,Green
5777,0,0.0009159665321931243,0.1228169588278689,0.025296164991328276,Green
5778,0,0.0007012724701780825,0.0496251080967096,0.010486039595484383,Green
5779,0,0.0008705826709046959,0.13546364783287312,0.027789195703298377,Green
5780,0,0.00010626255316310563,0.0681598414499107,0.013716978332512623,Green
5781,0,0.0034088492393493652,0.19997480796925934,0.042722040985331354,Green
5782,0,0.00027314671897329387,0.057755189510115545,0.011769555277201742,Green
5783,0,0.0002156676899176091,0.09317453618137267,0.01880744138820862,Green
5784,0,0.001954548223875463,0.12145694020007573,0.025855026619115512,Green
5785,0,0.007404145784676075,0.1095553484181489,0.027834386311370637,Green
5786,0,0.0016887367935851218,0.06486916761431008,0.014324822957730111,Green
5787,0,0.002130972733721137,0.16529398379444324,0.03476357494586555,Green
5788,0,0.001296189590357244,0.11309915625830863,0.023656782923947517,Green
5789,0,0.00023666006745770574,0.05521891511979608,0.011233111077925378,Green
5790,0,0.002829415677115321,0.1309811126207637,0.02845975506584499,Green
5791,0,0.00029319809982553124,0.07763919986328817,0.015762398452518055,Green
5792,0,0.0002715545881073922,0.22515422146584751,0.04524808796365541,Green
5793,0,0.0029939961154013873,0.19680195134139317,0.04175558716059973,Green
5794,0,0.00029167167958803474,0.14156189897850943,0.02854571713937231,Green
5795,0,0.0001255344832316041,0.20310812453003096,0.04072205249259146,Green
5796,0,0.0006102120387367904,0.27124845688410576,0.05473786100781057,Green
5797,0,0.0007133724866434932,0.23174526966075207,0.0469197519214652,Green
5798,0,0.000917593704070896,0.1944076702800948,0.039615609019275674,Green
5799,0,0.0022523150779306888,0.17563343539237475,0.03692853914081949,Green
5800,0,0.004254615632817149,0.2479133605865518,0.05298636462356407,Green
5801,0,0.0013979757437482475,0.07098885153035074,0.015316150901068743,Green
5802,0,0.0004598741186782718,0.13096273364990935,0.02656044602492448,Green
5803,0,0.0007665592944249511,0.08855674246387582,0.018324595928315122,Green
5804,0,0.00011630506487563253,0.11613050782019775,0.023319145615940052,Green
5805,0,0.00036757668713107707,0.03425761146981662,0.007145583643668184,Green
5806,0,0.0001788853041944094,0.008210145730003062,0.0017851373893561394,Green
5807,0,0.0027008728357031937,0.0868416116588296,0.01952902060032847,Green
5808,0,0.0002730061474721879,0.10524601205105379,0.021267607328188505,Green
5809,0,0.00047893000883050265,0.08324906426274735,0.017032956859613868,Green
5810,0,0.0002163806464523077,0.06477335482166989,0.013127775481495822,Green
5811,0,0.0008473763009533286,0.046412346763969714,0.009960370393556604,Green
5812,0,0.00013130346196703612,0.10240814428832871,0.02058667162723937,Green
5813,0,0.0025258123874664306,0.07789647014399248,0.017599943938771637,Green
5814,0,0.015790943428874014,0.21961252785303478,0.056555260313706154,Green
5815,0,0.00010413499985588713,0.06359147533658727,0.01280160306720216,Green
5816,0,5.964831143501215e-05,0.1010600336330481,0.020259725375757622,Green
5817,0,0.00018516923009883612,0.10546907653995975,0.021241950692071014,Green
5818,0,0.001093994569964707,0.1399019112976987,0.028855577915511497,Green
5819,0,0.0003358152695000172,0.24443784531023255,0.04915622127764651,Green
5820,0,0.0012633837526664139,0.15706608511088604,0.03242392402431034,Green
5821,0,0.00020688909426098688,0.35184284591105813,0.0705340804576204,Green
5822,0,0.0004708500113338232,0.24145484913769458,0.04866764983660596,Green
5823,0,0.00013762867893092335,0.14606363608559705,0.029322830160264143,Green
5824,0,0.0016918713226914406,0.21642645248487424,0.04463878755512799,Green
5825,0,0.00026989286998286844,0.1502943772730127,0.03027478975058883,Green
5826,0,0.0005443680915050209,0.17306864663079138,0.03504922379936229,Green
5827,0,0.0006271378952078521,0.07092780185508807,0.014687270687183892,Green
5828,0,0.0002284291957039386,0.05251674947973851,0.01068609325251085,Green
5829,0,0.0004144661186728626,0.11805621189670264,0.02394281527427881,Green
5830,0,0.0003754893259610981,0.2314033904640901,0.04658106955358689,Green
5831,0,0.00011562071013031529,0.15013281609705628,0.0301190597875155,Green
5832,0,0.0004611154436133802,0.08277194344440723,0.016923281043772147,Green
5833,0,0.00022481564083136617,0.2803416901773353,0.05624819054813214,Green
5834,0,0.00021392306953202934,0.11668067469415591,0.0235072733944568,Green
5835,0,0.0005967237520962954,0.1585910898374337,0.03219559696916376,Green
5836,0,9.165183655568399e-05,0.09133515508119827,0.0183403524854842,Green
5837,0,0.0035220725927501916,0.07987241979521058,0.018792142033242264,Green
5838,0,0.0005456752958707511,0.09752509833284302,0.019941559903265203,Green
5839,0,0.00039843366248533125,0.0809591745815376,0.016510581846295783,Green
5840,0,8.796984620857985e-05,0.09005028913982856,0.01808043370493257,Green
5841,0,3.417106418055483e-05,0.0534037268423952,0.010708082219823481,Green
5842,0,0.0005519154598005115,0.0946779709051024,0.019377126548860885,Green
5843,0,0.00019096432661172002,0.07440721842778908,0.015034215146847189,Green
5844,0,0.00014277170703280717,0.16856029426919583,0.033826276219465407,Green
5845,0,0.0010937959421426057,0.09783171852411475,0.02044138045853703,Green
5846,0,0.00033378047810401763,0.05073794712242513,0.010414613806968238,Green
5847,0,0.0008399727754294873,0.09602240475716488,0.01987645917177656,Green
5848,0,0.007205457729287446,0.01982194960037903,0.009728756103505761,Green
5849,0,0.0002481416100636125,0.17332373756991262,0.03486326080203341,Green
5850,0,0.0002854891848983243,0.210334911392327,0.042295373626384046,Green
5851,0,0.0006875998107716442,0.20062758337561853,0.04067559652374102,Green
5852,0,0.0009362282929942012,0.06941307808746165,0.014631598251887689,Green
5853,0,0.0017893117503263057,0.03150949807522061,0.007733349015305166,Green
5854,0,0.05380823314189911,0.07897770053278279,0.058842126620075846,Green
5855,0,0.00158811928704381,0.11475550867943975,0.024221597165522996,Green
5856,0,5.644635966746136e-05,0.17314804098627684,0.03467476528498933,Green
5857,0,0.0007364575518295168,0.11582080371931051,0.02375332678532571,Green
5858,0,0.0005049710860475897,0.08937381630038982,0.018278740128916032,Green
5859,0,0.0017195307533256709,0.1765239699523241,0.036680418593125354,Green
5860,0,0.0002942343475297093,0.2750668864901282,0.055248764776049404,Green
5861,0,7.165606439230032e-05,0.10003471548183727,0.02006426794788129,Green
5862,0,7.918512274045496e-05,0.09728326295577314,0.01952000068934699,Green
5863,0,0.00022693573846481742,0.11917611773324795,0.024016772137421438,Green
5864,0,0.0001327982288785279,0.1393465044211723,0.027975539467337274,Green
5865,0,0.0037759180180728436,0.09505770491505726,0.02203227539746972,Green
5866,0,7.581530153402127e-05,0.07533572161211449,0.015127796563650112,Green
5867,0,0.00018249690183438363,0.1381239389821588,0.02777078531789926,Green
5868,0,0.000740641844458878,0.1744512388555049,0.035482761246668076,Green
5869,0,9.907670246320777e-05,0.15489206841614778,0.031057675045200114,Green
5870,0,0.0008675269782543182,0.1597121659151094,0.03263645476562533,Green
5871,0,0.00014843599929008632,0.06920496834729695,0.013959742468891456,Green
5872,0,0.0004188301390968263,0.1525834884654481,0.03085176180436708,Green
5873,0,0.3445009648799896,0.0800718435371957,0.2916151406114308,Green
5874,0,0.0003898516355548054,0.1171007426243248,0.0237320298333088,Green
5875,0,0.0016941809561103582,0.0339018818680923,0.008135721138506745,Green
5876,0,0.00020332986605353653,0.10897559339606386,0.021957782572055596,Green
5877,0,0.0006150073721073567,0.024472637055794656,0.005386533308844815,Green
5878,0,0.00040381092112511395,0.11693197134516597,0.023709443005933282,Green
5879,0,0.0005306824110448361,0.02672683504445828,0.0057699129377275235,Green
5880,0,6.277981519815513e-05,0.15736481590444995,0.03152318703304851,Green
5881,0,0.004568671062588692,0.13911016858894665,0.03147697056786028,Green
5882,0,0.0002838514104951173,0.07086741849881867,0.014400564828159825,Green
5883,0,0.00011996099929092451,0.07958238224209997,0.01601244524785273,Green
5884,0,0.00021363978157751262,0.10301687475410368,0.020774286776082743,Green
5885,0,0.0031416313257068397,0.07644586292083369,0.017802477644732206,Green
5886,0,0.00010529853316256776,0.037417970704756914,0.007567832967481435,Green
5887,0,9.21203987672925e-05,0.0715449025266474,0.014382676824343311,Green
5888,0,0.01017048917710781,0.23130627017445932,0.0543976453765781,Green
5889,0,0.0007115859887562692,0.043289591920927545,0.009227187175190523,Green
5890,0,0.012358129769563676,0.0972134690850492,0.029329197632660776,Green
5891,0,0.0002737794093263801,0.11411670295639006,0.02304236411873911,Green
5892,0,0.0049433636595495045,0.1212277341298864,0.028200237753616877,Green
5893,0,0.000288713100599125,0.09186000509832618,0.01860297150014453,Green
5894,0,0.00034940559417009356,0.0808391947160835,0.016447363418552772,Green
5895,0,0.00136137364897877,0.146685752608363,0.030426249440855608,Green
5896,0,0.00010645961156114936,0.09881054106812258,0.01984727590287343,Green
5897,0,0.0015926265157759191,0.18242161072659888,0.0377584233579405,Green
5898,0,0.00026232507661916316,0.13066686131642322,0.026343232324579968,Green
5899,0,0.0011026863707229496,0.05835060271418198,0.012552269639414753,Green
5900,0,8.200280426535756e-05,0.12707204248149687,0.025480010739711654,Green
5901,0,0.006264559272676706,0.09130461027109751,0.023272569472360866,Green
5902,0,5.315974412951618e-05,0.052996465190289,0.010641820833361411,Green
5903,0,0.009780660457909108,0.1987865216162133,0.04758183268956993,Green
5904,0,8.593544916948303e-05,0.16728326707266505,0.03352540177386859,Green
5905,0,0.0003256244119256735,0.24754123229395375,0.04976874598833128,Green
5906,0,0.000730336201377213,0.26634664802927616,0.05385359856695699,Green
5907,0,0.0021188708371482788,0.10689573820098233,0.023074244309915087,Green
5908,0,0.001247822109144181,0.11373605009638213,0.023745467706591767,Green
5909,0,0.002134952461346984,0.1701129704432108,0.03573055605771974,Green
5910,0,0.0001867675222456455,0.09869641728752357,0.019888697475301226,Green
5911,0,0.033415387570858004,0.11281970282265326,0.04929625062121705,Green
5912,0,0.00032225146424025297,0.049646860294697774,0.010187173230331756,Green
5913,0,0.0006479047704488039,0.13401035356473046,0.02732039452930513,Green
5914,0,0.0005012384615838527,0.06445464995610427,0.013291920760487934,Green
5915,0,0.0004932965792249888,0.08815339091297658,0.018025315445975302,Green
5916,0,0.00010563841497059911,0.20632634084720597,0.041349778901417666,Green
5917,0,0.08956437408924103,0.08615878390180827,0.08888325605175448,Green
5918,0,0.0005069864797405898,0.13759705780884685,0.027925000745561836,Green
5919,0,0.00014455550990533084,0.18904502094411121,0.0379246485967465,Green
5920,0,9.30239817535039e-05,0.17923004325916833,0.03592042783723646,Green
5921,0,9.009702625917271e-05,0.08684614939077755,0.017441307499162846,Green
5922,0,7.374124397756532e-05,0.1770349115653484,0.035465975308251727,Green
5923,0,0.00036700038472190497,0.04465663689773162,0.009224927687323844,Green
5924,0,0.00017246122588403522,0.1910708389875951,0.03835213677822624,Green
5925,0,0.0004241220303811133,0.31141900226063157,0.0626230980764312,Green
5926,0,0.000143627796205692,0.10252587816637322,0.02062007787023919,Green
5927,0,0.00011446594435255976,0.054049902876148886,0.010901553330711824,Green
5928,0,0.000141638852073811,0.0989839044139022,0.019910091964439484,Green
5929,0,0.0023319208528846504,0.06629321558710852,0.015124179799729421,Green
5930,0,0.0005959242349490524,0.07018729143442753,0.014514197674844746,Green
5931,0,0.0004752694512717426,0.09911516630431895,0.02020324882188118,Green
5932,0,0.0036903238971717654,0.07275539230742291,0.01750333757922199,Green
5933,0,0.00010699378035496921,0.0951663611644212,0.01911886725716821,Green
5934,0,0.00013661534758284687,0.0850435500088174,0.017118002279829757,Green
5935,0,0.000252447061939165,0.056963042038209115,0.011594566057193152,Green
5936,0,0.0002603461209218949,0.10863221038013791,0.021934718972765093,Green
5937,0,0.001528877834789455,0.1115250156220566,0.023528105392242878,Green
5938,0,0.00012216597388032825,0.012614478899284675,0.002620628558961197,Green
5939,0,0.0005313438537996263,0.06013986060848552,0.012453047204736802,Green
5940,0,0.00015603678912157193,0.09670202707184192,0.019465234845665636,Green
5941,0,0.0002485530683770776,0.07906148159765058,0.016011138774231777,Green
5942,0,0.00016815096605569125,0.08994977522077624,0.018124475816999795,Green
5943,0,0.0010200217831879855,0.07664659442552624,0.01614533631165563,Green
5944,0,0.00022977455228101462,0.14973271616814923,0.03013036287545465,Green
5945,0,0.0031731993891298774,0.05359844457733785,0.013258248426771469,Green
5946,0,0.00018805068684741853,0.08199079577389876,0.01654859970425768,Green
5947,0,0.0002254900260595605,0.17453470830698906,0.03508733368224545,Green
5948,0,0.0010111087933182715,0.0795721684039226,0.016723320715439135,Green
5949,0,0.004645053250715137,0.04790063591786153,0.013296169784144413,Green
5950,0,0.0003077183093409985,0.07106442059939973,0.014459058767352742,Green
5951,0,0.0007125171017833055,0.10973160868011654,0.022516335417449948,Green
5952,0,0.0005760813714005053,0.06206840204317276,0.012874545505754955,Green
5953,0,0.004223629087209701,0.14285919389903826,0.031950742049575404,Green
5954,0,0.0021744229015894234,0.052986677787722786,0.012336873878816094,Green
5955,0,8.425982960034162e-05,0.1318087646039446,0.026429160784469188,Green
5956,0,0.0001119591310271062,0.08786015117595505,0.017661597540012692,Green
5957,0,0.000677295250352472,0.049098893555654444,0.010361614911412863,Green
5958,0,0.014397562853991984,0.15363244907214577,0.04224454009762273,Green
5959,0,0.00022082499344833195,0.08708094652949014,0.01759284930065669,Green
5960,0,0.0009764890535734595,0.06215297627967344,0.013211786498793454,Green
5961,0,0.0037644604686647653,0.1337235615433047,0.029756280683592748,Green
5962,0,0.0010923502966761589,0.04007393333014152,0.008888666903369228,Green
5963,0,0.000362218456575647,0.2805461179658218,0.05639899835842486,Green
5964,0,0.0011205080663785338,0.13065401176538613,0.02702720880618005,Green
5965,0,0.00018679263012018056,0.11854496935430985,0.02385842797495811,Green
5966,0,0.0015176035230979323,0.05584394153718224,0.012382871125914791,Green
5967,0,0.005070647131651639,0.08823397858443868,0.021703313422209044,Green
5968,0,6.174326699692756e-05,0.09275739784753798,0.01860087418310513,Green
5969,0,0.0017455328139476477,0.08199569300806622,0.01779556485277136,Green
5970,0,0.000117042147758184,0.11790174833561125,0.02367398338532879,Green
5971,0,0.00015443222946487367,0.1500226258221006,0.03012807094799201,Green
5972,0,0.0001930098456796259,0.17928147777453987,0.036010703431451664,Green
5973,0,0.0003031126456335187,0.11468880750272675,0.023180251617052162,Green
5974,0,0.00527417273260653,0.27963754650021094,0.060146847486127406,Green
5975,0,0.00048571323277428745,0.2902012419413851,0.058428818974496435,Green
5976,0,0.00013838294544257223,0.1097102961214402,0.022052765580642095,Green
5977,0,0.0004219070542603731,0.3734511344805169,0.07502775253951167,Green
5978,0,0.005781471449881792,0.0171889738422697,0.008062971928359374,Green
5979,0,0.0004574822727590799,0.0725727140112545,0.01488052862045816,Green
5980,0,0.0003184041357599199,0.20446097603763894,0.041146918516135715,Green
5981,0,0.00040913337143138055,0.2797447399638516,0.05627625468991541,Green
5982,0,0.0009882559534162283,0.15901456654964885,0.032593518072662746,Green
5983,0,0.0006409062887541949,0.27386029945514095,0.05528478492203154,Green
5984,0,0.0007535939454101025,0.08387608834865676,0.01737809282605943,Green
5985,0,0.000889232661575079,0.08938500613788894,0.018588387356837845,Green
5986,0,0.000775255390908569,0.10266315183690865,0.02115283468010858,Green
5987,0,0.00021582125045824797,0.25207868439256786,0.05058839387888016,Green
5988,0,0.00028973973239772023,0.1616228906786948,0.03255636992165713,Green
5989,0,0.01812194138765335,0.19421790243781833,0.05334113359768634,Green
5990,0,0.00022009336389601232,0.20702524962289479,0.041581124615695755,Green
5991,0,0.0001128699877881445,0.26086105835802414,0.05226250766183533,Green
5992,0,0.001798463426530361,0.40255320509376513,0.08194941175997729,Green
5993,0,0.00021971712703816593,0.4633485933942217,0.09284549238047485,Green
5994,0,0.0003133315243758261,0.3977678661492589,0.07980423844935243,Green
5995,0,0.0003420782508328557,0.08362207818044098,0.016998078236754477,Green
5996,0,0.0004557691165246069,0.4241117814478823,0.08518697158279613,Green
5997,0,0.000326798518653959,0.268990878646772,0.05405961454427756,Green
5998,0,0.0009172293124720454,0.4173431147209592,0.08420240639416945,Green
5999,0,0.0009519491111859679,0.5275975266014062,0.10628106460923001,Green
6000,0,9.55765790422447e-05,0.24547685112101997,0.04917183148743778,Green
6001,0,0.0006269714096561074,0.15384344702897845,0.03127026653352057,Green
6002,0,0.0005689102574251593,0.09623701349226198,0.01970253090439252,Green
6003,0,0.0010917677311226724,0.10537668990122545,0.021948752165143224,Green
6004,0,7.386411198240239e-05,0.10473634586279698,0.021006360462145313,Green
6005,0,0.00026538263191469016,0.3717683493979969,0.07456597598513111,Green
6006,0,0.00019431965774856507,0.08246643377200234,0.01664874248059932,Green
6007,0,0.002959341090172529,0.07655719588380647,0.017678912048899313,Green
6008,0,0.002929018810391426,0.3286589263685411,0.06807500032202135,Green
6009,0,0.0002215083979535848,0.06641153104539775,0.013459512927442416,Green
6010,0,0.002758959401398897,0.05631161795881295,0.013469491112881704,Green
6011,0,7.770685624564067e-05,0.0510161714880907,0.01026539978261465,Green
6012,0,0.0004912522039376199,0.022476876467715484,0.004888377056693191,Green
6013,0,0.005905158445239068,0.02850536960732153,0.01042520067765556,Green
6014,0,0.00019539049826562406,0.0649503430533725,0.013146381009286995,Green
6015,0,0.00012171071866760031,0.0768729660123658,0.015471961777407237,Green
6016,0,0.00017817332700360567,0.20564260640331308,0.04127105994226549,Green
6017,0,0.00011253661941736936,0.09573992270293515,0.01923801383612092,Green
6018,0,0.0002655812248121947,0.1862888934956203,0.03747024367897381,Green
6019,0,0.0007769164396449924,0.1451614998787196,0.029653833127459908,Green
6020,0,0.0023049884010106323,0.10041022558945427,0.021926035838699356,Green
6021,0,0.0007156241917982697,0.06791545513795011,0.014155590381028635,Green
6022,0,0.000378827954409644,0.0484255955077161,0.009988181465070932,Green
6023,0,0.0008211743552237749,0.07892519306939355,0.016441978098057725,Green
6024,0,0.0002899512066505849,0.12816245744388408,0.02586445245409728,Green
6025,0,0.00014140432758722455,0.05109714021745335,0.010332551505560448,Green
6026,0,0.0012379209278151394,0.04906324603812122,0.010802985949876354,Green
6027,0,0.0003303822653833777,0.08544066132548628,0.017352438077403953,Green
6028,0,0.0003511880408041179,0.07516824967672789,0.01531460036798887,Green
6029,0,0.0008450264227576554,0.09651150810198128,0.01997832275860238,Green
6030,0,0.03474802151322365,0.03097494929107366,0.033993407068793655,Green
6031,0,0.03672299683094024,0.2568477328234809,0.08074794402944836,Green
6032,0,0.0006115077296271921,0.1542460308976867,0.03133841236323909,Green
6033,0,0.00045037869131192565,0.14016524512102013,0.028393351977253563,Green
6034,0,4.76167697343044e-05,0.16683459025268071,0.033405011466323575,Green
6035,0,0.007954229786992072,0.017360824601220366,0.00983554874983773,Green
6036,0,0.00014500480610877273,0.09365422756878433,0.01884684935864388,Green
6037,0,0.00023576707462780178,0.05235253899598034,0.010659121458898307,Green
6038,0,0.00026803673827089367,0.09817848348312486,0.019850126087241682,Green
6039,0,8.279534376924858e-05,0.08489768140983471,0.01704577255698234,Green
6040,0,0.00019923060899600386,0.07412251291852574,0.014983887070901947,Green
6041,0,0.00015963190817274152,0.29640981078666384,0.05940966768387095,Green
6042,0,0.00018831636407412589,0.12041146286729168,0.02423294566471763,Green
6043,0,0.00033172127441503105,0.22675207238720596,0.04561579149697321,Green
6044,0,0.00021235404419712723,0.28259800584162076,0.05668948440368184,Green
6045,0,0.005681693833321333,0.03911184474860794,0.012367724016378652,Green
6046,0,0.0003729167336132377,0.2511872629336142,0.05053578597361342,Green
6047,0,0.00024289895372930914,0.4678957026193837,0.09377345968686016,Green
6048,0,0.0005212324089370668,0.13035091158341752,0.026487168243833153,Green
6049,0,0.00038676533149555324,0.1437233126679552,0.02905407479878748,Green
6050,0,0.0031020384281873706,0.09909269691886928,0.02230017012632375,Green
6051,0,0.00016797047574073075,0.4402061171710951,0.08817559981481159,Green
6052,0,0.00019874456920661033,0.20391181342932146,0.04094135834122957,Green
6053,0,0.0007259556907229126,0.10607739072704336,0.021796242697987,Green
6054,0,0.00025573100429028274,0.4449706901900996,0.08919872284145214,Green
6055,0,0.0006971743190661073,0.47038951066180934,0.09463564158761474,Green
6056,0,0.00032023797975853083,0.25108775227023244,0.050473740837853304,Green
6057,0,0.00022385816846508532,0.1760258277072169,0.03538425207621544,Green
6058,0,0.00012757928634528072,0.24811654494263422,0.04972537241760306,Green
6059,0,0.0007305040489882231,0.10825971064451488,0.02223634536809355,Green
6060,0,0.0003741335938684642,0.06906457807380567,0.014112222489855903,Green
6061,0,0.0011866305954754352,0.05993279350200733,0.012935863176781812,Green
6062,0,0.00018947420758195222,0.08073685441281721,0.016298950248629,Green
6063,0,0.000636130792554468,0.0199716993936884,0.004503244512781254,Green
6064,0,0.00020949230529367923,0.20824433377085877,0.04181646059840669,Green
6065,0,0.05789073631167412,0.1280424441858966,0.07192107788651861,Green
6066,0,0.127078053355217,0.0591894029000173,0.11350032326417706,Green
6067,0,0.0024571972899138927,0.3523782784480078,0.07244141352153266,Green
6068,0,0.0004949518479406834,0.37576289299578675,0.07554854007750988,Green
6069,0,0.010658166371285915,0.06215973952242032,0.020958481001512794,Green
6070,0,0.0005546183325350285,0.5830204289490211,0.11704778045583221,Green
6071,0,0.003574898559600115,0.08783376184944709,0.020426671217569508,Green
6072,0,0.0009758748114109039,0.08477526602138323,0.017735753053405363,Green
6073,0,0.0035685435403138397,0.046557558812978246,0.01216634659484672,Green
6074,0,0.004050885839387774,0.05327704719453875,0.013896118110417965,Green
6075,0,0.0005343740107491612,0.49399186994310934,0.09922587319722118,Green
6076,0,0.00029644224559888244,0.3438821046334826,0.06901357472317561,Green
6077,0,0.00011327652464387938,0.7208171193680407,0.1442540450933232,Green
6078,0,0.0003214863740140572,0.14657060651869763,0.029571310402950766,Green
6079,0,4.635293589672074e-05,0.3946464053293424,0.07896636341458585,Green
6080,0,0.00014503583370242267,0.605061086747033,0.1211282460163685,Green
6081,0,0.010240411292761563,0.08413936189973849,0.025020201414156944,Green
6082,0,0.00018770538445096464,0.05304555038479662,0.010759274384520094,Green
6083,0,0.00037371988873928784,0.1848216028807794,0.037263296487147296,Green
6084,0,0.0005611933651380241,0.17329354018132806,0.035107662728376024,Green
6085,0,0.00037638673675246533,0.1805647307301244,0.03641405553542684,Green
6086,0,0.00010556573834037409,0.13452061887935393,0.026988576366543077,Green
6087,0,0.0005379137408453971,0.07616922950021081,0.015664176892718477,Green
6088,0,0.0001623082058358705,0.18039384260004157,0.036208615084677,Green
6089,0,0.0009930650470778347,0.14969347265832414,0.03073314656932709,Green
6090,0,0.00011206531344214456,0.09284615150424334,0.01865888255160238,Green
6091,0,0.0009411798557266593,0.14002237911043366,0.028757419706668053,Green
6092,0,9.463890019105748e-05,0.058228940304741454,0.011721499181101134,Green
6093,0,0.00016493091243319213,0.10733095076685266,0.02159813488331708,Green
6094,0,0.00021686904947273433,0.20871482942020855,0.04191646112361989,Green
6095,0,0.00024938486458268014,0.18220765854987545,0.03664103960164122,Green
6096,0,4.3688503501471133e-05,0.11063085428671052,0.022161121660143276,Green
6097,0,0.00012860848219133913,0.12452441089334343,0.02500776896442175,Green
6098,0,0.00016244650178123265,0.24590885414660454,0.049311728030745884,Green
6099,0,0.0003167790069710463,0.31447021137664055,0.06314746548090493,Green
6100,0,0.004167929943650961,0.2068555509275524,0.04470545414043124,Green
6101,0,0.00022788046044297516,0.17593677757749498,0.03536965988385337,Green
6102,0,0.00010814585111802444,0.263201464844455,0.052726809649785406,Green
6103,0,0.000220765607082285,0.1927484690689185,0.038726306299449516,Green
6104,0,0.000415180521667935,0.2950736043941911,0.05934686529617256,Green
6105,0,0.001784904533997178,0.17439546858443877,0.036307017344085486,Green
6106,0,0.0003564661485143006,0.15946070371856821,0.03217731366252508,Green
6107,0,0.0002607021568110213,0.1852492819846497,0.03725841812237875,Green
6108,0,0.00016329423233401032,0.16384202981968718,0.03289904134980464,Green
6109,0,5.958191832178272e-05,0.14312855399919805,0.028673376334497028,Green
6110,0,0.0001593412016518414,0.17340583776135887,0.03480864051359324,Green
6111,0,0.0001465870867832564,0.14250025872181693,0.028617321413789983,Green
6112,0,6.514623382827268e-05,0.3163727887991153,0.06332667474688566,Green
6113,0,9.692616149550303e-05,0.25198324613445616,0.050474190156087624,Green
6114,0,0.000287080294219777,0.13652973885703676,0.027535612006783165,Green
6115,0,0.003253285167738795,0.24433050208709794,0.05146872855161062,Green
6116,0,0.005503054335713386,0.29585323605259056,0.06357309067908881,Green
6117,0,0.00011867920111399143,0.17143968356756487,0.03438288007440416,Green
6118,0,6.24235297436826e-05,0.16589430898264065,0.03322880062032307,Green
6119,0,0.0009830465773120523,0.22530371356500264,0.04584717997485016,Green
6120,0,0.00010262549330946058,0.15525267717556154,0.03113263582975987,Green
6121,0,0.00013834040728397668,0.10231635663108099,0.020573943652043375,Green
6122,0,0.0006933197262696921,0.13349622143449863,0.027253900067915473,Green
6123,0,0.00014297462475951762,0.2670840552128822,0.05353119074238404,Green
6124,0,9.405818273080512e-05,0.22288524816454977,0.044652296179094594,Green
6125,0,0.00014173590461723505,0.10590312178391711,0.021294013080477205,Green
6126,0,0.0001509290814283304,0.12882186146311844,0.025885115557766347,Green
6127,0,0.0001673874183325097,0.04902898852408215,0.009939707639482435,Green
6128,0,0.0024758734740316867,0.06202980653843781,0.01438666008691291,Green
6129,0,0.0003963736817240715,0.07739566853487166,0.015796232652353585,Green
6130,0,0.0003181687497999519,0.20263038711770262,0.04078061242338048,Green
6131,0,0.000553596846293658,0.09574231508510408,0.01959134049405574,Green
6132,0,6.842810907983222e-05,0.041864458300012224,0.00842763414726631,Green
6133,0,0.00041002830548677596,0.30026511365001707,0.060381045374392824,Green
6134,0,0.0032168331556022165,0.29546743347795057,0.061666953220071874,Green
6135,0,0.003457571379840374,0.06918962326934935,0.016603981757742168,Green
6136,0,0.00013711034262087196,0.2961255894490389,0.05933480616390446,Green
6137,0,0.0007123983115889132,0.06405849316557016,0.01338161728238516,Green
6138,0,0.0016997355269268155,0.057137788199717286,0.012787346061484909,Green
6139,0,0.00016456732264487074,0.060422560129509584,0.012216165884017811,Green
6140,0,0.0008323648711666465,0.06217219484371353,0.01310033086567602,Green
6141,0,0.000911981239914894,0.22718249231836796,0.0461660834556055,Green
6142,0,0.009112349338829517,0.07823598453146603,0.022937076377356817,Green
6143,0,0.002873863186687231,0.11921836063213355,0.02614276267577649,Green
6144,0,0.00023964248830452562,0.061564617934924924,0.012504637577628602,Green
6145,0,0.00019898907630704342,0.13988874925646175,0.028136941112337978,Green
6146,0,0.001692354609258473,0.15626175377902368,0.03260623444321151,Green
6147,0,0.00018822757119778543,0.25078693593738877,0.050307969244435966,Green
6148,0,0.00018201652856077998,0.09844301359090336,0.01983421594102929,Green
6149,0,0.00031395569094456733,0.11069526412526567,0.022390217377808785,Green
6150,0,0.000300907320342958,0.23146289721416002,0.04653330529910636,Green
6151,0,0.0036168376682326198,0.042870555939265635,0.011467581322439222,Green
6152,0,0.0004382687213364989,0.05142950301500318,0.010636515580069833,Green
6153,0,0.0006608047406189144,0.036245494261618834,0.007777742644818897,Green
6154,0,0.0012668078416027129,0.07227249426909516,0.015467945127101198,Green
6155,0,0.00022887354134581983,0.11925121097354884,0.02403334102778642,Green
6156,0,0.0068466255441308015,0.1312056779562576,0.031718436026556156,Green
6157,0,0.001552349078701809,0.1182771459355404,0.024897308450069523,Green
6158,0,0.00047344856429845097,0.06553233074837325,0.01348522500111341,Green
6159,0,0.00013528049894375726,0.16926123620838118,0.033960471640831234,Green
6160,0,0.0007146641612052917,0.1984213309358735,0.040255997516138925,Green
6161,0,0.0009089637431316077,0.13809597336985505,0.02834636566847629,Green
6162,0,0.00015351785405073314,0.09186280774925154,0.01849537583309089,Green
6163,0,0.0020703018177300695,0.1693190253460929,0.035520046523402626,Green
6164,0,0.0016123737907037137,0.12102487560137208,0.025494874152837382,Green
6165,0,2.2982421614869964e-05,0.38632072757507946,0.07728253145230776,Green
6166,0,0.0001838341500842944,0.1663237240267656,0.03341181212542055,Green
6167,0,0.002049837214872241,0.14298583554218552,0.030237036880334894,Green
6168,0,0.00023553630162496118,0.04437759406315122,0.00906394785393021,Green
6169,0,0.0001708396361209452,0.10699220371492994,0.021535112451882738,Green
6170,0,0.0016080050263553858,0.09837090616607037,0.02096058525429838,Green
6171,0,0.0010800960706546902,0.26767413468412965,0.05439890379334967,Green
6172,0,0.0003708682954311371,0.08492352171344858,0.017281398979034624,Green
6173,0,0.0006755832582712173,0.07155807653627928,0.014852081913872828,Green
6174,0,0.005788596346974373,0.11826637419167595,0.028284151915914685,Green
6175,0,0.0008822900941595435,0.06663782072848644,0.014033396221024919,Green
6176,0,0.0005959173780865968,0.13643726537597972,0.027764186977665216,Green
6177,0,0.00030253157310653476,0.09456337547687242,0.019154700353859706,Green
6178,0,0.000333686190424487,0.15932109970763306,0.0321311688938662,Green
6179,0,0.0002848625183105469,0.10357479579168388,0.02094284917298521,Green
6180,0,0.0005593962268903852,0.17476203811408902,0.035399924604330106,Green
6181,0,0.0004691523557994515,0.19108863145952906,0.038593048176545366,Green
6182,0,0.00035713306860998275,0.174132320533523,0.035112170561592576,Green
6183,0,0.0009343632613308728,0.10557110613272086,0.021861711835608866,Green
6184,0,0.0006811077648308129,0.11541438140579109,0.023627762493022862,Green
6185,0,0.0006324808695353568,0.14773243438109904,0.030052471571848087,Green
6186,0,0.0004865568713285029,0.10139579108323593,0.020668403713709985,Green
6187,0,0.00016268153267446906,0.18390087979855688,0.03691032118585094,Green
6188,0,0.00037410569493658843,0.16766325951598357,0.03383193645914598,Green
6189,0,0.00013379120064200835,0.4140811381340251,0.08292326058731861,Green
6190,0,0.00015851166390348225,0.10307556772955816,0.020741922877034413,Green
6191,0,0.002040394814684987,0.06224314512801502,0.014080944877350992,Green
6192,0,0.0005690438440069556,0.05174539963145177,0.010804315001495916,Green
6193,0,0.0022209861315786836,0.21909894585656312,0.045596578076575564,Green
6194,0,0.00023863144451752305,0.2143831290839132,0.04306753097239665,Green
6195,0,0.0003136899904347956,0.10238438414248535,0.0207278288208449,Green
6196,0,8.222633477998898e-05,0.23528232662371032,0.04712224639256604,Green
6197,0,0.0006211248226463794,0.13335833848211517,0.027168567554540134,Green
6198,0,0.00012153168936492875,0.06252800890216503,0.012602827131924947,Green
6199,0,0.00022751532378606498,0.16158512887472637,0.032499038033974116,Green
6200,0,0.002080603688955307,0.12092319540729907,0.025849122032624055,Green
6201,0,0.002466554194688797,0.20550389307784186,0.043074021971319404,Green
6202,0,0.0022503301384858786,0.23398848513174142,0.04859796113713698,Green
6203,0,0.002877545775845647,0.19024795277381742,0.04035162717544,Green
6204,0,0.0001158155020675622,0.09490384906803606,0.019073422215261256,Green
6205,0,0.0003527521097566932,0.08503553025183817,0.017289307738172985,Green
6206,0,0.00197804719209671,0.0768739140089843,0.016957220555474224,Green
6207,0,0.0006653770804405212,0.10952957259747723,0.022438216183847857,Green
6208,0,7.65104836318642e-05,0.11520682598411318,0.023102573583728123,Green
6209,0,0.0001898753660498187,0.12622558039904214,0.025397016372648278,Green
6210,0,0.0015310246497392654,0.28489400456109426,0.05820362063201025,Green
6211,0,6.718833319609984e-05,0.14816606902412693,0.029686964471382263,Green
6212,0,0.0029588133562356233,0.056416443058775384,0.013650339296743573,Green
6213,0,0.0008241842500865459,0.11384094684710953,0.023427536769491136,Green
6214,0,0.01833580732345581,0.02431049643063198,0.019530745144891046,Green
6215,0,0.0008496514521539212,0.20986286586222616,0.04265229433416836,Green
6216,0,9.270146110793576e-05,0.07743193469724574,0.015560548108335494,Green
6217,0,0.000576388044282794,0.06619105822608634,0.0136993220806435,Green
6218,0,3.940881506423466e-05,0.36815228609040856,0.0736619842701331,Green
6219,0,0.030721895396709442,0.1513668850262156,0.05485089332261067,Green
6220,0,0.0003958463377784938,0.17675445505735238,0.03566756808169326,Green
6221,0,0.004434298537671566,0.04546922271205101,0.012641283372547453,Green
6222,0,0.002358950488269329,0.16199693096161416,0.03428654658293829,Green
6223,0,0.0005243688239715994,0.14709359865564284,0.02983821479030584,Green
6224,0,0.00012253982567926868,0.32200327611962515,0.06449868708446843,Green
6225,0,0.0003234863106627017,0.17154347176406168,0.03456748340134249,Green
6226,0,8.528459875378758e-05,0.2335381577056148,0.04677585922012598,Green
6227,0,0.00014493670169031249,0.14938354348588745,0.029992658058529735,Green
6228,0,0.0003061652008909732,0.09386326467891834,0.019017585096496443,Green
6229,0,0.013411098532378672,0.06347816698590435,0.023424512223083803,Green
6230,0,0.00043732766062021255,0.10607764427799977,0.02156539098409612,Green
6231,0,0.001889284746721387,0.23362795940536557,0.04823701967845022,Green
6232,0,8.44294045236893e-05,0.10437125977033045,0.020941795477685033,Green
6233,0,0.00043936267611570655,0.09553553699341333,0.019458597539575226,Green
6234,0,0.007578476890921592,0.1431425065625737,0.03469128282525201,Green
6235,0,0.0001847238658228889,0.2625117650420437,0.052650132101067046,Green
6236,0,0.0009730212856084107,0.04290372027435814,0.009359161083358354,Green
6237,0,0.00027831882471218705,0.13226731093624824,0.026676117247019394,Green
6238,0,9.118846064666286e-05,0.08508324250416684,0.017089599269350695,Green
6239,0,4.7131778410403057e-05,0.10890307813356843,0.021818321049442004,Green
6240,0,0.0011801078682765365,0.09867738117070167,0.02067956252876156,Green
6241,0,0.004303092928603291,0.09245705651949035,0.0219338856467807,Green
6242,0,0.0005522553692571819,0.275820921377783,0.055605988570962335,Green
6243,0,0.002061827480792999,0.5661590308265388,0.11488126814994214,Green
6244,0,0.00015494887775275857,0.47644963836351373,0.09541388677490494,Green
6245,0,0.00012097370490664615,0.35103431995833945,0.07030364295559319,Green
6246,0,0.00017525180301163344,0.24129266898107554,0.04839873523862441,Green
6247,0,0.00014480619138339533,0.10193243218705424,0.020502331390517558,Green
6248,0,0.004422016395255923,0.06796563365464632,0.017130739847133997,Green
6249,0,0.00025790377985686065,0.13279390528733256,0.026765104081351996,Green
6250,0,0.0004524177056737244,0.08810514445561601,0.01798296305566218,Green
6251,0,0.00014626301126554608,0.05884067526363879,0.011885145461740193,Green
6252,0,0.006453221384435891,0.13234965401378665,0.031632507910306036,Green
6253,0,0.0011353367939591409,0.05699562685893337,0.012307394806953986,Green
6254,0,0.0012027836404740811,0.14243193148195116,0.02944861320876949,Green
6255,0,0.0008668063208460807,0.12431568202237143,0.025556581461151147,Green
6256,0,0.00036537820706143974,0.12113325953678886,0.024518954473006917,Green
6257,0,0.00010026351228589191,0.13636970577019059,0.027354151963866827,Green
6258,0,0.00023444623220711944,0.0647170491798171,0.013130966821729113,Green
6259,0,0.000468852260382846,0.09263845931492694,0.01890277367129166,Green
6260,0,0.00030816136859357357,0.09427543223269187,0.01910161554141323,Green
6261,0,0.0003199695114744827,0.1897295742865691,0.0382018904664934,Green
6262,0,0.0005659952177666128,0.2187084475840434,0.04419448569102196,Green
6263,0,0.0030370291322469713,0.09662959219217718,0.02175554174423301,Green
6264,0,0.0006118369055911899,0.13057148910944336,0.026603767346361617,Green
6265,0,0.0013776445994153619,0.07809422226173394,0.016720960131879074,Green
6266,0,0.00023509086458943783,0.0629270880978728,0.012773490311246107,Green
6267,0,0.00012528639272204602,0.0927004623741714,0.018640321589011914,Green
6268,0,0.00018835130613297223,0.05532727754003864,0.011216136552914103,Green
6269,0,0.00031183665269054475,0.11430525274687188,0.023110519871526805,Green
6270,0,0.0002857068087905645,0.11664935391118203,0.023558436229268852,Green
6271,0,8.738192700548099e-05,0.1132293319399915,0.022715771929602682,Green
6272,0,0.00035168101312592625,0.14601516263091782,0.0294843773366843,Green
6273,0,0.0019984671380370855,0.14747889681019521,0.031094553072468705,Green
6274,0,0.00014379390340764077,0.16686892138453258,0.03348881939963262,Green
6275,0,0.0010491993511095642,0.10991882737337975,0.022823124955563597,Green
6276,0,0.0003086038341280073,0.10173121181236992,0.020593125429776385,Green
6277,0,0.0001971296049305238,0.04191043681546747,0.00853979104703791,Green
6278,0,0.0005379038979299366,0.14752897284501687,0.029936117687347316,Green
6279,0,9.870383219094947e-05,0.07534811768445221,0.015148586602643198,Green
6280,0,0.0014270994812250136,0.0711809805374888,0.015377875692477765,Green
6281,0,0.00012841139250667765,0.13665405093570007,0.02743353930114535,Green
6282,0,0.0009919024189002812,0.16833378248079708,0.034460278431279634,Green
6283,0,0.0019365913700312375,0.1176962088103495,0.025088514858094886,Green
6284,0,0.00042793856700882313,0.15714091178235845,0.03177053321007874,Green
6285,0,9.373385546496138e-05,0.1386646441649344,0.027807915917358844,Green
6286,0,0.00015094521513674407,0.14016813296096084,0.028154382764301558,Green
6287,0,0.0070604789070785046,0.07190519384196678,0.020029421894056158,Green
6288,0,0.0006895372411236167,0.15224316284951842,0.03100026236280257,Green
6289,0,0.00023000516230240465,0.016782511366711002,0.0035405064031841234,Green
6290,0,0.00023250189260579643,0.0854448890588978,0.017274979325864193,Green
6291,0,0.0028329537250101565,0.33398706740071776,0.06906377646015166,Green
6292,0,0.0025032563135027885,0.01837758741894429,0.005678122534591088,Green
6293,0,3.781541126954835e-05,0.0897821816367518,0.017986688656365997,Green
6294,0,8.75214594998397e-05,0.27990387858664484,0.05605079288492883,Green
6295,0,0.0005271964590065181,0.08489833110524873,0.017401423388254955,Green
6296,0,0.0003798380610533059,0.1123690649366285,0.02277768343616834,Green
6297,0,0.00034602805390022696,0.06692998097570044,0.013662818638260266,Green
6298,0,0.001246487977914512,0.08867232391158092,0.01873165516464779,Green
6299,0,0.0002848319069016725,0.06551815732938567,0.013331496991398467,Green
6300,0,0.0010528455022722483,0.45518319752551883,0.09187891590692156,Green
6301,0,0.0018141644075512888,0.11797297030214492,0.025045925586470008,Green
6302,0,0.0011323536047711969,0.06298939963240813,0.01350376281029858,Green
6303,0,0.0006122384802438319,0.05150948982863588,0.01079168874992224,Green
6304,0,0.00010888794786296785,0.19844089279318633,0.03977528891692763,Green
6305,0,0.00011671067622955888,0.07846828874838585,0.015787026290660814,Green
6306,0,0.0005829855566844344,0.0568576463835717,0.011837917722061884,Green
6307,0,0.0007292902912013233,0.224322005886639,0.04544783341028885,Green
6308,0,0.0001261752739083022,0.2954248969087889,0.059185919600884415,Green
6309,0,0.0006414710427634418,0.3613798578522029,0.07278914840465132,Green
6310,0,5.878647389181425e-05,0.31837666459525676,0.06372236209816479,Green
6311,0,0.00023736543080303817,0.26380071919698805,0.05295003618404003,Green
6312,0,0.00039446696173399686,0.16302062621751706,0.0329196988128906,Green
6313,0,0.00016481335478601977,0.4590057585776728,0.09193300239936335,Green
6314,0,0.00038420185446739195,0.1908424852566422,0.03847585853490235,Green
6315,0,4.18401490605902e-05,0.14831371796420803,0.029696215712090072,Green
6316,0,0.0006114512798376381,0.2044494787900477,0.04137905678187964,Green
6317,0,0.00018654986633919178,0.30782805101074207,0.06171485009521976,Green
6318,0,0.010787121951580048,0.15134060870925395,0.038897819303114825,Green
6319,0,0.00012669118877965956,0.08385778794537165,0.016872910540098054,Green
6320,0,4.592998520820401e-05,0.11268584999660919,0.022573913987488398,Green
6321,0,0.0008863766444846988,0.09911966969916515,0.020533035255420783,Green
6322,0,0.00017137405811809003,0.05838805554435715,0.0118147103553659,Green
6323,0,0.0013292160583660007,0.18226958686481018,0.037517290219654824,Green
6324,0,0.005730492947623134,0.12802254499069354,0.03018890335623721,Green
6325,0,0.00026925339479930697,0.17041618848042106,0.03429864041192365,Green
6326,0,0.000251270760782063,0.05350215752855596,0.01090144811433684,Green
6327,0,0.00037499546306207776,0.1172712326698544,0.023754242904420533,Green
6328,0,0.0004226594464853406,0.12153931818241785,0.024645991193671838,Green
6329,0,0.000532602914609015,0.06511871088947271,0.013449824509581753,Green
6330,0,0.0025669698952697213,0.15706771853530083,0.033467119623275934,Green
6331,0,0.00012253829190740363,0.21276959203680107,0.04265194904088613,Green
6332,0,5.739648295275402e-05,0.10723089122838539,0.021492095432039275,Green
6333,0,0.0008484240272082389,0.17519265740867054,0.03571727070350069,Green
6334,0,0.0018246011342853308,0.13589620149511228,0.028638921206450715,Green
6335,0,0.0010677156853489578,0.1650988314899206,0.03387393884626328,Green
6336,0,0.0004536278429441154,0.3041050017570244,0.06118390262576016,Green
6337,0,0.0003104898962192238,0.05646874894171609,0.011542141705318594,Green
6338,0,0.0011650056927464902,0.16292670187694405,0.033517344929585996,Green
6339,0,0.00040705485153011976,0.27603888425122225,0.05553342073146853,Green
6340,0,0.00024377705994993448,0.07394472654816615,0.014983966957593176,Green
6341,0,0.0009419628535397351,0.13188941408830954,0.02713145310049369,Green
6342,0,0.0009986407821998,0.07956897520296055,0.016712707666351946,Green
6343,0,0.00025284799630753696,0.1280182379163294,0.025805925980311905,Green
6344,0,0.003000567015260458,0.11412828303740345,0.025226110219689055,Green
6345,0,4.1990317185991444e-05,0.12281283962736994,0.024596160179222774,Green
6346,0,0.0003761088359169662,0.13133477259877693,0.026567841588488954,Green
6347,0,0.00014902941766195001,0.1786727861482564,0.03585378076378083,Green
6348,0,0.00011147028708364816,0.11955679078108679,0.02400053438588427,Green
6349,0,7.940926952869632e-05,0.27087997910514955,0.054239523236652855,Green
6350,0,0.0003760573512408882,0.0960242416959621,0.019505694220185128,Green
6351,0,0.00012112918775528669,0.12625318349908135,0.025347540050020493,Green
6352,0,8.108772744890301e-05,0.11250041642759999,0.022564953467479117,Green
6353,0,0.00012286860728636385,0.11225081111459698,0.02254845710874848,Green
6354,0,0.0004034260520711541,0.09222270078111515,0.01876728099787995,Green
6355,0,0.0003618437913246453,0.3504396945948261,0.07037741395202492,Green
6356,0,0.0006315284292213619,0.27691571578567636,0.05588836590051235,Green
6357,0,7.968962745508179e-05,0.27488488466909744,0.05504072863578354,Green
6358,0,9.09370071894955e-05,0.46583925276033533,0.09324060015781864,Green
6359,0,0.010789233073592185,0.18199623818032573,0.04503063409493889,Green
6360,0,0.000190167230903171,0.1886926379932488,0.03789066138337229,Green
6361,0,0.00013580280938185751,0.13571097919476682,0.027250838086458846,Green
6362,0,4.315728365327232e-05,0.12195743963519827,0.024426013753962268,Green
6363,0,0.0001331491133896634,0.14930563189692767,0.029967645670097257,Green
6364,0,0.003262032987549901,0.1346531705278659,0.029540260495613094,Green
6365,0,0.0031973612029105427,0.08954385947765063,0.020466660857858556,Green
6366,0,2.4106350610964e-05,0.23535274350563823,0.0470898337816164,Green
6367,0,0.00010974557080771773,0.104548860364332,0.02099756852951257,Green
6368,0,0.0007965471595525742,0.10492257921616156,0.02162175357087437,Green
6369,0,0.011065815389156342,0.05784937818902149,0.020422527949129368,Green
6370,0,0.00015295021585188807,0.15217895563613906,0.030558151299909315,Green
6371,0,0.0002409048902336508,0.2272897826952905,0.04565068045124501,Green
6372,0,0.00026936377689708025,0.14880558084616471,0.0299766071907506,Green
6373,0,0.00021798470697831362,0.22566221763859678,0.045306831293302,Green
6374,0,0.0055173923261463646,0.14244491461002948,0.03290289678292298,Green
6375,0,0.0004073982534464449,0.14066646563183854,0.028459211729124856,Green
6376,0,0.0004181474971119315,0.16390877800197884,0.03311627359808531,Green
6377,0,0.00019606580899562688,0.052303484206981145,0.01061754948859273,Green
6378,0,0.00017860851075965912,0.04295989545999088,0.008734865900605902,Green
6379,0,0.001677208859473467,0.0697655827160607,0.015294883630790911,Green
6380,0,0.003222964564338326,0.20268223763263335,0.04311481917799732,Green
6381,0,6.391062852344476e-05,0.44454122016259484,0.0889593725353377,Green
6382,0,0.0007677257875911891,0.10395337399873836,0.021404855429820617,Green
6383,0,0.0007391437189653516,0.27171043371813586,0.054933401718799436,Green
6384,0,0.006043171510100365,0.10896625452284738,0.026627788112649764,Green
6385,0,0.02892687991261482,0.1564728094252515,0.05443606581514215,Green
6386,0,0.00012409236223902552,0.23481832732911034,0.04706293935561328,Green
6387,0,0.0007594567723572254,0.0672070442463622,0.014048974267158218,Green
6388,0,0.00010012348211603239,0.07944288754651978,0.015968676294996778,Green
6389,0,8.090445990092122e-05,0.2288564887103999,0.0458360213100007,Green
6390,0,0.007442000973969698,0.10494671731452863,0.02694294424208148,Green
6391,0,0.0015062533784657717,0.09063314583372906,0.019331631869518424,Green
6392,0,9.684136966825463e-05,0.3189029973691483,0.06385807256956426,Green
6393,0,0.00010484750528121367,0.1929636083701597,0.0386765996782569,Green
6394,0,7.779326988384129e-05,0.12200742813706014,0.024463720243319095,Green
6395,0,0.004591078660450876,0.0318079539469739,0.010034453717755479,Green
6396,0,0.0022057587280869487,0.13186418497906716,0.028137443978282984,Green
6397,0,0.0001375084262690507,0.057800285060872196,0.011670063753189677,Green
6398,0,0.004419014160521329,0.09052212309916945,0.02163963594825095,Green
6399,0,0.01051394697278738,0.22417895766098758,0.05324694911042741,Green
6400,0,0.002965801348909736,0.2225560729006644,0.04688385565926066,Green
6401,0,0.00010931022552540526,0.1300670279527226,0.026100853770964837,Green
6402,0,8.737086973269469e-05,0.1333527882862732,0.026740454353040788,Green
6403,0,0.0017466058488935232,0.4018522319482794,0.08176773106877068,Green
6404,0,0.00016229880857281386,0.11945581377531972,0.02402100180192219,Green
6405,0,0.0008679954276885836,0.13815538798342863,0.02832547393883659,Green
6406,0,0.0002892689488362521,0.043067175633377884,0.008844850285744577,Green
6407,0,6.103552514105103e-05,0.12457538814794028,0.02496390604970089,Green
6408,0,0.000464263278990984,0.14191293922481582,0.028753998468155947,Green
6409,0,5.158935164217837e-05,0.09544025790320082,0.0191293230619539,Green
6410,0,0.0013711222098208963,0.17929113516128262,0.03695512480011323,Green
6411,0,0.0005753647652454674,0.07546871746007054,0.015554035304210479,Green
6412,0,0.00012126665969844908,0.07804290237683419,0.01570559380312559,Green
6413,0,7.06353435816709e-05,0.13137145074773907,0.026330798424413143,Green
6414,0,0.00130119314417243,0.2679167065762498,0.054624295830587886,Green
6415,0,0.0004050490795634687,0.02177431334623478,0.00467890193289773,Green
6416,0,0.00022034974244888872,0.058575474929933265,0.011891374779945762,Green
6417,0,0.00010125453190994448,0.7021986081775873,0.1405207252610454,Green
6418,0,0.0005285921506583691,0.04751930920954934,0.00992673556243656,Green
6419,0,0.00011212069657631218,0.05726847495354354,0.011543391547969756,Green
6420,0,0.00029504246194846925,0.21455076905838105,0.043146187781234975,Green
6421,0,8.45195638248697e-05,0.22360635802916445,0.04478888725689278,Green
6422,0,0.0005035305628553032,0.2124915017532623,0.0429011248009367,Green
6423,0,6.389197515090928e-05,0.3047039059707999,0.06099189477428069,Green
6424,0,9.245594483218156e-05,0.11034024042138486,0.02214201284014271,Green
6425,0,0.001048609404824674,0.05530585835067231,0.011900059193994198,Green
6426,0,0.0007771412027068436,0.18663391126298765,0.037948495214763,Green
6427,0,0.00010411059483885765,0.20284689941596193,0.04065266835906346,Green
6428,0,0.004230758082121611,0.4192462454168313,0.08723385554906353,Green
6429,0,5.8053529210155835e-05,0.19093868076445372,0.03823417897625886,Green
6430,0,0.00013170176243875175,0.227016154404084,0.04550859229076779,Green
6431,0,0.001078665885142982,0.1536980140684598,0.031602535521806335,Green
6432,0,6.759866846550722e-05,0.34755038031707136,0.06956415499818666,Green
6433,0,0.0003447370487265289,0.27285742472338,0.05484727458365721,Green
6434,0,0.00012507797800935804,0.2090432772577253,0.04190871783395254,Green
6435,0,0.00024325065314769744,0.01826636465049267,0.0038478734526166914,Green
6436,0,0.0002464964578393847,0.19740265717370623,0.03967772860101274,Green
6437,0,0.0002656326105352491,0.06279401346665743,0.012771308781759683,Green
6438,0,0.0014402955072000622,0.13108962556862824,0.027370161519485695,Green
6439,0,0.002883368241600692,0.10359053923422165,0.02302480244012488,Green
6440,0,0.0001837526710005477,0.12405354242271051,0.024957710621342534,Green
6441,0,0.0006645248620770871,0.21570406867129827,0.043672433623921314,Green
6442,0,0.00022962817456573248,0.08142191074967856,0.016468084689588294,Green
6443,0,0.0002805118914693594,0.07406604981689441,0.015037619476554367,Green
6444,0,0.00029969689203426244,0.14113053141654286,0.028465863796935977,Green
6445,0,0.042325880378484726,0.059772395260745834,0.04581518335493694,Green
6446,0,0.0002577740757260472,0.06144117238328358,0.01249445373723755,Green
6447,0,0.0001365244359476492,0.08278514896093028,0.016666249340944173,Green
6448,0,0.0021035305690020323,0.204727296523429,0.04262828375988741,Green
6449,0,0.000644938473124057,0.07983303095074633,0.016482556968648508,Green
6450,0,0.0014307806035503744,0.3065757810251245,0.06245978068786519,Green
6451,0,0.00014017614448675887,0.11391192390687421,0.022894525696964246,Green
6452,0,0.0001403853952069767,0.20709773390220504,0.041531855096606576,Green
6453,0,0.0021467322017997502,0.05579474557549241,0.01287633487653828,Green
6454,0,0.003746540192514658,0.24951428804802478,0.052900089763616674,Green
6455,0,0.00038812089478597046,0.23671329649796158,0.04765315601542108,Green
6456,0,4.913948650937527e-05,0.22552358627958966,0.045144028845125424,Green
6457,0,0.0003471681615337729,0.15297360653435668,0.030872455836098347,Green
6458,0,0.0019139930373057723,0.013139940298959108,0.004159182489636439,Green
6459,0,0.00048544621095061304,0.03759720956171803,0.007907798881104095,Green
6460,0,0.00021147762454347684,0.05775880969316836,0.011720944038268451,Green
6461,0,0.00017487596778664738,0.05244565259324594,0.010629031292878503,Green
6462,0,0.00016623481351416559,0.07853282006273646,0.01583955186335862,Green
6463,0,0.003034550044685602,0.13599744645842,0.029627129327432476,Green
6464,0,0.00013887390377931297,0.048574833590057834,0.009826065841035016,Green
6465,0,0.0001732664677547291,0.15030361562109368,0.030199336298422513,Green
6466,0,0.0005751797347329557,0.18872119789154157,0.03820438336609467,Green
6467,0,0.0003419026907067746,0.11868839867134647,0.02401120188683471,Green
6468,0,0.00471984832547605,0.07742759556824032,0.0192613977740289,Green
6469,0,0.00041320465970784426,0.08520081938050517,0.017370727603867306,Green
6470,0,0.0004295318445656449,0.2174485581941726,0.04383333711448703,Green
6471,0,0.0002101300982758403,0.17150098088617816,0.0344683002558563,Green
6472,0,5.394682448240928e-05,0.1308661070214047,0.02621637886386686,Green
6473,0,7.237437021103687e-05,0.2658977430209573,0.053237448100360275,Green
6474,0,0.0048911909107118845,0.1086887330570965,0.025650699339988803,Green
6475,0,0.0005383523530326784,0.07232437691870296,0.014895557266166731,Green
6476,0,0.0003170613432303071,0.06727150778398291,0.013707950631380824,Green
6477,0,0.002250879583880305,0.12352573581911457,0.02650585083092715,Green
6478,0,0.00038540199166163806,0.21585605428552326,0.043479532450433955,Green
6479,0,0.00018565069185569883,0.08883257992821536,0.017915036539127627,Green
6480,0,0.0023036178201436995,0.15319410603062117,0.032481715462239186,Green
6481,0,0.00020931741455569862,0.20914582721729166,0.04199661937510288,Green
6482,0,0.018506607692688703,0.0396054039573238,0.022726366945615722,Green
6483,0,0.00020500486134551467,0.06385013765343624,0.012934031419763656,Green
6484,0,0.00025018624437507243,0.18200722504130862,0.03660159400376177,Green
6485,0,0.00025519425980746746,0.05255429011288392,0.010715013430422755,Green
6486,0,0.00016855484573170544,0.15270342968674502,0.030675529813934364,Green
6487,0,0.013381920754909515,0.09166524227708002,0.029038585059343612,Green
6488,0,7.767186980345286e-05,0.1943553393808535,0.03893320537201345,Green
6489,0,0.00034684387501329186,0.06835613081177853,0.013948701262366336,Green
6490,0,0.00014223561156541107,0.10281693096865295,0.020677174682982916,Green
6491,0,0.00036358140059746804,0.3940417598432475,0.07909921708912747,Green
6492,0,0.0004146715044043958,0.25969381804159114,0.05227050081184173,Green
6493,0,0.0015080766985192894,0.16866452718836467,0.03493936679648836,Green
6494,0,0.001217025303049013,0.46583919651013334,0.09414145954446586,Green
6495,0,0.0001681063120486215,0.16698107008286545,0.03353069906621198,Green
6496,0,0.00011497877567308025,0.17501670329629476,0.03509532367979741,Green
6497,0,0.00014307870878838003,0.2809997218900259,0.05631440734503587,Green
6498,0,0.006545519828796387,0.052958551189048304,0.015828126100846766,Green
6499,0,5.284534781822003e-05,0.15234955912168802,0.030512188102592173,Green
6500,0,0.00013805908965878186,0.12286441617982782,0.024683330507692586,Green
6501,0,0.00016084886447060854,0.09584443697711818,0.01929756648700012,Green
6502,0,0.00016749672358855604,0.18481154181828482,0.037096305742527806,Green
6503,0,0.0005472363322041929,0.11497650844466283,0.023433090754695914,Green
6504,0,0.0009662551572546362,0.12195731851322315,0.025164467828448334,Green
6505,0,0.0010689218994230031,0.17337471123689233,0.03553007976691686,Green
6506,0,0.00015138367743929848,0.24945256041389932,0.05001161902473129,Green
6507,0,0.00011607988126343116,0.37207003347849965,0.07450687060071066,Green
6508,0,0.0029938172549009326,0.3550390126840027,0.07340285634072126,Green
6509,0,0.0005121966009028256,0.46767150595828644,0.09394405847237954,Green
6510,0,0.014760290831327438,0.2756408892457912,0.06693641051422018,Green
6511,0,0.0037020652554929255,0.17603417954520406,0.03816848811343515,Green
6512,0,0.0007300350174773484,0.26548386053988254,0.053680800121958375,Green
6513,0,0.000224080472253263,0.1634687055415682,0.03287300548611624,Green
6514,0,0.00012873720261268317,0.08833218556846445,0.01776942687578303,Green
6515,0,0.00022694411454722286,0.06339217976190055,0.012859991244017885,Green
6516,0,8.205287158489228e-05,0.13334681780698943,0.02673500585866579,Green
6517,0,0.0010157635668292641,0.17083608129968514,0.03497982711340043,Green
6518,0,0.00018961340538226068,0.11809418348597883,0.02377052742150157,Green
6519,0,0.0002565601607784629,0.7782089406520221,0.15584703625902716,Green
6520,0,4.8966448230203244e-05,0.1343720871384006,0.026913590586264278,Green
6521,0,0.00012922928726766258,0.13273548665830753,0.026650480761475633,Green
6522,0,8.408118592342361e-05,0.1488782239652591,0.02984290974179055,Green
6523,0,9.322422556579113e-05,0.1193767493984065,0.02394992926013393,Green
6524,0,0.030809490755200387,0.21318875722642855,0.06728534404944601,Green
6525,0,0.011731151025742292,0.06052336789764792,0.021489594400123414,Green
6526,0,0.0005523716099560261,0.14124474552658028,0.028690846393280872,Green
6527,0,0.0003845587139949203,0.1839541472845466,0.03709847642810525,Green
6528,0,0.0006357699341606348,0.155826062997754,0.03167382854687931,Green
6529,0,0.0002925190550740808,0.08717674250872562,0.017669363745804384,Green
6530,0,0.00013489957200363278,0.17747810671110467,0.03560354099982383,Green
6531,0,8.219185838242993e-05,0.09099051018872069,0.01826385552445008,Green
6532,0,0.0010769937420263887,0.05381692718188776,0.011624980429998662,Green
6533,0,0.00010544345568632706,0.20023386643683766,0.04013112805191659,Green
6534,0,0.00013689934712601826,0.34516906196285535,0.06914333187027187,Green
6535,0,0.0010877980384975672,0.08561903846505764,0.017994046123809577,Green
6536,0,0.00021746226120740176,0.24765083882028868,0.049704137573023645,Green
6537,0,0.0022993266582489015,0.0895097113054097,0.019741403587681058,Green
6538,0,0.00012622983485925942,0.20788989213966547,0.04167896229582049,Green
6539,0,0.04897372871637344,0.24534486608591863,0.08824795619028247,Green
6540,0,8.68165101564955e-05,0.13535918214363457,0.0271412896368521,Green
6541,0,5.82249958824832e-05,0.16189653495161033,0.032425886987028044,Green
6542,0,0.000946769304573536,0.28958617543588017,0.05867465053083485,Green
6543,0,0.0007152693462558091,0.2490607928711567,0.050384374051235976,Green
6544,0,8.477356168441476e-05,0.14089415080598416,0.028246649010544356,Green
6545,0,0.00014615470863645896,0.1788205754328972,0.035881038853488596,Green
6546,0,0.0007118676556274294,0.09735476955702878,0.020040448035907696,Green
6547,0,0.00019437159498920665,0.11446593821543408,0.023048684919078178,Green
6548,0,0.00013349399669095876,0.07045059784288359,0.014196914765929481,Green
6549,0,0.00019063088402617725,0.08839187917098981,0.0178308805414189,Green
6550,0,0.0013855753233656288,0.15185526505950564,0.031479513270593625,Green
6551,0,0.0006583663751371204,0.05163133343696725,0.010852959787503143,Green
6552,0,0.0018592518754303455,0.10780809989836282,0.023049021480016835,Green
6553,0,0.0002654308686032891,0.0921523350030844,0.018642811695499504,Green
6554,0,5.267065498628653e-05,0.08256657389820952,0.01655545130363093,Green
6555,0,0.00036557971034198997,0.11608122267266663,0.02350870830280691,Green
6556,0,0.000739959895145148,0.039751924841013954,0.008542352884318906,Green
6557,0,4.811526014236733e-05,0.2700133391423422,0.054041160036582325,Green
6558,0,0.0004290005541406572,0.1389617629157766,0.028135553026467842,Green
6559,0,0.0001515238080173731,0.14944642776188832,0.03001050459879156,Green
6560,0,0.00018927728524431586,0.35118175746425806,0.07038777332104705,Green
6561,0,0.0009341320022940635,0.11598733934773761,0.02394477347138277,Green
6562,0,0.00030150428647175427,0.05135976579907277,0.010513156588991955,Green
6563,0,0.0012811635155230761,0.07801473178941147,0.016627877170300752,Green
6564,0,0.00010138695652130991,0.018428145250206984,0.003766738615258444,Green
6565,0,0.00046818297123536463,0.07834115924412932,0.016042778225814153,Green
6566,0,0.00048819856019690635,0.12011919527835267,0.024414397903828055,Green
6567,0,0.0006270891404710709,0.11732532125086231,0.023966735562549312,Green
6568,0,0.0013555242097936572,0.23532481528413152,0.04814938242466122,Green
6569,0,0.008316343650221825,0.057199633340154106,0.018093001588208278,Green
6570,0,0.0005674629588611424,0.027555878174397343,0.005965146001968381,Green
6571,0,0.00010310960060451181,0.33375148194349125,0.06683278406918185,Green
6572,0,0.0008159995079040527,0.11782164206669778,0.02421712801966279,Green
6573,0,0.0009232890559360385,0.03882526625483778,0.008503684495716386,Green
6574,0,0.00011347422114340588,0.09927865715087167,0.019946510807089052,Green
6575,0,0.0005513438838534058,0.12327654989923063,0.025096385086928845,Green
6576,0,0.00011404885590309277,0.13247732214375,0.02658670351347247,Green
6577,0,0.0005482553853653372,0.12518528895863168,0.0254756621000186,Green
6578,0,4.508991332841106e-05,0.13157740491077347,0.026351552912817416,Green
6579,0,0.000964198587462306,0.13304619988791783,0.027380598847553405,Green
6580,0,0.00015653647133149204,0.2686562242225091,0.053856474021567007,Green
6581,0,0.00017673926195129754,0.11949275468226174,0.024039942346013383,Green
6582,0,0.002027333970181644,0.19949360799129276,0.04152058877440386,Green
6583,0,0.0010404224507510663,0.06230181549421576,0.013292701059444002,Green
6584,0,0.001009618490934372,0.04770100508678351,0.010347895810104197,Green
6585,0,0.0004862294532358646,0.5318594504720899,0.10676087365700665,Green
6586,0,0.023910292237997052,0.03921626368630264,0.02697148652765817,Green
6587,0,0.0009730671998113393,0.05416251597494144,0.011610956954837357,Green
6588,0,0.0002287059120135382,0.2974062559904412,0.059664215927699056,Green
6589,0,0.0006581645109690725,0.4233155233461119,0.08518963627799762,Green
6590,0,9.187352989101783e-05,0.23766537717436764,0.04760657425878633,Green
6591,0,0.0002543795882957056,0.1294831978180486,0.026100143234246278,Green
6592,0,0.0006060236250050366,0.7967144572983823,0.15982771035968046,Green
6593,0,5.9891638375120235e-05,0.085045484515567,0.017057010213813492,Green
6594,0,0.0007130195503123104,0.24698125476236413,0.04996666659272266,Green
6595,0,0.006280987337231636,0.13942448323150525,0.032909686516086355,Green
6596,0,0.0024381323717534544,0.05166803382356241,0.012284112662115243,Green
6597,0,0.00040043931221589446,0.03013982321247703,0.00634831609226812,Green
6598,0,5.4719114996260035e-05,0.34884483509454667,0.06981274231090633,Green
6599,0,0.0019309013616293667,0.19348865574293714,0.04024245223789091,Green
6600,0,0.00010674157820176334,0.16187932055695484,0.032461257373952376,Green
6601,0,0.0006741373683325947,0.12555092760004535,0.02564949541467514,Green
6602,0,0.0003908339538611471,0.22212621779056432,0.04473791072120178,Green
6603,0,4.392475420900155e-05,0.5190459784718204,0.10384433549773125,Green
6604,0,0.00022536619217135013,0.34656186889134644,0.06949266673200634,Green
6605,0,0.00016654003120493145,0.21254424950767478,0.04264208192649889,Green
6606,0,0.0008210309781134129,0.26327668086422135,0.05331216095533499,Green
6607,0,0.00021160080214031039,0.06745782350916106,0.013660845343544458,Green
6608,0,8.297886670334264e-05,0.2204003568538574,0.04414645446413414,Green
6609,0,0.0004549265751847998,0.1530953954040176,0.03098302034095135,Green
6610,0,0.00032417128095403315,0.14925860620556208,0.030111058265875637,Green
6611,0,0.0003587519458960742,0.10798889060828165,0.021884779678373184,Green
6612,0,0.0011995335342362525,0.06777612605182787,0.014514852037754574,Green
6613,0,0.000427355885040015,0.12560238887678282,0.02546236248338857,Green
6614,0,0.001351473107933998,0.32462088381339965,0.06600535524902712,Green
6615,0,0.0006032362347468734,0.06697216576859938,0.013877022141517372,Green
6616,0,0.0028596641961485146,0.5361536872410111,0.109518468805121,Green
6617,0,0.003067333297803998,0.38731332089374826,0.07991653081699283,Green
6618,0,0.00037456752033904195,0.15139244939649707,0.03057814389557064,Green
6619,0,9.786685404833406e-05,0.06581421225696507,0.013241135934631679,Green
6620,0,0.00028119464695919305,0.31038555453381506,0.06230206662433035,Green
6621,0,0.0005040766089223325,0.10215615667547663,0.020834492622233188,Green
6622,0,0.0029520275536924602,0.0828968830717438,0.018940998657302723,Green
6623,0,8.866093558026477e-05,0.19096249314448854,0.038263427377361915,Green
6624,0,0.00025204337434843184,0.08889720788342353,0.01798107627616345,Green
6625,0,0.0008025016053579747,0.35581974679691464,0.07180595064366929,Green
6626,0,0.0014374169055372476,0.15951992641106727,0.03305391880664325,Green
6627,0,0.001285597588866949,0.1391182614187261,0.028852130354838773,Green
6628,0,0.014346331730484963,0.12238056393110916,0.03595317817060979,Green
6629,0,0.0009283787687309087,0.09302622730814787,0.019347948476614297,Green
6630,0,0.0007119199843145906,0.24335912773895757,0.049241361535243174,Green
6631,0,9.82299738097936e-05,0.08996454111836759,0.018071492202721348,Green
6632,0,0.00024996530264616014,0.04451513138226361,0.009102998518569648,Green
6633,0,0.00011373791785445063,0.06613541067733922,0.013318072469751401,Green
6634,0,0.00022713541402481495,0.05884028995570771,0.011949766322361392,Green
6635,0,6.469404979725368e-05,0.17997468000236558,0.03604669124031091,Green
6636,0,0.00013730346108786762,0.11386697996264485,0.022883238761399256,Green
6637,0,0.00027046526665799316,0.09444522688871802,0.019105417591069995,Green
6638,0,0.0001811832480598241,0.11927676108623803,0.02400029881569546,Green
6639,0,0.0005417199863586575,0.13641682252257872,0.027716740493602666,Green
6640,0,0.00029116458026692273,0.12225147653657913,0.024683226971529356,Green
6641,0,0.00012798047391697763,0.17849454173432683,0.03580129272599894,Green
6642,0,0.00029542703414335846,0.15807743889620463,0.03185182940655561,Green
6643,0,0.004619579017162323,0.14675151522114,0.03304596625795785,Green
6644,0,0.0016264583449810742,0.07347011498934648,0.015995189673854153,Green
6645,0,0.0002680981007870287,0.1624550895275504,0.0327054963861397,Green
6646,0,0.00010783223115140572,0.2322747448355012,0.04654121475202135,Green
6647,0,0.001540936785750091,0.2724042690965935,0.055713603247918755,Green
6648,0,0.004314804123714567,0.15401847415477693,0.034255538129927036,Green
6649,0,0.00399600020609796,0.32384725435717393,0.06796625103631315,Green
6650,0,0.00011519878753460944,0.09738849232776245,0.019569857495580174,Green
6651,0,0.000379819970112294,0.10443033701895926,0.021189923379881685,Green
6652,0,0.00010428047244204208,0.11813392500495086,0.0237102093789438,Green
6653,0,0.00012767641310347245,0.13098632913891323,0.026299406958265416,Green
6654,0,8.307520256494172e-05,0.13208298996470033,0.026483058154992013,Green
6655,0,0.0003458183229668066,0.1581741749156375,0.031911489641500944,Green
6656,0,0.00017691625689622014,0.10519092308882866,0.0211797176232827,Green
6657,0,0.0002735473040957004,0.1546326973988947,0.031145377323055494,Green
6658,0,0.0002770118357148021,0.07492801446524736,0.01520721236162131,Green
6659,0,0.00035420889616943896,0.06427919341392384,0.013139205799720315,Green
6660,0,0.0009425543015822769,0.3234642097852759,0.065446885398321,Green
6661,0,3.735001191671472e-05,0.2897083680322309,0.05797155361597953,Green
6662,0,0.00019312395888846368,0.32010340669389115,0.06417518050588898,Green
6663,0,0.0021660701604560018,0.12027393673973252,0.025787643476311302,Green
6664,0,0.00016739966231398283,0.20910123864386507,0.041954167458624195,Green
6665,0,5.721718043787405e-05,0.16502908654753032,0.03305159105385636,Green
6666,0,6.382749124895781e-05,0.7332853240964852,0.14670812681229617,Green
6667,0,0.00022658889065496624,0.22996591626523852,0.04617445436557167,Green
6668,0,0.00036328399437479675,0.23085514616806635,0.0464616564291131,Green
6669,0,0.00032913050963543353,0.29152736456827794,0.05856877732136392,Green
6670,0,0.0013248379575088618,0.20853164374356253,0.042766199114719586,Green
6671,0,0.000291382079012692,0.07789686154443759,0.015812477972097668,Green
6672,0,0.004704252351075411,0.05344493146811238,0.014452388174482803,Green
6673,0,0.0009744373848661781,0.11435361925668741,0.02365027375923042,Green
6674,0,0.0004727121558971703,0.17575969355346094,0.035530108435409914,Green
6675,0,9.664749595685861e-05,0.11564344414042438,0.023206006824850356,Green
6676,0,0.0019273764919489622,0.026129746372494978,0.006767850468058164,Green
6677,0,0.00012829168699681758,0.2117919006113924,0.04246101347187592,Green
6678,0,5.4175448167370635e-05,0.07144428479471347,0.014332197317476588,Green
6679,0,0.00021639949700329452,0.06136661056360479,0.01244644171032359,Green
6680,0,0.00031497816671617325,0.06042639050149304,0.012337260633671543,Green
6681,0,4.308455681893975e-05,0.08017212997979646,0.01606889364141444,Green
6682,0,0.0002328887261683121,0.13378343073512913,0.02694299712796047,Green
6683,0,0.005372572876513004,0.061678142032810634,0.016633686707772526,Green
6684,0,0.0011112674023024739,0.08871680011339533,0.018632373944521042,Green
6685,0,0.00022185579582583158,0.08383439758717019,0.0169443641540947,Green
6686,0,8.689271780895069e-05,0.10499846525956141,0.021069207226159438,Green
6687,0,0.00012040732835885138,0.1352552775807388,0.027147381378834837,Green
6688,0,0.001601888262666762,0.17877898850588694,0.03703730831131079,Green
6689,0,8.509662875439973e-05,0.04857381885613781,0.00978284107423108,Green
6690,0,0.00015774876810610295,0.06629713381764361,0.013385625778013603,Green
6691,0,0.0001959498375072144,0.24166872522611005,0.048490504915227765,Green
6692,0,0.0015438753413036465,0.36663645153841307,0.0745623905807255,Green
6693,0,0.00010286169272148982,0.18305970881524583,0.036694231117226354,Green
6694,0,0.00012354679201962424,0.2778799758969527,0.05567483261300622,Green
6695,0,0.0015380353666841983,0.2214971779427249,0.04552986388189233,Green
6696,0,9.74852686340455e-05,0.16889572059428848,0.03385713233376493,Green
6697,0,0.00012712423340417446,0.26159153980117267,0.05242000734695786,Green
6698,0,0.00034538728650659325,0.10947952927706732,0.022172215684618735,Green
6699,0,0.00024295658222399654,0.20081302264050702,0.04035696979388059,Green
6700,0,0.00014882822579238565,0.2041190196678858,0.04094286651421105,Green
6701,0,0.00039834789349697526,0.13311996993491207,0.026942672301779987,Green
6702,0,0.0001144936861237511,0.8100768321773173,0.16210696138436242,Green
6703,0,0.002570715732872486,0.5794237494180742,0.1179413224699128,Green
6704,0,0.0005454169702716171,0.13462930229199233,0.02736219403461575,Green
6705,0,0.00046275630593299865,0.23964973380649351,0.04830015180604509,Green
6706,0,0.0005567641230300069,0.21016402395095268,0.04247821608861453,Green
6707,0,4.5844766282243655e-05,0.14339533527726883,0.028715742868479555,Green
6708,0,0.00020981288980692625,0.12491921079277438,0.02515169247040041,Green
6709,0,0.0011665040394291282,0.2619700828962812,0.053327219810799534,Green
6710,0,0.0005794057156890631,0.18489870297928898,0.03744326516840904,Green
6711,0,0.0030004932894371447,0.10498497155855281,0.023397388943260274,Green
6712,0,5.918163224123418e-05,0.27132225296977536,0.05431179589974804,Green
6713,0,0.0002711658482439816,0.15251610768169402,0.030720154214933983,Green
6714,0,0.0026927257422357798,0.08628704948361017,0.019411590490510656,Green
6715,0,9.73331305431202e-05,0.08476240891369025,0.017030348287172543,Green
6716,0,0.000626510742586106,0.18638980133660601,0.03777916886139008,Green
6717,0,0.00011690508690662683,0.05848343616669662,0.011790211302864624,Green
6718,0,4.4827653618995106e-05,0.20943114444244734,0.04192209101138466,Green
6719,0,0.0002082136372337118,0.1438263419039283,0.028931839290572622,Green
6720,0,0.00017581796855665744,0.35434988474914864,0.07101063132467504,Green
6721,0,0.00012393399520078675,0.06452998413972509,0.013005144024105646,Green
6722,0,0.0020213813986629248,0.10944455437056709,0.023506015993043753,Green
6723,0,0.0008597719832323491,0.2701219198193348,0.054712201550452824,Green
6724,0,0.0001468276313971728,0.1881245695597196,0.03774237601706165,Green
6725,0,0.00037227789289318025,0.24715276410315395,0.049728375134945324,Green
6726,0,0.0002539954526582733,0.20172199302277752,0.04054759496668211,Green
6727,0,0.015055699273943901,0.09885392326481365,0.03181534407211785,Green
6728,0,9.244430475519039e-05,0.3410298917462773,0.06827993379305959,Green
6729,0,0.000525346607901156,0.11327085204047294,0.02307444769441551,Green
6730,0,0.00017486332799308003,0.2372049971502341,0.04758089009244127,Green
6731,0,0.00020853783353231846,0.23596421671343054,0.04735967360951195,Green
6732,0,0.00019654354255180804,0.28551608640461507,0.057260452114964444,Green
6733,0,0.0005913496715947986,0.13693344268483035,0.027859768274241904,Green
6734,0,0.0005354712717235089,0.1085890936079223,0.022146195738963263,Green
6735,0,0.00029106970760039985,0.0393477970928199,0.008102415184644298,Green
6736,0,0.0003574613365344703,0.11075868281395514,0.0224377056320186,Green
6737,0,0.015797212533652783,0.1762584054641887,0.04788945111975996,Green
6738,0,0.0007128399040084332,0.2476763333841364,0.050105538600034014,Green
6739,0,6.160624761832877e-05,0.10650420819369769,0.021350126636834194,Green
6740,0,0.00048311973223462705,0.09721967989584847,0.01983043176495739,Green
6741,0,0.00018456693505868315,0.17333962571219588,0.03481557869048611,Green
6742,0,0.00018468518392182886,0.23209511545916486,0.04656677123897043,Green
6743,0,0.000216619941056706,0.21423404422295875,0.0430201047974371,Green
6744,0,7.36575952032581e-05,0.09293630584531136,0.018646187245224873,Green
6745,0,0.0005162791348993778,0.17329055914386884,0.035071135136693264,Green
6746,0,0.00024065949837677182,0.2135401310839658,0.04290055381549457,Green
6747,0,0.005690399371087551,0.10937347549218528,0.02642701459530709,Green
6748,0,0.0012311092810705303,0.18231543368902633,0.037447974162661685,Green
6749,0,0.0004300339962355793,0.1642858078682892,0.033201188770646296,Green
6750,0,0.00026385021046735344,0.10666851216045434,0.021544782600464746,Green
6751,0,0.00023449828731827437,0.1881606326480527,0.03781972515946515,Green
6752,0,0.000728273403365165,0.08831174950025651,0.01824496862274343,Green
6753,0,0.00014956766099203379,0.03126826334547802,0.006373306797889229,Green
6754,0,0.00011612080052145757,0.13731606063250204,0.027556108766917567,Green
6755,0,0.00010143764375243336,0.14975632875775796,0.030032415866553534,Green
6756,0,0.0005272025824524462,0.08475222661011289,0.01737220738798453,Green
6757,0,0.00125745243858546,0.3715318618079841,0.07531233431246517,Green
6758,0,0.0007660190924070776,0.08182353812946803,0.016977522899819266,Green
6759,0,5.503921129275114e-05,0.20977516905428614,0.041999065179891416,Green
6760,0,0.00030467704782495276,0.1378035667075473,0.02780445497976941,Green
6761,0,0.0010863217408768832,0.3706597711468674,0.07500101162207497,Green
6762,0,0.000276708893943578,0.43540887332630523,0.08730314178041589,Green
6763,0,0.019366554915905,0.2911312718188512,0.07371949829649421,Green
6764,0,0.0349965937435627,0.28275295600986666,0.08454786619682347,Green
6765,0,0.018289129436016082,0.11020320298556034,0.03667194414592493,Green
6766,0,0.007308716420084238,0.3549628881139092,0.07683955075884921,Green
6767,0,0.00029604640149045737,0.5457110988948639,0.10937905690016513,Green
6768,0,0.002250648196786642,0.3272679226499038,0.06725410308741006,Green
6769,0,0.0010886400239542126,0.25371100663525353,0.05161311334621406,Green
6770,0,0.004477301053702832,0.34690951429148204,0.07296374370125866,Green
6771,0,0.0001707804563920945,0.6746978470684415,0.13507619377880192,Green
6772,0,8.309005643241108e-05,0.48927109653885714,0.09792069135291734,Green
6773,0,0.0028534934390336275,0.057910159115052325,0.013864826574237366,Green
6774,0,0.00821657762862742,0.44198827384498884,0.09497091687189968,Green
6775,0,0.005104211252182723,0.388774355961847,0.08183824019411556,Green
6776,0,6.869174467283301e-05,0.10071541167377802,0.020198035730493866,Green
6777,0,0.001095331204123795,0.19732681255481008,0.040341627474261045,Green
6778,0,0.0011674668174237012,0.2660102375830023,0.054136020970539406,Green
6779,0,0.0006898191059008241,0.20173579079596735,0.04089901344391412,Green
6780,0,0.014030645415186881,0.058350902006361005,0.022894696733421704,Green
6781,0,7.044552185107023e-05,0.09801548445413953,0.019659453308308757,Green
6782,0,0.000793339975643903,0.09762326439870227,0.020159324860255574,Green
6783,0,5.442464753286913e-05,0.15765397407452114,0.031574334532930515,Green
6784,0,0.0002860693261027336,0.12483810371356724,0.02519647620359563,Green
6785,0,0.0016539769014343618,0.08464872745847188,0.01825292701284186,Green
6786,0,0.07151908352971076,0.07660680415464263,0.07253662765469714,Green
6787,0,0.00011420806840760632,0.06890042221444449,0.013871450897614981,Green
6788,0,0.00041755434358492494,0.25742161191348334,0.0518183658575646,Green
6789,0,0.00044802188349422065,0.23442944915777847,0.04724430733835106,Green
6790,0,0.00036544302129186694,0.35586903273983517,0.07146616096500051,Green
6791,0,0.004739576950669289,0.08628643834051557,0.021048949228638543,Green
6792,0,0.00013015726872254164,0.19736067006219785,0.039576259827417595,Green
6793,0,0.0007527271460276097,0.21846210395758942,0.04429460250833996,Green
6794,0,8.142666993080639e-05,0.13857540339992164,0.027780222015928967,Green
6795,0,0.000692921387962997,0.16026779364517607,0.032607895839405605,Green
6796,0,0.0007603372796438634,0.68228486637428,0.13706524309857107,Green
6797,0,0.0002623078878968954,0.2475801069910281,0.04972586770852312,Green
6798,0,0.0002681139856576919,0.2276386973437873,0.045742230657283604,Green
6799,0,0.00024057100818026812,0.13909251493846775,0.028010959794237757,Green
6800,0,0.00018014489905908703,0.0960108107672156,0.019346278072690383,Green
6801,0,0.0003392266167793423,0.06477869000954335,0.013227119295332141,Green
6802,0,0.00010850069666048513,0.348657409333806,0.06981828242408958,Green
6803,0,0.00023880283406469972,0.24219702383765412,0.04863044703478257,Green
6804,0,0.00026272485847584904,0.10298287859363833,0.02080675560550834,Green
6805,0,0.0013578924583271144,0.07479135762930657,0.016044585492523,Green
6806,0,0.00187016767449677,0.2039101515052081,0.042278164440639025,Green
6807,0,0.00027521740994416175,0.15833515507458204,0.03188720494287173,Green
6808,0,0.00037383184535428883,0.21020248994805327,0.04233956346589408,Green
6809,0,0.00015969472879078238,0.05230113224206563,0.010587982231445749,Green
6810,0,0.00017455350898671896,0.10474102057515984,0.02108784692222134,Green
6811,0,0.00022171359742060304,0.08249742764784995,0.01667685640750647,Green
6812,0,0.0004938595870044082,0.06597510105994911,0.013590107881593346,Green
6813,0,0.001625659898854792,0.0771257047655952,0.01672566887220287,Green
6814,0,0.0004169899155385792,0.16491430674470206,0.03331645328137127,Green
6815,0,0.0001811834401451051,0.17351500791696034,0.034847948335508146,Green
6816,0,0.001151737943291664,0.026688748897982055,0.006259140134229742,Green
6817,0,4.2126822518184784e-05,0.1531298279634818,0.0306596670507109,Green
6818,0,0.0001518559249234386,0.1955793140489738,0.03923734754973351,Green
6819,0,0.00026355721638537943,0.047378286363162325,0.009686503045740768,Green
6820,0,6.566000229213387e-05,0.04543510592662378,0.009139549187158461,Green
6821,0,0.0002488811616785824,0.22286937130619974,0.044772979190582804,Green
6822,0,0.0006970447022467852,0.08021131880900252,0.01659989952359793,Green
6823,0,0.00021333528857212514,0.037544625136523575,0.0076795932581624135,Green
6824,0,0.000741067761555314,0.766426694541876,0.1538781931176194,Green
6825,0,0.0013521847780793906,0.8150653751584684,0.16409482285415716,Green
6826,0,0.0010372774791903793,0.11270173854244438,0.023370169691841174,Green
6827,0,0.00043496125144883987,0.09025863648197632,0.018399696297554332,Green
6828,0,0.00023281786125153303,0.22029464330160262,0.04424518294932174,Green
6829,0,0.0007070995052345097,0.39465608427376464,0.07949689645894051,Green
6830,0,0.0005185216199606657,0.219179377810263,0.04425069285802112,Green
6831,0,0.004832965275272727,0.14861916673378578,0.03359020556697533,Green
6832,0,0.0017250684322789311,0.06010334102563067,0.013400722950949276,Green
6833,0,0.000500026810914278,0.1895269081686752,0.03830540308246645,Green
6834,0,0.0010532206622883677,0.3424740138381544,0.06933737929746156,Green
6835,0,0.00020522524428088216,0.07488714929227269,0.015141610053879241,Green
6836,0,0.007572790933772921,0.08003347373622507,0.022064927494263347,Green
6837,0,0.0016652687569148838,0.12035053613096673,0.025402322231725248,Green
6838,0,0.0005406817304901779,0.18244821705767406,0.036922188795926944,Green
6839,0,0.00010036796738859266,0.34295756945132844,0.06867180826417654,Green
6840,0,0.0038817038759589194,0.02845283001418029,0.008795929103603193,Green
6841,0,0.00015560668689431622,0.11065703093915236,0.022255891537345918,Green
6842,0,0.00036797411157749597,0.10743993381845923,0.02178236605295384,Green
6843,0,0.0010523011209443212,0.12138821705252735,0.025119484307260923,Green
6844,0,0.00045523574808612464,0.16605470005970285,0.03357512861040946,Green
6845,0,0.0005410321173258126,0.12620938748568528,0.0256747031909977,Green
6846,0,0.00012762049154844133,0.0665841186385418,0.01341892012094711,Green
6847,0,0.00023526376462541522,0.0862723570328041,0.01744268241826115,Green
6848,0,0.03481819685548544,0.09221836611981793,0.046298230708351935,Green
6849,0,0.016318685654550788,0.112829308343572,0.035620810192355024,Green
6850,0,0.0002089824731228873,0.26401836209439283,0.05297085839737686,Green
6851,0,0.0007866052212193609,0.20065746713362598,0.04076077760370068,Green
6852,0,0.00020230195368640125,0.10779499775907916,0.02172084111476495,Green
6853,0,9.360780386487023e-05,0.08410301054525238,0.016895488352142368,Green
6854,0,0.06862009912729262,0.10280783672692913,0.07545764664721992,Green
6855,0,0.00019147566927131266,0.0695649887126268,0.014066178277942407,Green
6856,0,0.0016825006809085606,0.057202906220723646,0.012786581788871576,Green
6857,0,0.003525089146569371,0.03127079562262656,0.009074230441780807,Green
6858,0,0.0008563805953599512,0.08210942751392757,0.01710698997907347,Green
6859,0,0.005005991226062178,0.1300999074859959,0.030024774478048917,Green
6860,0,0.00014651688688900323,0.2114892145839591,0.04241505642630301,Green
6861,0,0.0003401155641768128,0.016330603934941738,0.003538213238329797,Green
6862,0,0.0005215609329752624,0.10962892407810021,0.022343033562000247,Green
6863,0,0.00044495273614302276,0.03317133266490923,0.006990228721896263,Green
6864,0,0.00021405772131402048,0.13725838580502803,0.027622923338056816,Green
6865,0,0.00014356108731590212,0.09911104885968258,0.019937058641789233,Green
6866,0,0.0004818455781787634,0.1373557261616871,0.027856621694880422,Green
6867,0,0.0007739239954389632,0.3790737955915889,0.07643389831466893,Green
6868,0,0.0006587879499420524,0.25256675524740113,0.05104038140943386,Green
6869,0,0.0002391822636127472,0.1619833057139149,0.03258800695367317,Green
6870,0,0.000921248272061348,0.14566343103385457,0.029869684824419984,Green
6871,0,9.508873481536284e-05,0.16585182392225845,0.033246435772303976,Green
6872,0,0.00045200870372354986,0.3026769452101059,0.06089699600500001,Green
6873,0,0.0005933297448791564,0.3031958277124055,0.061113829338384405,Green
6874,0,0.0007371398736722768,0.09216403759896408,0.019022519418730635,Green
6875,0,0.0003135434060823172,0.29713026211653815,0.05967688714817347,Green
6876,0,0.000771404430270195,0.14190001241081165,0.02899712602637848,Green
6877,0,0.004555278597399593,0.03143942807566799,0.00993210849305327,Green
6878,0,0.00015203561342786996,0.23889788329457637,0.04790120514965755,Green
6879,0,0.0005418801971245556,0.16360806316425433,0.033155116790550505,Green
6880,0,0.00013106915866956115,0.030202477585729474,0.0061453508440815425,Green
6881,0,0.001973543060012162,0.01645994937738935,0.004870824323487599,Green
6882,0,0.0002542710630223155,0.2821688432987779,0.05663718551017342,Green
6883,0,0.0007265583146363497,0.3132263932944791,0.0632265253106049,Green
6884,0,0.0002978337928652763,0.17206634466307724,0.03465153596690766,Green
6885,0,0.00080700883991085,0.0333542261223768,0.007316452296404038,Green
6886,0,0.01410828810185194,0.07749643722821042,0.026785917927123634,Green
6887,0,0.0001103856207919307,0.048727180838138685,0.009833744664261278,Green
6888,0,0.0005455895909108222,0.10222533107221159,0.02088153788717097,Green
6889,0,0.003236723085865378,0.05109434787996992,0.012808248044686284,Green
6890,0,0.005771486461162567,0.12538576550793198,0.029694342270516445,Green
6891,0,0.0019658788107335566,0.04706576653790554,0.010985856356167951,Green
6892,0,0.002731797844171524,0.13195207835591735,0.028575853946520683,Green
6893,0,0.00023015427868813278,0.07941963885838788,0.016068051194628077,Green
6894,0,0.00036671962589025493,0.19757104787895716,0.039807585276503625,Green
6895,0,0.0017096953932195901,0.11677793233449615,0.024723342781474898,Green
6896,0,0.0010840795002877712,0.23243843198438333,0.04735494999710688,Green
6897,0,0.002293000731151551,0.05791369545330367,0.013417139675581972,Green
6898,0,7.132878381526098e-05,0.1718288043946817,0.034422823905988546,Green
6899,0,7.855401927372442e-05,0.3700595958240362,0.0740747623802262,Green
6900,0,0.0001554789603687823,0.30779367399707025,0.06168311796770906,Green
6901,0,0.000499426608439535,0.30451812681925006,0.06130316665060162,Green
6902,0,0.0014976980164647102,0.2832377388579423,0.05784570618476021,Green
6903,0,0.0008986117551103235,0.24399811748226277,0.0495185129005408,Green
6904,0,0.0001604015997145325,0.2784014650705855,0.05580861429388871,Green
6905,0,3.9891487540444365e-05,0.16934533967742602,0.03390098112551755,Green
6906,0,5.6619833048898724e-05,0.24432975238455498,0.048911246343350104,Green
6907,0,0.0005810747505165636,0.1636495286635884,0.03319476553313092,Green
6908,0,0.00020613377273548394,0.0963268110308803,0.019430269224364444,Green
6909,0,0.0002628772082971409,0.10128357442247307,0.020467016651132323,Green
6910,0,0.00011625708430074155,0.14084541073755433,0.028262087814951452,Green
6911,0,0.0002731760439928621,0.16947412628211472,0.03411336609161723,Green
6912,0,0.0001877039991086349,0.13448711379372502,0.027047585958031906,Green
6913,0,0.00026258952566422523,0.0481172543374709,0.009833522488025558,Green
6914,0,0.00014888230070937426,0.13585355672694466,0.027289817185956425,Green
6915,0,4.17608051066054e-05,0.07032996609832973,0.014099401863751226,Green
6916,0,0.0006259824382141233,0.19239364828127947,0.038979515606827185,Green
6917,0,0.010111038759350776,0.10057343931608817,0.02820351887069825,Green
6918,0,0.000628833845257759,0.05002970606096893,0.010509008288399992,Green
6919,0,6.647853879258037e-05,0.0698526767269542,0.0140237181764249,Green
6920,0,5.5190627608681095e-05,0.1278282757810882,0.02560980765830458,Green
6921,0,0.0008298828091938048,0.04680304483052383,0.010024515213459808,Green
6922,0,0.00016269963525701315,0.20935160358960922,0.042000480426127446,Green
6923,0,0.0011752970982342958,0.1288135750890509,0.02670295269639761,Green
6924,0,0.0005214089993387461,0.07735722065145363,0.015888571329761722,Green
6925,0,0.00010826110083144157,0.29943917217773386,0.05997444331621191,Green
6926,0,0.00036169812083244326,0.23347540676611392,0.04698443984988873,Green
6927,0,0.005384246073663235,0.12999078918622883,0.030305554696176348,Green
6928,0,0.00046013874234631654,0.13223791768598103,0.026815694531073256,Green
6929,0,0.00040631294832564884,0.25358184475064444,0.051041419308789394,Green
6930,0,0.0012197913369163872,0.10963335605423682,0.02290250428038047,Green
6931,0,5.935528170084581e-05,0.18330732354807308,0.03670894893497528,Green
6932,0,0.00013578133075498044,0.048178756488292916,0.009744376362262566,Green
6933,0,0.0005617178627289831,0.07974742110296718,0.016398858510776618,Green
6934,0,0.0003346814482938498,0.09335105542056582,0.01893795624274824,Green
6935,0,0.0008478257921524345,0.07739790691987157,0.016157842017696256,Green
6936,0,0.0010203229496255517,0.18140531918763045,0.03709732219722652,Green
6937,0,0.00010707238761824556,0.12709655674937903,0.025504969259970398,Green
6938,0,0.0005248160916380584,0.053529895221794396,0.011125831917669323,Green
6939,0,0.00023163506411947308,0.09977448333712227,0.020140204718720026,Green
6940,0,0.00010724114254117012,0.1388443208080204,0.02785465707563701,Green
6941,0,0.00013114582689013332,0.12469457849646601,0.0250438323608053,Green
6942,0,0.005434726644307375,0.10196812250884359,0.024741405817214613,Green
6943,0,0.0034643278922885656,0.07191465122000763,0.017154392557832375,Green
6944,0,0.001036494126310572,0.2040880900163732,0.041646813304323085,Green
6945,0,0.0005896864109672605,0.08699913430296816,0.017871575989367436,Green
6946,0,0.0007274792063981294,0.09457653932604798,0.019497291230328093,Green
6947,0,0.00875813104212284,0.10318088768915086,0.02764268237152844,Green
6948,0,0.0010572944418527185,0.07428527623888825,0.015702890801259823,Green
6949,0,7.434136568917893e-05,0.21455866742049176,0.04297120657664969,Green
6950,0,0.0010818280279636383,0.10949881624106818,0.02276522567058454,Green
6951,0,0.00032841673237271607,0.210854047639551,0.04243354291380837,Green
6952,0,6.0992392536718396e-05,0.28494231347362,0.057037256608753355,Green
6953,0,6.313442281680182e-05,0.155715920570097,0.031193691652272836,Green
6954,0,6.0089869657531386e-05,0.5243260704973363,0.10491328599519326,Green
6955,0,0.00041091495077125726,0.5318496896227481,0.1066986698851666,Green
6956,0,0.0042510728351771825,0.7624770570259702,0.15589626967333575,Green
6957,0,0.000448406778741628,0.4708070259760928,0.09452013061821184,Green
6958,0,0.001628554193302989,0.3237838326865604,0.06605960989195446,Green
6959,0,0.0010142052778974175,0.17819277787771487,0.0364499197978609,Green
6960,0,0.0008047706272918731,0.22648128579218618,0.045940073660270725,Green
6961,0,0.0011927472427487374,0.302407384670824,0.061435674728363775,Green
6962,0,0.005030237231403589,0.30700792016035544,0.06542577381719394,Green
6963,0,0.0012858654838055373,0.4439872149537129,0.089826135377787,Green
6964,0,0.002113826002459973,0.22722111486837515,0.047135283775643,Green
6965,0,0.0005006193823646754,0.18923234667536531,0.03824696484096479,Green
6966,0,0.0007484939997084439,0.4404157272269948,0.0886819406451657,Green
6967,0,0.0007073605607729405,0.40240052598108833,0.081045993644836,Green
6968,0,0.0007790958508849144,0.34090156435061253,0.06880358955083042,Green
6969,0,0.0006356552825309336,0.328695751387756,0.06624767450357594,Green
6970,0,0.00107411730568856,0.30583826366138306,0.062026946576827446,Green
6971,0,0.0029616748448461298,0.31030673911709117,0.06443068769929512,Green
6972,0,0.004178127064369618,0.045204478530788836,0.01238339735765346,Green
6973,0,0.00811525359749794,0.13265549372700022,0.03302330162339839,Green
6974,0,0.0001682634116150439,0.045989958261118305,0.009332602381515695,Green
6975,0,0.0006779083400033415,0.20246462819570207,0.04103525231114308,Green
6976,0,0.00020854790636803955,0.11184976594627431,0.02253679151434929,Green
6977,0,9.193667938234285e-05,0.43538713058545614,0.08715097546059708,Green
6978,0,0.0001439207699149847,0.2960169856769223,0.05931853375131644,Green
6979,0,0.0007549532689154147,0.0327899980914778,0.00716196223342789,Green
6980,0,0.0003173942852299661,0.03794085058803732,0.007842085545791435,Green
6981,0,0.0001907768804812804,0.08373755112682756,0.016900131729750533,Green
6982,0,0.0006819881382398307,0.23048715481975543,0.04664302147454294,Green
6983,0,7.634742505615577e-05,0.28476477779616827,0.05701403349927856,Green
6984,0,0.00017335356096737087,0.11725594367543975,0.02358987158386184,Green
6985,0,0.00021069044596515595,0.4270295579364525,0.08557446394406261,Green
6986,0,7.68390509620076e-05,0.31292435225094284,0.06264634169095816,Green
6987,0,0.00018709637806750833,0.6435188355063174,0.12885344420371744,Green
6988,0,0.0001220829537487589,0.26094960837411474,0.05228758803782194,Green
6989,0,0.0009727983968332409,0.7624234579024942,0.15326293029796542,Green
6990,0,6.606211245525628e-05,0.5156610551508468,0.10318506072013355,Green
6991,0,0.0003610195417422801,0.3910682543542241,0.07850246650423863,Green
6992,0,0.00038098480436019597,0.32571424419193307,0.06544763668187475,Green
6993,0,0.005609363690018653,0.3577465849967918,0.07603680795137327,Green
6994,0,0.009804166667163373,0.5966095319839353,0.12716523973051772,Green
6995,0,0.000936959101818502,0.7853903204158964,0.15782763136463407,Green
6996,0,0.002313149906694889,0.1772466489758558,0.037299849720527065,Green
6997,0,7.983185205375775e-05,0.17709102925732556,0.03548207133310811,Green
6998,0,0.015062337554991244,0.2710623506496488,0.06626234017392274,Green
6999,0,0.00011450665624579415,0.24689563155575958,0.04947073163614854,Green
7000,0,0.0005220820661634207,0.16744640983339643,0.033906947619610016,Green
7001,0,0.00014717756130266935,0.19968643845862896,0.04005502974076792,Green
7002,0,0.0026837057434022423,0.5832525582709511,0.11879747624891199,Green
7003,0,5.693183775292709e-05,0.39490424177816275,0.07902639382583487,Green
7004,0,0.003840494342148304,0.46943273013997217,0.09695894150171305,Green
7005,0,0.000340672250604257,0.4630087210108869,0.09287428200266076,Green
7006,0,0.0002662587619852274,0.15851716769371565,0.0319164405483313,Green
7007,0,0.0005621191550744698,0.2163558210709925,0.043720859538258064,Green
7008,0,0.0008409735164605081,0.11619229378048389,0.02391123756926518,Green
7009,0,0.00016181714308913798,0.17983429849127636,0.03609631341272657,Green
7010,0,0.00039192221011035143,0.21346842854122214,0.0430072234763327,Green
7011,0,0.0024368180194869636,0.11904677699637331,0.025758809814864225,Green
7012,0,0.0009725174866616725,0.12472905171564022,0.025723824332457377,Green
7013,0,0.00025594573235139246,0.11464708822278026,0.023134174230437163,Green
7014,0,0.00014784304366912692,0.1768162158553705,0.03548151760600939,Green
7015,0,0.00013033363211434335,0.2654333591461595,0.053190938734923365,Green
7016,0,0.00011912842455785722,0.22140467404972702,0.044376237549591684,Green
7017,0,7.745601542410442e-05,0.10997380779731433,0.022056726371802147,Green
7018,0,5.227190486039035e-05,0.1997583238044623,0.039993482284780765,Green
7019,0,0.00026145680458284916,0.13570144699904288,0.027349454843474848,Green
7020,0,0.014761091209948063,0.12474409329773747,0.036757691627505945,Green
7021,0,0.0011215283069759608,0.12851296368614554,0.02659981538280987,Green
7022,0,0.0001707209157757461,0.06030478717740687,0.01219753416810197,Green
7023,0,0.00018978828593390064,0.10761841443799985,0.021675513516347084,Green
7024,0,0.00010821923497132956,0.11300901972308956,0.02268837933259497,Green
7025,0,5.893246052437462e-05,0.07499456304566532,0.015046058577552559,Green
7026,0,0.00011992018262390049,0.1359260228184108,0.02728114070978127,Green
7027,0,0.0002700094715692103,0.17531597409829203,0.03527920239691376,Green
7028,0,0.00010553309257375077,0.15474447526972562,0.031033321528004115,Green
7029,0,0.001167353242635727,0.12467338054299877,0.025868558702708332,Green
7030,0,0.00064466962357983,0.0518382219869033,0.01088338009624452,Green
7031,0,7.057951079332271e-05,0.11613535018505922,0.023283533645646497,Green
7032,0,0.00032174293883144853,0.11375946787015909,0.02300928792509697,Green
7033,0,0.00019370241498108953,0.2684816330768365,0.053851288547352154,Green
7034,0,7.79064735979773e-05,0.47017582317656015,0.09409748981419039,Green
7035,0,0.000171517429407686,0.7515729264087913,0.15045179922528437,Green
7036,0,8.038378291530535e-05,0.12814519131184596,0.02569334528870143,Green
7037,0,0.00030854250071570276,0.18131738412233595,0.03651031082503974,Green
7038,0,8.761757853790187e-05,0.34976034868163475,0.07002216379915725,Green
7039,0,5.118158733239397e-05,0.2931686339828183,0.05867467206642956,Green
7040,0,8.755708986427635e-05,0.22640169169722296,0.045350384011336,Green
7041,0,3.350985061842949e-05,0.20873250131949056,0.04177330814439285,Green
7042,0,0.00014718708844156935,0.1763751780847943,0.035392785287712114,Green
7043,0,0.00022210442693904042,0.39552290098750587,0.0792822637390524,Green
7044,0,0.0007090528029948472,0.5007158457892957,0.100710411400255,Green
7045,0,0.00015644599043298512,0.2298073316316305,0.04608662311867248,Green
7046,0,0.0004437092051375657,0.3034020330215428,0.06103537396841859,Green
7047,0,3.465116933512035e-05,0.2238140762104758,0.04479053617756325,Green
7048,0,0.000101507332874462,0.277796379701678,0.05564048180663515,Green
7049,0,0.0001020717027131468,0.20267026624485454,0.040615710611141415,Green
7050,0,4.485335521167144e-05,0.2631542912977852,0.05266674094372637,Green
7051,0,4.533743849606253e-05,0.2485583132667425,0.04974793260414534,Green
7052,0,5.810837901663035e-05,0.14862683362693993,0.029771853428601284,Green
7053,0,0.0001653790386626497,0.15692041314290733,0.03151638585951158,Green
7054,0,0.00013320771977305413,0.35910563257672434,0.0719276926911633,Green
7055,0,0.00016859688330441716,0.14028946582430732,0.028192770671504993,Green
7056,0,0.00014094890211708845,0.3113100904571197,0.0623747772131176,Green
7057,0,0.00010218635579803959,0.1986814952904212,0.03981804814272267,Green
7058,0,5.568148262682371e-05,0.3189219436777328,0.06382893392164801,Green
7059,0,0.00017018905782606453,0.8208607020014789,0.16430829164655658,Green
7060,0,0.00023841582587920128,0.8013744473762292,0.16046562213594917,Green
7061,0,9.324543934781105e-05,0.7519852012499144,0.1504716366014611,Green
7062,0,3.894671390298754e-05,0.6577526346729268,0.1315816843057077,Green
7063,0,0.0003424997557885945,0.5627662854680623,0.1128272568982433,Green
7064,0,5.804532993352041e-05,0.5686373336023253,0.11377390298441185,Green
7065,0,7.929592684376984e-05,0.5370394232834936,0.10747132139817372,Green
7066,0,0.0012543666642159223,0.32970017914223454,0.06694352915981963,Green
7067,0,0.00038545688148587946,0.07843828478864244,0.01599602246291719,Green
7068,0,8.355100435437634e-05,0.481447158321292,0.09635627246774188,Green
7069,0,0.0001901264942716807,0.0845250471143177,0.01705711061828088,Green
7070,0,0.000692510197404772,0.2619807616199799,0.052950160481919785,Green
7071,0,0.0003735430829692632,0.40433463701120564,0.08116576186861651,Green
7072,0,0.0007095195236615836,0.330244500802596,0.06661651577944845,Green
7073,0,0.00035544632119126617,0.5247850387905986,0.10524136481507271,Green
7074,0,0.00016703550354577601,0.7132939143796122,0.14279241127875902,Green
7075,0,9.185127710225061e-05,0.12332739429331513,0.02473895988034482,Green
7076,0,0.0001597587484866381,0.05488086675158139,0.011103980349105586,Green
7077,0,6.0586851031985137e-05,0.4145911057738315,0.08296669063559187,Green
7078,0,0.00032764712232165034,0.3493841319927831,0.07013894409641393,Green
7079,0,0.0001561664044857025,0.6749125678826554,0.1351074467001196,Green
7080,0,0.0006457313080318271,0.14154683907117188,0.02882595286065983,Green
7081,0,0.000132516649318859,0.13241022289512877,0.026588057898480833,Green
7082,0,0.00032188980258069934,0.6761194857763658,0.1354814089973377,Green
7083,0,0.0019676922354847194,0.1846148440064988,0.03849712258968752,Green
7084,0,0.000145621775300242,0.30565340581457656,0.061247178583155495,Green
7085,0,0.0009530728682875633,0.4424881731737541,0.08926009292938085,Green
7086,0,0.00019806006748694925,1.0,0.20015844805398952,Green
7087,0,0.0011752362945117057,0.8999864767681582,0.18093748438924095,Green
7088,0,0.00048570046783424914,0.5986028071230306,0.1201091217988735,Green
7089,0,0.0006786105106584728,0.5533392396101909,0.11121073633056494,Green
7090,0,0.0004285445378627628,0.683878501426247,0.13711853591553957,Green
7091,0,4.583376867230982e-05,0.19971831257426625,0.03998032952979109,Green
7092,0,0.00038060008664615453,0.3514821028526675,0.0706009006398504,Green
7093,0,0.00035647007171064616,0.7326377722074537,0.14681273049885923,Green
7094,0,6.92307876306586e-05,0.6247790959242123,0.12501120381494696,Green
7095,0,9.3256875697989e-05,0.45301709285327985,0.09067802407121434,Green
7096,0,0.0006380267906934023,0.7371585632424732,0.14794213408104934,Green
7097,0,0.0003954776097089052,0.6145434879710854,0.12322507968198418,Green
7098,0,0.00015842825523577632,0.6086881734516391,0.1218643772945164,Green
7099,0,0.0031833488959819075,0.313607893063035,0.0652682577293925,Green
7100,0,0.0012603053357452152,0.3644163411687587,0.0738915125023479,Green
7101,0,0.0026214946061372756,0.3929793055813881,0.08069305680118742,Green
7102,0,0.00015073978574946522,0.22124160220828917,0.044368912270257396,Green
7103,0,0.0001605824858415872,0.854644986188759,0.17105746322642504,Green
7104,0,0.00046540753683075307,0.21919792238907493,0.04421191050727958,Green
7105,0,0.0001519381330581382,0.24653538070729364,0.049428626647905226,Green
7106,0,0.0002238692424725741,0.13483668669609442,0.027146432733196935,Green
7107,0,0.0009079988696612418,0.11229558063909062,0.02318551522354711,Green
7108,0,0.000517096312250942,0.635985440059641,0.12761076506172891,Green
7109,0,0.00017130943888332695,0.07770955006252382,0.01567895756361142,Green
7110,0,0.0001496933458838612,0.14651764710696105,0.029423284098099294,Green
7111,0,0.0004994451068341732,0.19330607721179247,0.03906077152782582,Green
7112,0,0.002294887974858284,0.23744939955284036,0.04932579029045469,Green
7113,0,0.00029323663329705596,0.10084001799701711,0.020402592906041066,Green
7114,0,0.00012606608506757767,0.27188893608231157,0.05447864008451637,Green
7115,0,0.001211653952486813,0.2906806453518348,0.0591054522323564,Green
7116,0,0.0001665748277446255,0.2757002918725366,0.055273318236703006,Green
7117,0,0.002252222481183708,0.2589655237055416,0.053594882726055275,Green
7118,0,0.0004809224454220384,0.31351804739900496,0.06308834743613861,Green
7119,0,0.0007675413624383509,0.07346722728539912,0.0153074785470305,Green
7120,0,0.00017151701322291047,0.07087671477244108,0.014312556565066541,Green
7121,0,0.0044283241964876655,0.17867134868529302,0.03927692909424873,Green
7122,0,0.0003380107213160954,0.11328389184327656,0.022927186945708184,Green
7123,0,0.00010888287069974468,0.0542877479154998,0.010944655879659752,Green
7124,0,0.0003631799132563174,0.4344675568080195,0.08718405529220893,Green
7125,0,0.00013132089225109667,0.3464465340379756,0.06939436352139597,Green
7126,0,0.0005876714363694191,0.02469569605409393,0.00540927635991432,Green
7127,0,0.00027475577953737227,0.05857669875456302,0.0119351443745425,Green
7128,0,0.0002658508077729493,0.08675841260516154,0.017564363167250664,Green
7129,0,0.00010028902179328724,0.087093068081343,0.017498844833703224,Green
7130,0,0.0007023784855846316,0.09894618230769828,0.020351139250007356,Green
7131,0,0.024652159959077838,0.0987038530837926,0.03946249858402079,Green
7132,0,7.035404341877438e-05,0.17636778321211863,0.035329839877158736,Green
7133,0,0.0014200130477547647,0.2002573586247161,0.04118748216314703,Green
7134,0,0.010758803412318229,0.06940360015507731,0.022487762760870042,Green
7135,0,0.00023505217977799476,0.021324415505862105,0.004452924844994816,Green
7136,0,0.0009669159422628582,0.12638983733096046,0.026051500220002372,Green
7137,0,0.0002984664111863822,0.13179078981381748,0.026596931091712597,Green
7138,0,0.007652460224926471,0.5079201975709823,0.10770600769413761,Green
7139,0,0.0005385051365010441,0.48245421923876447,0.09692164795695371,Green
7140,0,0.001462430285755545,0.01673864451136908,0.004517673130878251,Green
7141,0,0.00112516829976812,0.0675959426658416,0.014419323172982813,Green
7142,0,0.001979856356047094,0.03089295752071983,0.00776247658898164,Green
7143,0,0.007161260023713111,0.044387352817612254,0.014606478582492938,Green
7144,0,0.00019831124227494002,0.135681935130013,0.027295036019822545,Green
7145,0,0.0008903679088689386,0.05412599651579335,0.011537493630253817,Green
7146,0,0.0015758086345158517,0.04230894085320757,0.009722435078254195,Green
7147,0,0.004112460417672992,0.044888362909924685,0.012267640916123328,Green
7148,0,8.948525937739759e-05,0.05323639896270725,0.010718868000043366,Green
7149,0,0.0005221849423833191,0.2812798264523814,0.05667371324438293,Green
7150,0,0.00015408112521981822,0.268953487900858,0.05391396248034744,Green
7151,0,0.0005829468136653304,0.0353583829278344,0.007538034036499143,Green
7152,0,0.00021847226889804006,0.12218887080587912,0.02461255197629425,Green
7153,0,0.0003758139268029481,0.2188316601194512,0.04406698316533259,Green
7154,0,0.0014134704135358334,0.2271269988725731,0.04655617610534328,Green
7155,0,0.003834030218422413,0.1525957674231318,0.033586377659364286,Green
7156,0,0.0004444180056452751,0.06056035705959647,0.012467605816435511,Green
7157,0,0.0002057886158581823,0.06340555159853167,0.012845741212392877,Green
7158,0,0.00020855069160461424,0.09813624994636243,0.019794090542556174,Green
7159,0,0.001662371982820332,0.09942288813057346,0.021214475212370954,Green
7160,0,0.0008083598571829498,0.050629776447064644,0.010772643175159287,Green
7161,0,0.004792211065068841,0.09944119349677982,0.023722007551411035,Green
7162,0,0.00513248723000288,0.09428587498751105,0.02296316478150451,Green
7163,0,0.0019164681201800705,0.08347287595997031,0.018227749688138117,Green
7164,0,0.0016376964747905733,0.14272016226611942,0.029854189633056333,Green
7165,0,0.00016192557814065367,0.17066932467199697,0.03426340539691191,Green
7166,0,0.0007078879512846469,0.13033698673821592,0.026633707708670896,Green
7167,0,0.00035740555613301695,0.08947738191893036,0.01818140082869248,Green
7168,0,0.013938663341104983,0.060068074291846754,0.023164545531253335,Green
7169,0,7.365057972492651e-05,0.17428232523472922,0.03491538551072578,Green
7170,0,0.02161824833601713,0.07117903495814532,0.03153040566044277,Green
7171,0,0.00010974871111102402,0.1021127389469109,0.020510346758270997,Green
7172,0,0.005629364214837551,0.16730172537921167,0.03796383644771237,Green
7173,0,0.0004059035185491666,0.2631438605470048,0.05295349492424028,Green
7174,0,0.0007101527298800647,0.17839843384975246,0.03624780895385453,Green
7175,0,0.0011632106034085155,0.08302720261493894,0.017536009005714597,Green
7176,0,0.005776851018890738,0.2280636693168945,0.050234214678491484,Green
7177,0,0.007539766235277056,0.059624250467613174,0.017956663081744276,Green
7178,0,0.0003513347764965147,0.09724411198403576,0.019729890218004358,Green
7179,0,0.00023550665355287492,0.037182872958972595,0.007624979914636817,Green
7180,0,0.0008744558552280068,0.11980934448107429,0.024661433580397258,Green
7181,0,0.00043753983918577434,0.2427803437560946,0.04890610062256753,Green
7182,0,0.0014566616388037802,0.09096504079791048,0.01935833747062512,Green
7183,0,0.00014259680028771982,0.19250152159742942,0.03861438175971605,Green
7184,0,0.00019027156376978384,0.26151007964865786,0.05245423318074739,Green
7185,0,0.010798349883407353,0.09531033230566922,0.027700746367859727,Green
7186,0,0.0001097535525332205,0.1382792067164964,0.02774364418532585,Green
7187,0,0.00011454058258095757,0.2185338626946296,0.04379840500499067,Green
7188,0,0.004295569099485874,0.11875148567386241,0.02718675241436118,Green
7189,0,0.0011188523145392536,0.11181199573861376,0.023257480999354152,Green
7190,0,0.00040061280014924705,0.18497034528362744,0.03731455929684487,Green
7191,0,0.0021400417666882277,0.14183677362798952,0.03007938813894848,Green
7192,0,0.00010494563466636463,0.044469349445754786,0.008977826396884046,Green
7193,0,0.00014086465816944837,0.07292292740701947,0.01469727720793945,Green
7194,0,0.0033398772589862346,0.18615695435435645,0.03990329267806027,Green
7195,0,0.0002506472636014223,0.11642788422917787,0.023486094656716704,Green
7196,0,0.00014905724092386662,0.1200395018146195,0.024127146155662988,Green
7197,0,0.00014400168874999507,0.3441538742808182,0.06894597620716363,Green
7198,0,0.02969825118780136,0.15088326122296905,0.05393525319483489,Green
7199,0,0.002470923378132284,0.06743384925835254,0.01546350855417633,Green
7200,0,0.0004630203125998378,0.32189995870712895,0.06475040799150565,Green
7201,0,0.007701592333614826,0.05073154912505287,0.016307583691902435,Green
7202,0,0.0004448377003427595,0.13113954572821596,0.026583779305917394,Green
7203,0,0.00036744906101375817,0.12790888213149565,0.02587573567511013,Green
7204,0,9.221745567629115e-05,0.2087261179567715,0.04181899755589532,Green
7205,0,0.00010279455309500917,0.13566334672100022,0.027214904986676045,Green
7206,0,0.00018438330444041638,0.16411415931787657,0.03297033850712764,Green
7207,0,0.0017812503268942238,0.20680221361250842,0.042785442984017055,Green
7208,0,0.002690993994474411,0.06985653521112088,0.0161241022378037,Green
7209,0,0.0009204073343425989,0.046678107790447614,0.010071947425563601,Green
7210,0,0.00257611908018589,0.1044289999070681,0.022946695245562327,Green
7211,0,0.0007297464413568378,0.17776143831767427,0.03613608481662032,Green
7212,0,6.861167421448044e-05,0.20489632318299042,0.041034153975969656,Green
7213,0,0.0006267258548177778,0.09028863547020571,0.01855910777789536,Green
7214,0,0.000612909987103194,0.2369258500680946,0.047875498003301466,Green
7215,0,0.0008775966824032366,0.31501650049473756,0.06370537744487009,Green
7216,0,0.001154818621580489,0.0923612170651959,0.019396098310303568,Green
7217,0,0.002573245228268206,0.12960331769723446,0.02797925972206145,Green
7218,0,0.005325162690132857,0.14831070739446964,0.03392227163100021,Green
7219,0,0.002565353596583009,0.11306482371358031,0.024665247619982466,Green
7220,0,0.0005683798459358512,0.12076174785040572,0.02460705344682982,Green
7221,0,0.00042036508675664664,0.06092270100007859,0.012520832269421033,Green
7222,0,0.0003684443479869514,0.17615613633063773,0.0355259827445171,Green
7223,0,0.00036684205988422034,0.11613211444116438,0.023519896536140245,Green
7224,0,0.0006337465601973236,0.04616984985663021,0.0097409672194839,Green
7225,0,6.543950221384875e-05,0.1962484367620096,0.03930203895417299,Green
7226,0,0.0023688206681981685,0.3773768375260307,0.07737042403976464,Green
7227,0,0.001124850194901228,0.08563068816261506,0.018026017788443992,Green
7228,0,0.00034670153690967713,0.06246494791693797,0.012770350812915332,Green
7229,0,0.01959686800837517,0.06170177444690316,0.028017849296080765,Green
7230,0,0.001695592748001218,0.07348878487415775,0.01605423117323252,Green
7231,0,0.00023140748380683361,0.10803324639069276,0.021791775265184013,Green
7232,0,0.0020826922729611395,0.1517735884884734,0.03202087151606358,Green
7233,0,0.00022043136414140463,0.18561041931922212,0.03729842895515754,Green
7234,0,0.0060709906741976735,0.10347725434324845,0.025552243408007824,Green
7235,0,0.0018273767083883286,0.035495060562377924,0.008560913479186246,Green
7236,0,0.0003818177967332304,0.0653258614024725,0.013370626517881082,Green
7237,0,0.00015216972096823155,0.1451335495652012,0.02914844568981482,Green
7238,0,0.0002622346306452528,0.12614770778971307,0.025439329262458812,Green
7239,0,0.0030723990290425717,0.13583607888838456,0.029625135000910963,Green
7240,0,0.001618953188881278,0.07680657803698786,0.016656478158502592,Green
7241,0,0.032340091094374655,0.11530313147468661,0.04893269917043704,Green
7242,0,0.0015204956522211432,0.10130113785958227,0.021476624093693365,Green
7243,0,0.0001794701296603307,0.09185273284968824,0.01851412267366591,Green
7244,0,6.50777481496334e-05,0.23088228948636896,0.046228520095793486,Green
7245,0,0.00038859213818795977,0.13850411382894906,0.028011696476340175,Green
7246,0,0.00024409514735452832,0.09149919727938148,0.018495115573759918,Green
7247,0,0.000689764751587063,0.22416587222298984,0.045384986245867606,Green
7248,0,0.04004495944827795,0.15585400546232014,0.06320676865108638,Green
7249,0,6.778825263609178e-05,0.1291024309195855,0.02587471678602597,Green
7250,0,0.0003242995415348559,0.053681196337658554,0.010995678900759594,Green
7251,0,0.003244884544983506,0.09915376613897338,0.022426660863781478,Green
7252,0,0.00015145644429139792,0.04536858764334963,0.009194882684103043,Green
7253,0,0.001346724934410304,0.07313843174881056,0.015705066297290352,Green
7254,0,0.0003423472284339368,0.15533888945246352,0.03134165567323985,Green
7255,0,0.00020944321586284785,0.12371092306349113,0.024909739185388496,Green
7256,0,0.0004348306974861771,0.13478488605900982,0.0273048417697909,Green
7257,0,0.001538744114805013,0.0864652519899341,0.018524045689830824,Green
7258,0,0.000449207829660736,0.20874828235276052,0.04210902273428068,Green
7259,0,0.00036608192604035137,0.17385733550869237,0.03506433264257074,Green
7260,0,0.00017641590820858256,0.20728557930959082,0.04159824858848502,Green
7261,0,0.00017329902620986102,0.04799341717478621,0.00973732265592513,Green
7262,0,0.00016643668932374566,0.1004259192469951,0.020218333200858012,Green
7263,0,0.0007257439661771058,0.1664905303541656,0.0338787012437748,Green
7264,0,0.00015476104890694843,0.10820489963345105,0.021764788765815765,Green
7265,0,0.00016776969423517587,0.17461258870542168,0.03505673349647247,Green
7266,0,0.00024966274504549806,0.3038420064563483,0.060968131487306045,Green
7267,0,0.00025755169917829335,0.057256500938923045,0.011657341547127241,Green
7268,0,0.0003043711942154914,0.18431385712645598,0.03710626838066358,Green
7269,0,0.00020264455233700576,0.18852694691962013,0.03786750502579362,Green
7270,0,0.02643052414059639,0.08679294926023258,0.03850300916452362,Green
7271,0,0.017462736926972866,0.09909283482817832,0.033788756507213955,Green
7272,0,0.07818533331155778,0.08507749404435054,0.07956376545811632,Green
7273,0,0.00041721282468643045,0.1589397848984742,0.03212172723944398,Green
7274,0,0.00032870920258574186,0.0209547895649045,0.004453925275049492,Green
7275,0,0.0006868623080663383,0.1401747998141205,0.028584449809277167,Green
7276,0,0.00012925380433443935,0.1986111317235416,0.03982562938817587,Green
7277,0,0.00062898441683501,0.11112420507102758,0.02272802854767352,Green
7278,0,0.0003244586667278781,0.15983184387665636,0.03222593570871357,Green
7279,0,0.00018544268968980762,0.10910081797567865,0.021968517746887573,Green
7280,0,0.00042925171437673275,0.20525626659130927,0.04139465468976323,Green
7281,0,0.0004723403253592551,0.1546835008757796,0.03131457243544332,Green
7282,0,0.00040430132648907604,0.04130659175689819,0.008584759412570897,Green
7283,0,0.009139626566320658,0.19042434159289684,0.04539656957163589,Green
7284,0,0.0009197242208756506,0.14731039707321847,0.030197858791344206,Green
7285,0,0.0030762196052819494,0.1420928166688368,0.030879539017992914,Green
7286,0,0.0002785924851195887,0.1620379361967503,0.03263046122744573,Green
7287,0,0.00014783543883822858,0.16928361123595212,0.033974990598261,Green
7288,0,0.0001662390073761344,0.08970523505385937,0.018074038216672778,Green
7289,0,0.00015437031688634307,0.043668405905117384,0.008857177434532548,Green
7290,0,0.0001323610165854916,0.033426256099132204,0.006791140033094832,Green
7291,0,0.00022926246747374536,0.12818160554048594,0.025819731082076178,Green
7292,0,0.0004983952618204057,0.1615668074227869,0.0327120776940137,Green
7293,0,7.717351545579731e-05,0.33045243099852584,0.0661522250120698,Green
7294,0,0.0012272302352357657,0.5008330420760176,0.10114839260339212,Green
7295,0,8.949140028562397e-05,0.23029257889580423,0.04613010889938934,Green
7296,0,0.00012511132517829538,0.4367629419733108,0.08745267745480477,Green
7297,0,0.00010838011367013677,0.42850262115597776,0.08578722832213165,Green
7298,0,0.0007913021312560886,0.03568909968553485,0.00777086164211184,Green
7299,0,0.0006356449099257589,0.17433235595292154,0.03537498711852491,Green
7300,0,9.264098334824667e-05,0.43543605336634683,0.08716132345994794,Green
7301,0,0.0002549302560510114,0.30914239222507367,0.06203242264985553,Green
7302,0,9.232310112565756e-05,0.12233619708224551,0.024541097897349623,Green
7303,0,0.00035814593138638884,0.118894314319448,0.024065379608998703,Green
7304,0,5.987687400192954e-05,0.25693157150371343,0.05143421579994422,Green
7305,0,7.827401423128321e-05,0.08946053589606065,0.017954726390597153,Green
7306,0,0.0002705527906073257,0.13297550884985238,0.02681154400245633,Green
7307,0,0.00018392951460555196,0.15264632092217031,0.030676407796118497,Green
7308,0,0.00021999386663082988,0.1494300892561462,0.030062012944533898,Green
7309,0,0.0004387325490824878,0.15923650671353864,0.032198287381973716,Green
7310,0,0.005341997928917408,0.07521875080120248,0.01931734850337442,Green
7311,0,0.00015377801028080285,0.18986519752654116,0.03809606191353287,Green
7312,0,0.001672973926179111,0.11396520744389091,0.024131420629721467,Green
7313,0,0.00040659645455889406,0.09450284692073278,0.01922584654779367,Green
7314,0,0.00036657428136095406,0.11130930933207026,0.02255512129150281,Green
7315,0,0.00036074151284992695,0.16101500620805842,0.03249159445189162,Green
7316,0,0.006713413074612617,0.09229122213509543,0.023828974886709174,Green
7317,0,0.019006390962749718,0.08453997133153877,0.03211310703650753,Green
7318,0,0.001596113829873502,0.08997099486170958,0.019271090036240713,Green
7319,0,0.0003110773919615895,0.31647797942285777,0.0635444577981408,Green
7320,0,8.078873943304644e-05,0.07093755446043458,0.01425214188363335,Green
7321,0,0.00012168055691290646,0.18207945072674134,0.03651323459087859,Green
7322,0,0.004870722535997629,0.11726877197083536,0.02735033242296517,Green
7323,0,0.00013860892213415354,0.03992968319782619,0.00809682377727256,Green
7324,0,0.00013179292727727443,0.08580505203618587,0.017266444749058987,Green
7325,0,9.496738930465655e-05,0.3186330051317953,0.06380257493780277,Green
7326,0,0.00017132104840129615,0.15876460582854654,0.03188997800443034,Green
7327,0,0.00013003357162233442,0.1204956599665237,0.0242031588506026,Green
7328,0,8.060813997872174e-05,0.09230336742185115,0.0185251599963532,Green
7329,0,0.0007849908201023936,0.07105254402972043,0.014838501462025998,Green
7330,0,0.0001942307659192011,0.22893971667182483,0.04594332794710032,Green
7331,0,0.0014166756765916944,0.057652528047837895,0.012663846150840933,Green
7332,0,0.004098712746053934,0.12058267882332782,0.027395505961508707,Green
7333,0,0.001252578105777502,0.11570493010813745,0.024143048506249487,Green
7334,0,0.11676741354167461,0.15040134971654506,0.1234942007766487,Green
7335,0,0.00023096358636394141,0.097732680228849,0.019731306914860948,Green
7336,0,0.00016613921616226435,0.1200310511557531,0.024139121604080428,Green
7337,0,0.0002595208003185689,0.07766613535899364,0.01574084371205358,Green
7338,0,0.000860688230022788,0.12167049133499348,0.02502264885101692,Green
7339,0,0.00013090995780657978,0.09843297329671385,0.01979132262558803,Green
7340,0,6.967196823097766e-05,0.020537923894371403,0.004163322353459061,Green
7341,0,0.00026384863595012574,0.09348061660909186,0.01890720223057847,Green
7342,0,0.0014734735246747731,0.11228446679071705,0.023635672177883225,Green
7343,0,0.0002156588132493198,0.14428008701287934,0.02902854445317532,Green
7344,0,0.0020151826087385413,0.19879822680375703,0.04137179144774223,Green
7345,0,6.132117632660084e-05,0.24096938692242822,0.04824293432554692,Green
7346,0,0.00027153754781465976,0.11450129122817979,0.02311748828388768,Green
7347,0,0.0006247490702662617,0.2689041844515303,0.05428063614651906,Green
7348,0,0.00014851744344923645,0.08973310505259872,0.01806543496527913,Green
7349,0,0.001182500715367496,0.3245442332114936,0.0658548472145927,Green
7350,0,0.006530319340527058,0.22995561972901263,0.05121537941822416,Green
7351,0,0.0024138921638950706,0.0789048175460509,0.01771207724032623,Green
7352,0,0.001252253004349768,0.12057183796103206,0.02511616999568622,Green
7353,0,0.00024599807802587746,0.09177606302595298,0.018552011067611292,Green
7354,0,0.00044364187633618715,0.16768513292251075,0.033891940085571094,Green
7355,0,0.00015652877336833624,0.0879442495929422,0.017714072937283103,Green
7356,0,0.22489895224571227,0.08042949700696676,0.19600506119796318,Green
7357,0,0.00041711043450050057,0.4072886436162803,0.08179141707085645,Green
7358,0,0.00279125296510756,0.22555286276750391,0.04734357492558682,Green
7359,0,0.0002572243945905939,0.5039833734421633,0.10100245420410511,Green
7360,0,0.0006911760428920388,0.45270969617891493,0.0910948800700966,Green
7361,0,0.00022065724187996237,0.5714625097813378,0.11446902774977151,Green
7362,0,0.00029712747200392184,0.26882908852293075,0.05400351968218928,Green
7363,0,0.0004676763899624347,0.25312510536355404,0.050999162184680744,Green
7364,0,0.0007177514838986099,0.23761084157509313,0.0480963695021375,Green
7365,0,0.0005143446032889187,0.42592850671550053,0.08559717702573123,Green
7366,0,0.0007295075803995133,0.5021186348092476,0.1010073330261691,Green
7367,0,0.0002874726487789303,0.26030660461202415,0.052291299041427965,Green
7368,0,0.0004726031853351742,0.4732449398284509,0.0950270705139583,Green
7369,0,0.0004831136087886989,0.26726674150290786,0.053839839187612516,Green
7370,0,0.00010288012999808416,0.37375840086932677,0.07483398427786381,Green
7371,0,0.00014964315123506823,0.09585042054802848,0.019289798630593744,Green
7372,0,0.0004471491643926129,0.10232372859415631,0.020822465050345348,Green
7373,0,0.0001950912774191238,0.16333395505243684,0.03282286403242266,Green
7374,0,0.0007045233971439302,0.10975566798827877,0.02251475231537089,Green
7375,0,0.0018365349620580672,0.022862067676347093,0.006041641504915872,Green
7376,0,0.0007743456168100237,0.1026793302011937,0.021155342533686755,Green
7377,0,9.513346158200875e-05,0.5243702120251091,0.10495014917428741,Green
7378,0,0.00028187546704430135,0.5546333307629724,0.1111521665262299,Green
7379,0,0.0006840510701294988,0.5682285863233189,0.11419295812076734,Green
7380,0,9.601521742297336e-05,0.37847221099765416,0.07577125437346918,Green
7381,0,0.0006070719915442168,0.3911848247487043,0.07872262254297623,Green
7382,0,0.00031175175681710245,0.620483662897942,0.12434613398504205,Green
7383,0,0.00043489020317792897,0.08052178032344694,0.016452268227231726,Green
7384,0,0.0012117154197767376,0.17001508667961174,0.03497238967174373,Green
7385,0,0.00020026649872306734,0.21612688827461823,0.04338559085390209,Green
7386,0,0.0008371188887394965,0.09317552215630315,0.01930479954225222,Green
7387,0,0.0002687535888981074,0.22308424046604128,0.044831850964326736,Green
7388,0,5.343610537238419e-05,0.31753045480050485,0.06354883984439887,Green
7389,0,0.0002018131417571567,0.29569879579924424,0.059301209673254564,Green
7390,0,0.014700680039823055,0.11577933846314913,0.03491641172448827,Green
7391,0,0.00012050964433001356,0.19056762352686415,0.03820993242083684,Green
7392,0,0.0010412081028334796,0.13977289629877665,0.028787545742022108,Green
7393,0,0.0012330480152741073,0.10915598118504921,0.02281763464922912,Green
7394,0,0.00014727396483067421,0.06392039635102985,0.012901898442070507,Green
7395,0,0.0006890008575282992,0.06000481318300066,0.012552163322622769,Green
7396,0,0.003705848567187786,0.27366413426798,0.05769750570734621,Green
7397,0,0.00013524738169508056,0.20907009682850117,0.041922217271056286,Green
7398,0,0.0002725291647948325,0.17516670809445387,0.03525136495072664,Green
7399,0,0.00016619179514236747,0.27317045474625845,0.054767044385365574,Green
7400,0,0.000617323536425829,0.10452165655486839,0.021398190140114334,Green
7401,0,0.0001410821219906211,0.18472887982317066,0.03705864166222662,Green
7402,0,0.0003323294105939567,0.09658067203432572,0.019581997935340302,Green
7403,0,0.000813915318576619,0.18841482978071025,0.03833409821100334,Green
7404,0,0.00021936029079370198,0.11408978729527647,0.02299344569169025,Green
7405,0,0.0003443885390879587,0.1342237468448296,0.027120260200236283,Green
7406,0,0.0036742893513292073,0.17474495597796252,0.03788842267665587,Green
7407,0,0.00020244732440914958,0.24804035433171534,0.04977002872587038,Green
7408,0,0.003542033350095153,0.2279623535424814,0.0484260973885724,Green
7409,0,6.533312771352939e-05,0.33336663504506514,0.06672559351118384,Green
7410,0,0.001904402207583189,0.18805245944765403,0.03913401365559735,Green
7411,0,0.0011496222810819744,0.11036326180226493,0.02299235018531856,Green
7412,0,0.0001968659635167569,0.12166012216129174,0.024489517203071746,Green
7413,0,0.002800662815570831,0.10221177991747145,0.02268288623595095,Green
7414,0,0.0007703802431933582,0.14785645509594716,0.030187595213744114,Green
7415,0,0.0005141356028616429,0.05315155307454787,0.011041619097198885,Green
7416,0,0.001418920001015067,0.18148023906582206,0.037431183813976455,Green
7417,0,6.700887097395025e-05,0.16779526000274406,0.03361265909732796,Green
7418,0,0.0014134767465293408,0.09453137745085333,0.020037056887394135,Green
7419,0,0.0004500479204580188,0.04686234873891626,0.009732508084149665,Green
7420,0,0.00028795023681595924,0.041445086594990604,0.008519377508450885,Green
7421,0,0.0004624184512067586,0.05461250447201847,0.0112924356553691,Green
7422,0,0.00043639427167363465,0.12298729966968161,0.024946575351275223,Green
7423,0,0.0010695470264181495,0.06589434663415682,0.01403450694796588,Green
7424,0,0.049292726814746855,0.1436574813658667,0.06816567772497081,Green
7425,0,0.0007789492374286056,0.19430168974465434,0.03948349733887374,Green
7426,0,0.0002770509861875325,0.07339424275474352,0.014900489339898725,Green
7427,0,0.0025323722511529922,0.21047236246836232,0.04412037029459485,Green
7428,0,0.0008525767130777239,0.39599430188990015,0.07988092174844219,Green
7429,0,0.00042219283059239385,0.07087862235946665,0.014513478736367243,Green
7430,0,0.0034182339441031218,0.12511393633554324,0.02775737442239114,Green
7431,0,0.0009731220779940486,0.0765408417182331,0.016086666006041854,Green
7432,0,2.577684153948212e-05,0.13461348538214235,0.026943318549660047,Green
7433,0,0.0013731950428336858,0.1406952357520439,0.02923760318467572,Green
7434,0,0.00010826251964317635,0.1187103273945878,0.023828675494632096,Green
7435,0,0.00011252465337747709,0.13488200323444346,0.027066420369590668,Green
7436,0,0.001713364291936159,0.5252719957251832,0.10642509057858555,Green
7437,0,0.0005479389918036758,0.1739109010121613,0.03522053139587519,Green
7438,0,0.0004514412605203688,0.3553544995433495,0.07143205291708618,Green
7439,0,0.0012312884209677577,0.19283007998876672,0.03955104673452754,Green
7440,0,0.00021516112610697746,0.07297764493392164,0.014767657887669908,Green
7441,0,0.0038723780773580077,0.1411763284522164,0.03133316815232968,Green
7442,0,0.0014662245288491248,0.05170518100121434,0.011514015823322165,Green
7443,0,7.148893200792372e-05,0.32547303436168623,0.06515179801794357,Green
7444,0,0.00023756546434015036,0.24766966684085942,0.04972398573964399,Green
7445,0,0.0002345239685382694,0.0581336542614087,0.011814350027112354,Green
7446,0,0.003975069895386696,0.16666800339781684,0.03651365659587272,Green
7447,0,0.0001644349395064637,0.2218831332885355,0.044508174609312265,Green
7448,0,0.00018127970979548992,0.3315819894249942,0.06646142165283521,Green
7449,0,0.00037728771567344663,0.08214157933966437,0.016730146040471627,Green
7450,0,0.000450191693380475,0.28304642070180436,0.05696943749506524,Green
7451,0,9.066696802619844e-05,0.09292585414450094,0.01865770440332114,Green
7452,0,0.00011880812526214868,0.08987295411104712,0.01806963732241914,Green
7453,0,0.0031677789054811,0.14997689203459627,0.03252960153130413,Green
7454,0,0.00021865103044547138,0.059312520748023095,0.012037424973960993,Green
7455,0,0.00044001212809234856,0.10769766972836774,0.02189154364814742,Green
7456,0,0.0002218109992099926,0.10340653332796312,0.020858755464960615,Green
7457,0,0.00020051472238264976,0.08904705683822305,0.017969823145550727,Green
7458,0,0.0004699892946518958,0.06166580647497236,0.012709152730715986,Green
7459,0,7.723896123934537e-05,0.2743268752763925,0.05492716622426996,Green
7460,0,0.00021231176215223967,0.5298556636946298,0.10614098214864773,Green
7461,0,0.00045349225983954967,0.24059464731985852,0.04848172327184333,Green
7462,0,0.00027457218966446816,0.34682166374910406,0.06958399050155237,Green
7463,0,0.00029928102158010005,0.08032784484070307,0.016304993785404693,Green
7464,0,0.0008908670861274004,0.06662342054619451,0.01403737777814082,Green
7465,0,0.00012160678888903931,0.2276469480868369,0.0456266750484786,Green
7466,0,0.0013926536310464143,0.23605018656046603,0.048324160216930326,Green
7467,0,0.0005690368125215173,0.04772306504452922,0.009999842458923056,Green
7468,0,0.00024208792310673747,0.11545000092067269,0.023283670522619922,Green
7469,0,0.0017432261258363724,0.15321086563161973,0.03203675402699304,Green
7470,0,0.0002925179374869913,0.1940956517776213,0.03905314470551385,Green
7471,0,0.0005030689819250256,0.11337909887013362,0.023078274959566738,Green
7472,0,0.0005100040871184319,0.06842453895274472,0.014092911060243688,Green
7473,0,0.007181394100189208,0.29250994095584804,0.06424710347132095,Green
7474,0,0.0009200657135806979,0.1303842535775475,0.02681290328637405,Green
7475,0,0.000720716139767319,0.1141699162184885,0.02341055615551155,Green
7476,0,0.0002669235283974558,0.07663544916113049,0.01554062865494406,Green
7477,0,0.0001310629741055891,0.045817579392681454,0.009268366257820761,Green
7478,0,6.285077397478744e-05,0.11196956775841078,0.02244419417086198,Green
7479,0,0.0014943989925086498,0.16217049821328325,0.033629618836663565,Green
7480,0,0.0004002000205218792,0.09889254642917893,0.020098669302253284,Green
7481,0,0.0003747750539332628,0.027075880994536512,0.005714996242053912,Green
7482,0,0.00783964116126299,0.21870391047971707,0.0500124950249538,Green
7483,0,0.0007466387294698507,0.21109681523207544,0.04281667402999095,Green
7484,0,0.0035006947349756957,0.22410249933689533,0.047621055655359616,Green
7485,0,0.00229596106801182,0.04036669533261908,0.009910107920933272,Green
7486,0,0.0003530571993906051,0.09165369226851541,0.01861318421321556,Green
7487,0,0.000516754505224526,0.1611989896152635,0.03265320152723231,Green
7488,0,0.0011270076502114534,0.14487836321745826,0.02987727876366081,Green
7489,0,0.003868657862767577,0.09311226961565873,0.021717380213345804,Green
7490,0,3.138702086289414e-05,0.11187912403267705,0.022400934423225723,Green
7491,0,0.012987112998962401,0.039001640655020646,0.01819001853017405,Green
7492,0,0.0004291064338758588,0.07794117973591716,0.015931521094284116,Green
7493,0,0.00019304981105960906,0.06979265459575643,0.014112970767998969,Green
7494,0,0.00039185481728054583,0.0490810000778484,0.010129683869394114,Green
7495,0,0.00057492092018947,0.08298377446858124,0.01705669162986782,Green
7496,0,0.00017631201772019267,0.05860526284518585,0.01186210218321332,Green
7497,0,8.699390018591657e-05,0.12361634335229713,0.024792863790608154,Green
7498,0,0.0010506884311325849,0.14448601115353765,0.02973775297561359,Green
7499,0,0.002037931839004159,0.11990512322812076,0.025611370116827476,Green
7500,0,9.044778853422031e-05,0.0609971324490068,0.012271784720628733,Green
7501,0,0.0009522369597107171,0.20540535731337825,0.04184286103044421,Green
7502,0,0.00012351476907497273,0.23063794092053266,0.0462263999993665,Green
7503,0,0.00015580222388962285,0.13278749772824877,0.026682141324761446,Green
7504,0,0.00138275814242661,0.04428243334232008,0.0099626931824053,Green
7505,0,0.0001464884728193283,0.10753547629769226,0.02162428603779391,Green
7506,0,0.0003965702460845932,0.15652720274817178,0.031622696746502026,Green
7507,0,0.0002402547193923965,0.1667183032732299,0.03353586443015989,Green
7508,0,0.0006708691944368184,0.1359201804867235,0.027720731452894148,Green
7509,0,0.00041363065247423947,0.144809240896961,0.029292752701371588,Green
7510,0,0.0002932657720521092,0.3839373929869588,0.07702209121503342,Green
7511,0,0.00013932584843132645,0.40074086893364563,0.08025963446547418,Green
7512,0,0.00032923012622632086,0.36452156626207316,0.07316769735339568,Green
7513,0,0.0007848623208701611,0.13227142000279743,0.02708217385725561,Green
7514,0,0.000468985631596297,0.20625379904971972,0.04162594831522098,Green
7515,0,0.0004741703276522457,0.08599708388515757,0.017578753039153308,Green
7516,0,0.00016048025281634182,0.1843961005852028,0.037007604319293626,Green
7517,0,0.0001969437551451847,0.40122123837205026,0.08040180267852617,Green
7518,0,0.00034466267679817976,0.09910659475136001,0.02009704909171054,Green
7519,0,6.742932309862226e-05,0.06768924539297602,0.013591792537074099,Green
7520,0,0.0003048938058782369,0.08467068161037107,0.0171780513667768,Green
7521,0,0.0005680149886757135,0.1927902282064959,0.03901245763223974,Green
7522,0,0.0011161636095494032,0.11756628745821532,0.02440618837928258,Green
7523,0,0.0005077267880551517,0.38212098682760837,0.07683037879596577,Green
7524,0,0.0003919539216440171,0.30146478013329675,0.06060651916397455,Green
7525,0,7.594894123030826e-05,0.2284971155717886,0.04576018226734195,Green
7526,0,0.00024518691352568565,0.28284778491479723,0.05676570651377998,Green
7527,0,0.00047001966740936043,0.019567450510613826,0.004289505836050253,Green
7528,0,0.0004001918481662869,0.08891383340890739,0.018102920160314503,Green
7529,0,0.0004387636436149478,0.4133761763775137,0.08302624619039468,Green
7530,0,0.008540978655219078,0.2438978416261587,0.055612351249407,Green
7531,0,0.00022721115965396166,0.3018196599404167,0.060545700915806494,Green
7532,0,8.93009826540947e-05,0.08990833506845483,0.018053107799814238,Green
7533,0,0.0009523808257654309,0.11500444521154268,0.023762793702920875,Green
7534,0,0.0001837672491092235,0.07187867125659875,0.014522748050607125,Green
7535,0,0.00043841191218234603,0.025496899504187577,0.005450109430583391,Green
7536,0,0.0003609717270592228,0.12993531784673232,0.026275840950993834,Green
7537,0,0.0004003090609330684,0.22293178030132635,0.044906603309011715,Green
7538,0,0.0005226175650022924,0.2370603874325355,0.04783017153850892,Green
7539,0,7.83576484536752e-05,0.33727147590645884,0.0675169813000547,Green
7540,0,0.00017480352253187447,0.28097987146157394,0.056335817110340275,Green
7541,0,0.00034437719150446353,0.34273420177516434,0.06882234210823641,Green
7542,0,4.973593022441491e-05,0.17936063876122987,0.03591191649642549,Green
7543,0,0.010236347466707228,0.0718184995997275,0.022552777893311282,Green
7544,0,0.0014161651255562902,0.16288034873239574,0.03370900184692417,Green
7545,0,0.00023193794477265327,0.15489289222073188,0.03116412879996449,Green
7546,0,0.00021850107877980916,0.256360886724154,0.05144697820785464,Green
7547,0,0.003986253961920738,0.311822369542808,0.06555347707809818,Green
7548,0,9.495563499513083e-05,0.16763393627249995,0.03360275176249609,Green
7549,0,0.01276367399841547,0.07329738628687724,0.02487041645610782,Green
7550,0,0.0021137308795005083,0.1807269731485981,0.037836379333320014,Green
7551,0,0.00024117694701999425,0.2205405445635193,0.04430105047031985,Green
7552,0,6.962276747799479e-05,0.13517710764434038,0.027091119742850462,Green
7553,0,0.0003359431517310441,0.23806194862836771,0.04788114424705837,Green
7554,0,0.0021544919814914464,0.14841572672962947,0.031406738931119046,Green
7555,0,0.0001013882312690839,0.18947005844119186,0.03797512227325363,Green
7556,0,0.0005545662716031075,0.131068569835372,0.02665736698435688,Green
7557,0,0.00019059422775171697,0.24530587094146591,0.049213649570494546,Green
7558,0,0.006342354137450457,0.02501381146012013,0.010076645601984392,Green
7559,0,0.00015694530593464152,0.23685508633037547,0.047496573510822794,Green
7560,0,0.00015273092722054571,0.0499487402901698,0.010111932799810396,Green
7561,0,0.0013637901516631245,0.14797243121285494,0.030685518363901484,Green
7562,0,0.0007051183842122555,0.11953942470528661,0.02447197964842712,Green
7563,0,0.00011569244088605046,0.1491683107255998,0.029926216097828796,Green
7564,0,0.00027832972118631006,0.09916873942607579,0.0200564116621642,Green
7565,0,0.00030067477491684257,0.05378859900390816,0.010998259620715102,Green
7566,0,0.00017271889373660088,0.10616569037368825,0.021371313189726925,Green
7567,0,0.00029733269475400447,0.10507917430126419,0.02125370101605604,Green
7568,0,0.0003659865586087108,0.11516487680464697,0.02332576460781636,Green
7569,0,0.00042945326131302867,0.5030303101457854,0.10094962463820747,Green
7570,0,0.00016573300235904752,0.3690752997296647,0.07394764634782015,Green
7571,0,0.0005317327450029552,0.07377095202615677,0.015179576601233714,Green
7572,0,0.0001782567531336099,0.13930866793685717,0.02800433898987832,Green
7573,0,0.0003795297525357455,0.13552248751190737,0.027408121304410064,Green
7574,0,0.00043994609732180836,0.24960538803842253,0.05027303448554194,Green
7575,0,0.0002064121945295483,0.1574903666603881,0.03166320308770125,Green
7576,0,0.0004146846826188266,0.09681760934344817,0.01969526961478469,Green
7577,0,0.0005637574242427946,0.4224001462402829,0.08493103518745079,Green
7578,0,0.00021929833455942572,0.06667310716810215,0.013510060101267969,Green
7579,0,0.00012181777565274387,0.09825876163321472,0.019749206547165134,Green
7580,0,0.0020969122648239135,0.06785943141408714,0.015249416094676555,Green
7581,0,0.004076441656798125,0.1954422007330671,0.04234959347205191,Green
7582,0,5.4451923642773184e-05,0.10838997975766156,0.021721557490446526,Green
7583,0,0.015807418152689934,0.09255748895010804,0.031157432312173553,Green
7584,0,0.0005297661642543972,0.2166607461470533,0.04375596216081417,Green
7585,0,0.00031496916781179605,0.12625190533776673,0.025502356401802775,Green
7586,0,0.016238151025027035,0.17852052271312419,0.04869462536264646,Green
7587,0,7.68037629313767e-05,0.200346451475629,0.04013073330547089,Green
7588,0,0.001715956092812121,0.04558818344202701,0.010490401562655098,Green
7589,0,7.98355511506088e-05,0.09769962425252697,0.019603793291425874,Green
7590,0,0.002643886208534241,0.15725333197310937,0.03356577536144926,Green
7591,0,0.0005337743787094951,0.2851780603868591,0.05746263158033941,Green
7592,0,9.378465765621513e-05,0.13033583871746005,0.026142195469616974,Green
7593,0,0.00010133544856216758,0.15599124385762822,0.03127931713037537,Green
7594,0,0.0002931533555965871,0.2648246886501852,0.0531994604145143,Green
7595,0,0.0003313769004307687,0.06110726688479839,0.01248655489730429,Green
7596,0,0.0009285089909099042,0.02908325259169561,0.006559457711067044,Green
7597,0,0.00016538749914616347,0.044626023771209396,0.009057514753558807,Green
7598,0,0.00019451961852610112,0.20871568181939548,0.041898752058699966,Green
7599,0,4.7026090760482477e-05,0.15049665830520967,0.030136952533650313,Green
7600,0,0.0004895593679975718,0.27382281869622893,0.05515621123364383,Green
7601,0,0.0001469991766498424,0.30460006803387357,0.06103761294809457,Green
7602,0,0.0003080609661992639,0.08583368320322178,0.017413185413603764,Green
7603,0,0.0001575897040311247,0.0925202388105603,0.018630119525336955,Green
7604,0,0.0004958540142979474,0.2504429055113435,0.05048526431370705,Green
7605,0,0.0012852224987000226,0.24596457861216947,0.0502210937213939,Green
7606,0,0.0002059779071714729,0.15409107001662464,0.0309829963290621,Green
7607,0,0.0008622362278401851,0.14945737241781512,0.030581263465835166,Green
7608,0,0.00021729042055085301,0.10680056026725755,0.021533944389892187,Green
7609,0,0.0005269030691124499,0.06783496097507265,0.013988514650304488,Green
7610,0,0.0008070690906606615,0.22441158425383745,0.04552797212329601,Green
7611,0,0.000308593874797225,0.06286539539546279,0.012819954178930336,Green
7612,0,0.0009004946681670845,0.06405382890507291,0.013531161515548246,Green
7613,0,6.648055350524373e-05,0.08653801887569888,0.017360788217943967,Green
7614,0,0.00020610250940080734,0.12730543912677744,0.025625969832876128,Green
7615,0,0.0007910418440587818,0.2379694593283249,0.048226725340912,Green
7616,0,0.00021808671299368141,0.11900717831977535,0.023975905034350008,Green
7617,0,0.00019549895223462956,0.24175981232019872,0.04850836162582744,Green
7618,0,0.00022141581866890194,0.20276381492400286,0.04072989563973569,Green
7619,0,0.0018046114826574923,0.16250445171185252,0.03394457952849649,Green
7620,0,0.00017708137456793339,0.2816280761301416,0.056467280325682656,Green
7621,0,0.00024884175218176097,0.3992373980267433,0.08004655300709405,Green
7622,0,0.00015254035824909806,0.40634652775086816,0.0813913378367729,Green
7623,0,0.0002869791176635772,0.2675709108780304,0.053743765469736936,Green
7624,0,0.00022948075784370305,0.11029731678277249,0.022243047962829453,Green
7625,0,0.0021538448985666037,0.374493555607344,0.07662178704032208,Green
7626,0,0.00033761163358576597,0.1789536483869699,0.03606081898426258,Green
7627,0,0.00038654496893286705,0.09415655984811101,0.019140547944768493,Green
7628,0,0.00035209537600167096,0.2831153459182411,0.05690474548444955,Green
7629,0,0.0030736637767404314,0.11448596640490966,0.025356124302374272,Green
7630,0,0.0004622703767381608,0.27531002285325096,0.0554318208720407,Green
7631,0,0.001806138444226235,0.12499966084879788,0.026444842925140558,Green
7632,0,8.818652568152174e-05,0.040640099130530356,0.008198569046651286,Green
7633,0,0.0016101665329188108,0.1119367485284023,0.023675482932015504,Green
7634,0,0.001996322488412261,0.18056756732258267,0.03771057145524633,Green
7635,0,0.000979254930280149,0.09301490616555043,0.019386385177334202,Green
7636,0,0.0013482780894264578,0.12889884154899026,0.02685839078133921,Green
7637,0,0.0002807390643283725,0.08232873023132906,0.016690337297728505,Green
7638,0,0.00030519707361236214,0.11871803081196007,0.0239877638212819,Green
7639,0,0.00029419304337352514,0.14306105472809225,0.028847565380317262,Green
7640,0,0.0006060289219021797,0.1600728749374446,0.03249939812501066,Green
7641,0,0.0008350949035957456,0.06376144997001833,0.01342036591688026,Green
7642,0,0.0061861596070230005,0.04290772502377703,0.013530472690373805,Green
7643,0,0.0011462291004136205,0.03222967041155572,0.007362917362642039,Green
7644,0,6.627694674534723e-05,0.11263670217762489,0.022580361992921252,Green
7645,0,0.0003565178660210222,0.1011996484188785,0.020525143976592514,Green
7646,0,0.00023409617424476894,0.0818640784370956,0.016560092626814932,Green
7647,0,0.00024372016778215766,0.0180371430979554,0.0038024047538168055,Green
7648,0,0.008522725617513062,0.07851816552565484,0.022521813599141415,Green
7649,0,0.00044520539231598374,0.15288597747270613,0.030933359808394005,Green
7650,0,0.0024708960205316543,0.13201504562078248,0.028379725940581812,Green
7651,0,0.00018440835701767356,0.036872991386564566,0.00752212496292705,Green
7652,0,0.0010823207558132708,0.1278193030672075,0.026429717218092112,Green
7653,0,0.00029555070213973524,0.07738475601131317,0.01571339176397442,Green
7654,0,0.0001755354052875191,0.17762928793182667,0.03566628591059534,Green
7655,0,0.028777708858251573,0.07957902197473386,0.038937971481548025,Green
7656,0,0.000994752161204815,0.04665433011367352,0.010126667751698555,Green
7657,0,0.0005347114987671375,0.1144679228137756,0.023321353761768825,Green
7658,0,0.002415554504841566,0.09364495183546516,0.02066143397096628,Green
7659,0,0.0006549516576342285,0.07426427283069363,0.015376815892246105,Green
7660,0,0.00012615640298463404,0.07422032875534602,0.01494499087345691,Green
7661,0,0.000870653719175607,0.05853137168866768,0.012402797313074018,Green
7662,0,0.0011511982651427387,0.0585353829727834,0.012628035206670867,Green
7663,0,0.0003378865076228976,0.10961391681843866,0.022193092569786046,Green
7664,0,0.00590286897495389,0.22726678668737782,0.05017565251743866,Green
7665,0,0.0004826278833206743,0.15632788839863587,0.031651679986383706,Green
7666,0,0.0006829332094639539,0.052963827789966424,0.011139112125564446,Green
7667,0,0.0004419826262164861,0.5102555299773083,0.10240469209643482,Green
7668,0,0.0002741913718637079,0.49176089788864213,0.09857153267521937,Green
7669,0,0.00010828977247001603,0.08440627679069483,0.016967887176114978,Green
7670,0,0.00038599398685619236,0.07221861570002323,0.014752518329489598,Green
7671,0,0.0007056844537146389,0.10646666258046049,0.021857880079063804,Green
7672,0,0.004679970908910036,0.23732322143660667,0.05120862101444935,Green
7673,0,0.0005247736116871238,0.28023928915487845,0.05646767672032538,Green
7674,0,0.00034384220198262487,0.13464653170527,0.027204380102640095,Green
7675,0,0.0003342014388181269,0.15694460514504155,0.031656282180062806,Green
7676,0,0.003246885165572167,0.1332133041705523,0.029240168966568187,Green
7677,0,6.367901733028702e-05,0.09885992595344277,0.01982292840455278,Green
7678,0,0.008901358023285866,0.08256689157952717,0.023634464734534122,Green
7679,0,3.347983929415932e-05,0.38900920588059845,0.077828625047555,Green
7680,0,0.0032247286289930344,0.13727571783472442,0.030034926470139306,Green
7681,0,0.00036189880047459154,0.09987442330775653,0.020264403701930975,Green
7682,0,0.0005079394089989364,0.17015834073307784,0.03443801967381471,Green
7683,0,0.00013180708629079163,0.15921961252055916,0.031949368173144456,Green
7684,0,0.00020555242081172765,0.11560691189805698,0.02328582431626077,Green
7685,0,0.0009602150181308388,0.5275844784471736,0.10628506770393938,Green
7686,0,0.00017126120219472795,0.3996505663688261,0.08006712223552098,Green
7687,0,0.0008221844327636063,0.11645805695788507,0.023949358937787893,Green
7688,0,0.015496707707643508,0.05026287939473123,0.022449942045061053,Green
7689,0,0.0033143561217002567,0.16248250138585718,0.03514798517453163,Green
7690,0,0.006564611662179231,0.18883712814650438,0.04301911495904426,Green
7691,0,0.000234813493443653,0.060939786238216685,0.012375808042398257,Green
7692,0,0.0033254500944167376,0.12489435048710884,0.02763923017295515,Green
7693,0,5.7666593784233554e-05,0.32691523029842945,0.06542917933471327,Green
7694,0,0.0005761910113506019,0.08839886135268056,0.018140725079616588,Green
7695,0,0.0004207457648590207,0.04919076476307799,0.010174749564502811,Green
7696,0,0.0002717276627663523,0.17231898067677118,0.034681178265567304,Green
7697,0,0.0003239241079427302,0.10104313064902966,0.020467765416160112,Green
7698,0,0.0007933230488561093,0.07093918240430261,0.014822494919945407,Green
7699,0,0.0002720653428696096,0.10785610157247344,0.02178887258879037,Green
7700,0,0.0006168065126985311,0.13800800939758545,0.02809504708967591,Green
7701,0,0.00029241737793199717,0.10235196047231296,0.020704325996808184,Green
7702,0,4.02600722736679e-05,0.2813507285355379,0.056302353764926504,Green
7703,0,7.744558533886447e-05,0.20092234456709435,0.04024642538168995,Green
7704,0,0.001415804005227983,0.07288794652416057,0.0157102325090145,Green
7705,0,0.00024797980149742215,0.291074769098481,0.058413337660894134,Green
7706,0,0.0021122539415955543,0.16422432899390016,0.034534668952056466,Green
7707,0,0.00035387701936997475,0.570790936679929,0.11444128895148176,Green
7708,0,7.624366189702415e-05,0.021729136359024702,0.004406822201322559,Green
7709,0,0.035346860811114315,0.10379153450657426,0.049035795550206304,Green
7710,0,0.0009320123703218996,0.15613440528622052,0.03197249095350162,Green
7711,0,0.0007519432459957897,0.23888484925491968,0.048378524447780555,Green
7712,0,0.00042968256748281424,0.2356182766666875,0.04746740138732374,Green
7713,0,0.0015295728342607617,0.14803401529032312,0.030830461325473225,Green
7714,0,0.0007553804549388588,0.1864136650353187,0.037887037371014815,Green
7715,0,0.00012428175832610578,0.12727817119740614,0.02555505964614211,Green
7716,0,6.607700343010947e-05,0.11248481258283463,0.02254982411931101,Green
7717,0,0.0019152582855895162,0.2648703826332837,0.05450628315512835,Green
7718,0,0.00037539860932156444,0.22518034915328436,0.045336388718114115,Green
7719,0,6.505695782834665e-05,0.13332852778814902,0.026717751123892474,Green
7720,0,0.0014277331065386534,0.06242141182015391,0.013626468849261704,Green
7721,0,5.1647235522978015e-05,0.22961417055377065,0.0459641518991725,Green
7722,0,0.000561484566424042,0.21341400186267345,0.04313198802567392,Green
7723,0,0.00047322118771262465,0.12625724914386324,0.025630026778942744,Green
7724,0,0.00013092137523926795,0.40465871789037544,0.08103648067826649,Green
7725,0,0.0005359636241337284,0.45392844665841553,0.09121446023099007,Green
7726,0,0.0004153318819589913,0.2534886299749072,0.05102999150054861,Green
7727,0,0.0006904086214490234,0.27920318172736425,0.05639296324263206,Green
7728,0,0.002805695403367281,0.06127422780168412,0.014499401883030647,Green
7729,0,7.387237856164575e-05,0.1558727380824772,0.031233645519344752,Green
7730,0,0.00021494522225111722,0.0708759930335589,0.014347154784512671,Green
7731,0,0.0015935689210891722,0.21080130836911973,0.04343511681069528,Green
7732,0,0.0008162759710103273,0.13251972536602502,0.02715696585001326,Green
7733,0,0.012641088292002677,0.13059219513239154,0.036231309660080445,Green
7734,0,0.008725733496248722,0.07750839474764344,0.02248226574652766,Green
7735,0,0.0010292034829035403,0.0841908643581075,0.01766153565794433,Green
7736,0,0.01434203702956438,0.019287952321912914,0.015331220088034087,Green
7737,0,0.000926080415956676,0.08952125761782735,0.018645115856330805,Green
7738,0,0.0005910619976930321,0.13111574137312917,0.026695997872780257,Green
7739,0,0.0004520737216807902,0.20614284588501514,0.041590228154347646,Green
7740,0,0.0002921816718298942,0.4221666722800134,0.08466707979346658,Green
7741,0,9.752596088219434e-05,0.134869756549618,0.02705197207862935,Green
7742,0,0.001243183622136712,0.11911592846056128,0.02481773258982162,Green
7743,0,0.0020854113157838584,0.2347667299826971,0.04862167504916649,Green
7744,0,0.00012813244829885663,0.18689047697526645,0.03748060135369237,Green
7745,0,6.643133820034563e-05,0.09994257837397727,0.020041660745355728,Green
7746,0,6.177390605444089e-05,0.19067854098315656,0.03818512732147486,Green
7747,0,0.0019870237447321415,0.1648966185801477,0.034568942711815244,Green
7748,0,0.0008323395857587456,0.24157516516040917,0.04898090470068882,Green
7749,0,5.147266783751548e-05,0.07675974524335023,0.015393127182940057,Green
7750,0,0.0008407394983805716,0.09515543130623741,0.019703677859951935,Green
7751,0,0.0002061443985439837,0.05583732593585998,0.01133238070600718,Green
7752,0,0.02758995722979307,0.053586772886688734,0.0327893203611722,Green
7753,0,5.1816665290971287e-05,0.11237621314921488,0.02251669596207575,Green
7754,0,4.8156026605283844e-05,0.1152126866381322,0.02308106214891066,Green
7755,0,0.00010170511523028837,0.07953646849459547,0.01598865779110332,Green
7756,0,9.02956846402958e-05,0.04395095565168567,0.00886242767804937,Green
7757,0,0.0004720673197880388,0.11043637429061767,0.02246492871395396,Green
7758,0,7.441579946316778e-05,0.06224236467743712,0.012508005575057957,Green
7759,0,0.00021445948223117737,0.11530295015151047,0.023232157616087032,Green
7760,0,0.0009550729999318718,0.0588759388254427,0.012539246165034035,Green
7761,0,0.0023116694297641515,0.21281663784674856,0.04441266311316103,Green
7762,0,0.0005618175608105957,0.23258394941089408,0.04696624393082728,Green
7763,0,0.0016553784254938364,0.19356964581238842,0.04003823190287275,Green
7764,0,0.000455492309993133,0.13759086673535448,0.027882567195065395,Green
7765,0,6.356070807669311e-05,0.04308784565501398,0.008668417697464148,Green
7766,0,0.00011758133186958731,0.33040536805265813,0.06617513867602728,Green
7767,0,8.200201264116914e-05,0.37793242820135065,0.07565208725038304,Green
7768,0,3.722696455952246e-05,0.1444525278831289,0.028920287148273393,Green
7769,0,0.00023563520517200232,0.06428677582433744,0.013045863329005087,Green
7770,0,0.001181719056330621,0.0943297096532754,0.019811317175719576,Green
7771,0,0.00834712442010641,0.05649470703846227,0.017976640943777582,Green
7772,0,0.00018793156777974218,0.13224545634368234,0.02659943652296026,Green
7773,0,0.0006892375997267664,0.16485669816733337,0.03352272971324808,Green
7774,0,0.0007765837945044041,0.16298209015320797,0.03321768506624511,Green
7775,0,0.0022728369338437917,0.26373946934876297,0.054566163416827615,Green
7776,0,0.0006130845344159752,0.2886127759128485,0.05821302281010247,Green
7777,0,0.001348705287091434,0.14248091116419379,0.029575146462511897,Green
7778,0,0.0015741675393655895,0.06632071380612639,0.014523476792717746,Green
7779,0,0.016138304397463797,0.13971933921350693,0.04085451136067242,Green
7780,0,0.0006716879666782916,0.07191399706104612,0.014920149785551855,Green
7781,0,0.00011307795357424767,0.22575539465334554,0.045241541293528496,Green
7782,0,8.12464058981277e-05,0.1959088056819119,0.03924675826110088,Green
7783,0,0.0002345252665691078,0.24325916740911346,0.04883945369507797,Green
7784,0,0.0024430325254797937,0.13443810245591828,0.028842046511567486,Green
7785,0,0.0005516877397894859,0.21481805387478314,0.043404960966788204,Green
7786,0,0.000669906532857567,0.09627344058937351,0.01979061334416075,Green
7787,0,0.0046719941310584545,0.5667092695231356,0.11707944920947387,Green
7788,0,0.016879637166857718,0.4512741191564394,0.10375853356477403,Green
7789,0,2.9627828189404683e-05,0.3621060876063064,0.07244491978381279,Green
7790,0,0.00018839431868400425,0.17904777724443843,0.03596027090383488,Green
7791,0,0.00034521872585173695,0.15841335920417846,0.03195884682151707,Green
7792,0,0.0005012173380237073,0.11710277349919992,0.023821528570258946,Green
7793,0,5.356757537811063e-05,0.0564002802601221,0.011322910112326907,Green
7794,0,0.001825111685320735,0.09135571621690453,0.01973123259163749,Green
7795,0,0.0016399104846641422,0.09907304353791437,0.02112653709531418,Green
7796,0,0.0013399453600868583,0.19082085386924855,0.03923612706191919,Green
7797,0,0.0008576659485697747,0.20294537418606434,0.041275207596068675,Green
7798,0,0.0015185367316007613,0.18802675525774737,0.038820180436830075,Green
7799,0,0.003644676646217704,0.1200910117946853,0.026933943675911218,Green
7800,0,0.00013603719708044082,0.12130742536807047,0.024370314831278442,Green
7801,0,0.04236703403294086,0.25083331083734767,0.08406028939382221,Green
7802,0,0.00014765764644835143,0.18287873446536387,0.03669387301023145,Green
7803,0,0.00026010224246419966,0.19183784993390002,0.038575651780751355,Green
7804,0,0.0001583633740665391,0.13565132731959512,0.02725695616317225,Green
7805,0,0.00012856908433604984,0.1428271833010617,0.028668291927681173,Green
7806,0,0.0002801781956804916,0.21105586902393106,0.04243531636133059,Green
7807,0,0.0004978955083061009,0.26665887648300846,0.05373009170324656,Green
7808,0,0.0018104005837813021,0.2717285761137875,0.05579403568978252,Green
7809,0,0.00040031545213423667,0.20171057413657495,0.040662367189022365,Green
7810,0,0.0016837308648973703,0.21251128985865322,0.04384924266364853,Green
7811,0,0.00013696575188077987,0.06068332549833596,0.012246237701171813,Green
7812,0,0.00026570208137854934,0.18045693101327745,0.03630394786775832,Green
7813,0,0.0004432913439814002,0.14454000420529678,0.02926263391624447,Green
7814,0,0.000921012694016099,0.1837993756247049,0.03749668528015385,Green
7815,0,0.00013929643610026686,0.25636636505751603,0.05138471016038341,Green
7816,0,0.00015934380644466728,0.14684166388447184,0.029495807822050097,Green
7817,0,0.0007954294327646495,0.20509759567670072,0.04165586268155185,Green
7818,0,0.0013500146567821504,0.11901114333219705,0.024882240391865127,Green
7819,0,0.0005939627182669938,0.09865299418304262,0.020205769011222115,Green
7820,0,0.000354765891097486,0.11393035868756594,0.02306988445039117,Green
7821,0,0.00011145863245474175,0.10398281635045288,0.020885730176054364,Green
7822,0,0.0021444626152515413,0.05837067443541794,0.013389704979284819,Green
7823,0,0.0009618516545742751,0.24148569988388552,0.049066621300436514,Green
7824,0,4.798383561137598e-05,0.2330122914815053,0.04664084536479015,Green
7825,0,0.012872846634127199,0.07087599355907791,0.02447347601911734,Green
7826,0,0.004877264657989144,0.09446481656285517,0.022794775038962347,Green
7827,0,4.2513124935794624e-05,0.15130676019255881,0.03029536253846039,Green
7828,0,0.0002322801185073331,0.07512527708968186,0.015210879512742234,Green
7829,0,6.93594578478951e-05,0.3251069778584826,0.06507688313797483,Green
7830,0,0.0005077856127172708,0.07042620750692759,0.014491469991559331,Green
7831,0,0.0006540647358633578,0.12728796228485356,0.02598084424566139,Green
7832,0,4.9393679364584384e-05,0.21488602876951407,0.04301672069739447,Green
7833,0,0.2456740617752075,0.11175480598367936,0.2188902106169019,Green
7834,0,0.00010956058977171779,0.14968590365978524,0.030024829203774413,Green
7835,0,0.00021797184017486871,0.14092908743011784,0.028360194958163457,Green
7836,0,0.0025871651247143745,0.30059863691806965,0.06218945948338542,Green
7837,0,0.012980799004435538,0.08743168582760748,0.02787097636906992,Green
7838,0,0.007569085247814656,0.1519257858514114,0.036440425368533993,Green
7839,0,0.0023558114073239265,0.027301977459535522,0.007345044617766245,Green
7840,0,0.00021107270731590688,0.14852570941928653,0.029874000049710022,Green
7841,0,0.0011201013112440705,0.16067389762957582,0.03303086057491041,Green
7842,0,0.0006769583793357015,0.5732977650025792,0.11520111970398438,Green
7843,0,0.0005449385731481016,0.3866518293950556,0.07776631673752958,Green
7844,0,0.0004301107604987919,0.48476113906301077,0.09729631642100116,Green
7845,0,0.0002898927661590278,0.4286563670408949,0.08596318762110618,Green
7846,0,0.0017240297049283982,0.48939059742379876,0.09925734324870245,Green
7847,0,0.0001545967097626999,0.2384484866485106,0.04781337469751227,Green
7848,0,0.00058179049519822,0.20772032747922572,0.04200949789200371,Green
7849,0,0.00024525081971660256,0.361277937615844,0.07245178817894206,Green
7850,0,0.0004367783141788095,0.10650312015867158,0.021650046683077358,Green
7851,0,0.00015857446996960788,0.08240360700815184,0.016607580977606052,Green
7852,0,0.00020037067006342112,0.23234268866432062,0.04662883426891485,Green
7853,0,0.00041605017613619564,0.32828958744361714,0.06599075762963237,Green
7854,0,0.0003106395539361984,0.3956302384271397,0.07937455932857687,Green
7855,0,0.0004234114312566817,0.32044890756178773,0.06442851065736288,Green
7856,0,0.0001383532988256775,0.19243565402529034,0.0385978134441186,Green
7857,0,0.000131689895351883,0.08072324486662835,0.016250000889607173,Green
7858,0,0.00023051160096656533,0.0478478472052621,0.009753978721825669,Green
7859,0,0.002339542983099818,0.14418957769573224,0.030709549925626297,Green
7860,0,0.001169294584542513,0.09172469690873421,0.019280375049380846,Green
7861,0,0.0017414298839867114,0.18234305183132224,0.03786175427345381,Green
7862,0,0.006398560199886561,0.3356604552553281,0.07225093921097486,Green
7863,0,0.00012478225980885326,0.2190169632892375,0.043903218465694574,Green
7864,0,0.005390610033646226,0.38441756099971025,0.08119600022685902,Green
7865,0,4.046948160976171e-05,0.41312879753688436,0.08265813509266466,Green
7866,0,0.0005828659166581928,0.03326577222611016,0.007119447178548584,Green
7867,0,0.003292292356491089,0.18249694237694136,0.03913322236058114,Green
7868,0,5.6206682347692547e-05,0.08505240682679785,0.01705544671123772,Green
7869,0,0.003893357398919761,0.14634379603656134,0.03238344512644807,Green
7870,0,0.0001363721748930402,0.6784169196164781,0.13579248166321004,Green
7871,0,4.3823698797496034e-05,0.35371312464969296,0.07077768388897657,Green
7872,0,0.00018237782642245294,0.08914022713948698,0.017973947689035354,Green
7873,0,0.00031744195730425416,0.07832828089320301,0.015919609744484003,Green
7874,0,0.00031153588788583874,0.3487561096953065,0.07000045064936997,Green
7875,0,0.00023515392967965454,0.3080490210550593,0.061797927354755575,Green
7876,0,0.0005133377388119697,0.2781149953416725,0.056033669259384064,Green
7877,0,0.00012377386447042226,0.36642152534432976,0.07338332416044227,Green
7878,0,0.0004956086864694952,0.4485209542013423,0.09010067778944404,Green
7879,0,0.0009848096407949925,0.12528543108621853,0.025844933929879695,Green
7880,0,0.0003785037726629526,0.07281768477743643,0.014866339973617646,Green
7881,0,0.00021086235501570626,0.292888966715966,0.05874648322720575,Green
7882,0,0.00016127764829434454,0.16106752831183888,0.032342527781003244,Green
7883,0,0.00037434634868986904,0.3276887161227511,0.0658372203035021,Green
7884,0,5.395717307692394e-05,0.13085927535981007,0.026215020810423546,Green
7885,0,6.620447529712692e-05,0.26667884762765776,0.05338873310576924,Green
7886,0,0.00157102239318192,0.15819965555990237,0.032896749026526007,Green
7887,0,0.0005583245423622429,0.04062940441963136,0.008572540517816064,Green
7888,0,0.00024478175037074835,0.08562051193245192,0.017319927786786978,Green
7889,0,0.00034109302214346826,0.07413543603892266,0.015099961625499304,Green
7890,0,0.00015454975509783254,0.07278681322410119,0.0146810024488985,Green
7891,0,0.00042370554874651136,0.060753587509455254,0.012489681940888257,Green
7892,0,0.000547963404096663,0.09200836796809096,0.01884004431689552,Green
7893,0,0.0009407791309058666,0.18114378587270563,0.03698138047926581,Green
7894,0,0.0003549913351889699,0.048337061115963746,0.009951405291343923,Green
7895,0,0.0009773360681720078,0.06558273863255562,0.013898416581048727,Green
7896,0,0.00105099679203704,0.4313408374354485,0.08710896492071932,Green
7897,0,0.00013502351357601582,0.12326069161156568,0.024760157133173945,Green
7898,0,0.0002981292607728392,0.07501211280554897,0.015240925969728062,Green
7899,0,0.00024325128179043533,0.2072248545106563,0.041639571927563596,Green
7900,0,0.0022755535785108803,0.04978342612026683,0.01177712808686207,Green
7901,0,0.0010944967158138751,0.14115904614816988,0.029107406602285068,Green
7902,0,0.00044451005524024365,0.0503554383135805,0.010426695706908292,Green
7903,0,0.0004771022591739893,0.16470402888695532,0.03332248758473025,Green
7904,0,6.478797440649942e-05,0.21188971653796604,0.042429773687118394,Green
7905,0,0.0003060053393710405,0.5920613717601206,0.11865707862352093,Green
7906,0,5.482683554873802e-05,0.656309424271411,0.13130574632272116,Green
7907,0,0.0006588742719031871,0.2599779039848387,0.05252268021449028,Green
7908,0,0.0012814243091270328,0.8167410451167321,0.164373348470648,Green
7909,0,0.0005476141930557787,0.5223623925020943,0.10491056985486345,Green
7910,0,0.0003003695281222463,0.1606922352021726,0.03237874266293231,Green
7911,0,0.0003012001572642475,0.18445441701636048,0.03713184352908349,Green
7912,0,0.0002345128799788654,0.09568767152418411,0.019325144608819914,Green
7913,0,7.888333129812963e-05,0.16213840603958832,0.03249078787295616,Green
7914,0,0.0018523866077885033,0.5651293522143488,0.11450777972910053,Green
7915,0,0.00017817912739701567,0.18685537370733654,0.03751361804338491,Green
7916,0,0.00014194516697898507,0.8657615410651653,0.17326586434661623,Green
7917,0,0.0002318228223884944,0.13051764568468885,0.02628898739484856,Green
7918,0,0.003066607238724828,0.05378316845337425,0.01320991948165471,Green
7919,0,0.0018027655314654112,0.09590041589391869,0.020622295603956065,Green
7920,0,0.00032907436834648255,0.4132527210239768,0.08291380369947253,Green
7921,0,0.00020203114545438438,0.2454461949249168,0.04925086390134685,Green
7922,0,0.00013163996918592603,0.19299252425338803,0.03870381682602634,Green
7923,0,0.0003636570298112929,0.04444541310352507,0.009180008244554045,Green
7924,0,0.0006238264730200171,0.15881992441488652,0.03226304606139331,Green
7925,0,0.00028642507386393844,0.26227253438609693,0.05268364693631053,Green
7926,0,0.0005436343722976743,0.24751000471765225,0.049936908441368576,Green
7927,0,0.0005974075815174728,0.10634219934138164,0.0217463659334903,Green
7928,0,0.00012579064350575208,0.060664761237711015,0.012233584762346802,Green
7929,0,0.0006638700608164071,0.12096885895349209,0.024724867839351537,Green
7930,0,0.004162291903048754,0.07046747395463018,0.017423328313365037,Green
7931,0,0.00249051321297884,0.10078269213425453,0.022148948997233974,Green
7932,0,0.0004827048978768289,0.07128629765374059,0.014643423449049578,Green
7933,0,0.0005724711401853711,0.07810574988386362,0.01607912688892102,Green
7934,0,0.001145507604815066,0.10422852098205335,0.021762110280262717,Green
7935,0,0.0001836719660786912,0.40652237570255445,0.08145141271337382,Green
7936,0,0.000480561115546152,0.09720976045817738,0.019826400984072394,Green
7937,0,0.001984562538564205,0.3168131667461068,0.06495028338007271,Green
7938,0,0.00016613783955108375,0.17594783135886535,0.03532247654341393,Green
7939,0,0.0004460874246433377,0.10085937224349503,0.02052874438841367,Green
7940,0,0.00018122124893125147,0.044954747944507066,0.009135926588046413,Green
7941,0,9.13848081836477e-05,0.043816763203846525,0.008836460487316221,Green
7942,0,0.00048531037755310534,0.06624237354977604,0.01363672301199769,Green
7943,0,0.0005137397180078551,0.11375132382286174,0.023161256538978627,Green
7944,0,0.00026597265677992256,0.13932618350183135,0.028078014825790202,Green
7945,0,0.0007593953516334296,0.09969233837474302,0.020545983956255343,Green
7946,0,0.0002675807336345315,0.06734406216470214,0.01368287701984805,Green
7947,0,0.0021355035481974483,0.1311181979219875,0.027932042422955453,Green
7948,0,0.0003448070026934147,0.1073048901992627,0.02173682364200727,Green
7949,0,0.003102107811719179,0.09881013110827092,0.022243712471029523,Green
7950,0,0.0012745125219225883,0.2247500534228798,0.04596962070211402,Green
7951,0,0.0002586039539892226,0.266902060486891,0.053587295260569566,Green
7952,0,0.0006621327134780586,0.07309041851327874,0.015147789873438192,Green
7953,0,0.00018241556972498074,0.4211997636521235,0.08438588518620467,Green
7954,0,0.0001866799168055877,0.44253108373587724,0.0886555606806199,Green
7955,0,0.0013191361213102937,0.07325981406264633,0.015707271709577496,Green
7956,0,0.0026446395087987183,0.0728164076041023,0.01667899312785943,Green
7957,0,0.0004651141818612814,0.10889851628180997,0.022151794601851012,Green
7958,0,0.0002707412000745535,0.06864572527042251,0.013945738014144142,Green
7959,0,0.0003916550544090569,0.0729641861394426,0.014906161271415762,Green
7960,0,0.00143711413256824,0.056952458447865714,0.012540182995627733,Green
7961,0,0.00023595827515237032,0.07088989538749255,0.014366745697620403,Green
7962,0,0.010512292943894863,0.10692183835826051,0.02979420202676799,Green
7963,0,0.00023812849540263417,0.16495816883364553,0.033182136563051204,Green
7964,0,6.664434622507542e-05,0.13051000360125226,0.026155316197230508,Green
7965,0,0.00022701846319250762,0.1291967902442356,0.026020972819401123,Green
7966,0,0.0001852033688919619,0.11708858694097021,0.023565880083307608,Green
7967,0,6.572768106707371e-05,0.04732494158709162,0.00951757046227198,Green
7968,0,0.000869661709293723,0.15120219443038813,0.030936168253512596,Green
7969,0,0.007225976325571537,0.20527144171261152,0.046835069402979525,Green
7970,0,0.0002391602727584541,0.16799779316730548,0.03379088685166785,Green
7971,0,0.00023495795321650805,0.17728870486300272,0.03564570733517374,Green
7972,0,8.44875343318563e-05,0.25942958099786684,0.05195350622703884,Green
7973,0,0.000176642625592649,0.13795472394177852,0.027732258888829815,Green
7974,0,0.00042372999014332895,0.04319710694503216,0.008978405381121095,Green
7975,0,0.00037272360059432686,0.05134083912043295,0.010566346704562048,Green
7976,0,0.0006599641288630665,0.1433597560372127,0.02919992251053299,Green
7977,0,0.0031922059133648872,0.08030406280959698,0.018614577292611303,Green
7978,0,0.0003759800805710256,0.18611493234413135,0.03752377053328308,Green
7979,0,0.0021393467904999852,0.5856060638526375,0.11883269020292746,Green
7980,0,0.0014757277211174368,0.25202439713243685,0.05158546160338131,Green
7981,0,0.0001861624070443213,0.23649477559464796,0.047447885044565034,Green
7982,0,0.0009394403139594943,0.3218728345095417,0.06512611915307591,Green
7983,0,0.002373910415917635,0.05401564094613461,0.012702256521961027,Green
7984,0,0.0005321587203070521,0.12246597980356551,0.024918922936958736,Green
7985,0,0.0025113794952631,0.04355762410550145,0.010720628417310769,Green
7986,0,0.0018164237961173057,0.12760671587000408,0.026974482210894653,Green
7987,0,0.00012757663789670915,0.36774684780375977,0.0736514308710693,Green
7988,0,0.00015045976033434272,0.06655170362501238,0.013430708533269947,Green
7989,0,0.00039662887575104834,0.05297154938238808,0.010911612977078452,Green
7990,0,0.00037581106880679727,0.03117230233305923,0.006535109321657282,Green
7991,0,0.0003848611668217927,0.1579482299208056,0.03189753491761855,Green
7992,0,0.0007302726851776242,0.09407344691853096,0.019398907531848288,Green
7993,0,0.0007345547317527234,0.045501220467297626,0.009687887878861701,Green
7994,0,0.0026674185413867236,0.12347444445604767,0.026828823724318905,Green
7995,0,0.0007131200283765793,0.07784430963107886,0.016139357948917032,Green
7996,0,0.0001291648150072433,0.09798808240783423,0.019700948333572634,Green
7997,0,0.00021035993704572318,0.04308857462174401,0.008786002873985378,Green
7998,0,8.857257198542356e-05,0.037532308478643576,0.007577319753317052,Green
7999,0,0.0003331847256049514,0.07681767971985282,0.01563008372445452,Green
8000,0,0.0009244919754564762,0.11603525171939445,0.023946643924244067,Green
8001,0,0.001590313669294119,0.5954768759772238,0.12036762613088002,Green
8002,0,0.00012871849467046558,0.5576025490033067,0.11162348459639769,Green
8003,0,0.003442668495699763,0.17382497362284927,0.03751912952112965,Green
8004,0,8.815307228360325e-05,0.1446706038547619,0.02900464322877926,Green
8005,0,7.479952182620764e-05,0.10025835076345223,0.020111509770151408,Green
8006,0,0.00013071895809844134,0.060000870256705946,0.01210474921781994,Green
8007,0,0.002647972572594881,0.043542127878785745,0.010826803633833051,Green
8008,0,0.0011614561080932617,0.18506228131239286,0.03794162114895318,Green
8009,0,0.03041672334074974,0.04521669968072481,0.033376718608744756,Green
8010,0,0.00014808302512392402,0.4023824700270784,0.0805949604255148,Green
8011,0,0.000317975168582052,0.07266074998091203,0.014786530131048045,Green
8012,0,0.0006084787135478109,0.09366675889115948,0.01922013474907014,Green
8013,0,0.00037679316592402755,0.1423511559953447,0.028771665731808154,Green
8014,0,8.975620876299218e-05,0.14671060544196435,0.02941392605540326,Green
8015,0,0.0027347652707248923,0.04550947916116713,0.011289708048813338,Green
8016,0,0.00048659304156899457,0.12288025293505427,0.024965325020266042,Green
8017,0,0.0006911894422955811,0.09740528192989412,0.020034007939815284,Green
8018,0,0.0007092428975738585,0.05595303507439909,0.011758001332938903,Green
8019,0,0.00017349846602883188,0.08468334349789229,0.01707546747240152,Green
8020,0,0.0009532430907711386,0.1587480422166525,0.032512202915947405,Green
8021,0,0.0007935974281281233,0.1704003009624026,0.03471493813498301,Green
8022,0,0.0013511792523786426,0.08991796733757412,0.019064536869417736,Green
8023,0,0.005439423304051161,0.1291198647065789,0.030175511584556704,Green
8024,0,8.862009999575094e-05,0.19400462309800096,0.038871820699596785,Green
8025,0,0.0003819757868768647,0.21111755004296692,0.04252909063809487,Green
8026,0,0.0009113576612435281,0.1485934840452953,0.030447782938053874,Green
8027,0,0.00013688576873391867,0.15763630638654735,0.03163676989229659,Green
8028,0,0.0004990347195416688,0.2565601705513406,0.05171126188590145,Green
8029,0,0.00015000912826508285,0.23054557705052262,0.04622912271271658,Green
8030,0,0.008611941151320933,0.21440493564236163,0.04977054004952906,Green
8031,0,0.010096642188727856,0.08013321516555304,0.02410395678409289,Green
8032,0,0.0001252579430001788,0.09850019984684524,0.01980024632376919,Green
8033,0,8.633664838271217e-05,0.06459641130140739,0.012988351578987646,Green
8034,0,0.001692074234597385,0.07261014788094194,0.015875688963866295,Green
8035,0,0.0010381184983998537,0.14046051022598785,0.028922596843917448,Green
8036,0,9.007198095787317e-05,0.20729843284423644,0.041531744153613576,Green
8037,0,0.0030043465783819554,0.11619947933862167,0.025643373130429893,Green
8038,0,0.0035316416062414644,0.09451463315071452,0.02172823991513607,Green
8039,0,0.0002844436967279762,0.08647241399835699,0.017522037757053775,Green
8040,0,0.00042435508803464474,0.10319570658858311,0.020978625388144333,Green
8041,0,0.003763007209636271,0.0718492528795355,0.017380256343616115,Green
8042,0,0.003082323540002108,0.13566270345240217,0.029598399522482114,Green
8043,0,0.0005210569594055414,0.06443855499717004,0.013304556566958437,Green
8044,0,0.00023827640106901529,0.11743332199201602,0.02367728551925841,Green
8045,0,0.00034527444513514637,0.32304377258259775,0.06488497407262765,Green
8046,0,5.413715407485143e-05,0.06125924337504544,0.012295158398268965,Green
8047,0,0.0016601033275946975,0.257837187664401,0.05289552019495595,Green
8048,0,0.031145402044057843,0.1851175278217553,0.06193982719959733,Green
8049,0,0.0003676892549265176,0.14839513591449183,0.029973178586839573,Green
8050,0,0.0005717926600482315,0.2822043232904037,0.05689829878611931,Green
8051,0,0.0007096107117831707,0.09967813397648485,0.020503315364723503,Green
8052,0,0.0002185491903219372,0.07427436755312417,0.015029712862882379,Green
8053,0,0.0002665648848051205,0.1625015023104272,0.03271355236992953,Green
8054,0,0.0006099725840613246,0.09412626185178308,0.01931323043760567,Green
8055,0,0.00014402324450202286,0.0906230428824992,0.01823982717210145,Green
8056,0,0.000211810547625646,0.07606378956831526,0.015382206351763565,Green
8057,0,0.0005910586914978921,0.11712863160303394,0.023898573273805096,Green
8058,0,0.0006680969148874283,0.09735813361357551,0.02000610425462504,Green
8059,0,0.04715153947472572,0.10270254050151492,0.05826173968008356,Green
8060,0,0.0002838172484189272,0.2709689994842243,0.05442085369557999,Green
8061,0,0.0009158246451988817,0.25270099889611675,0.05127285949538245,Green
8062,0,0.00034159189090132713,0.202159964425692,0.04070526639785946,Green
8063,0,0.0005357634043321013,0.08105780218327571,0.01664017116012082,Green
8064,0,0.0001797033124603331,0.07276491965893457,0.014696746581755179,Green
8065,0,0.0007331023924052715,0.09620648392800282,0.01982777869952478,Green
8066,0,0.0026076312176883222,0.1225345666333934,0.026593018300829333,Green
8067,0,8.839358488330618e-05,0.051766321824473174,0.010423979232801278,Green
8068,0,0.0009168648859485984,0.10472565054722648,0.02167862201820417,Green
8069,0,9.346901206299662e-05,0.2512361962627542,0.05032201446220123,Green
8070,0,0.00010872863203985617,0.3481844729827391,0.06972387750217969,Green
8071,0,8.891860925359651e-05,0.08806471250808451,0.017684077389019774,Green
8072,0,8.913558849599212e-05,0.13924414815278488,0.027920138101353763,Green
8073,0,0.00016888889076653867,0.16904355887661834,0.033943822887936896,Green
8074,0,0.001805477123707533,0.2702406433429212,0.05549251036755025,Green
8075,0,0.0020418764557689427,0.40145122491005025,0.08192374614662519,Green
8076,0,0.00025069296243600546,0.06526995000818665,0.013254544371586132,Green
8077,0,0.00035155705409124495,0.35333287551268217,0.07094782074580941,Green
8078,0,0.0003858830954413861,0.23862279143957568,0.04803326476426823,Green
8079,0,0.04416080638766289,0.056106973352956634,0.04655003978072164,Green
8080,0,0.00025015551364049315,0.0684764667578422,0.013895417762480832,Green
8081,0,0.0007591116242110728,0.1347357407795785,0.027554437455284554,Green
8082,0,0.00046572493156418206,0.09070733773145777,0.018514047491542895,Green
8083,0,0.000986513018142432,0.2713293171754051,0.055055073849594946,Green
8084,0,0.001831703167408705,0.11617062040504543,0.024699486614936043,Green
8085,0,0.001245549914892763,0.1398409917251501,0.028964638276944225,Green
8086,0,0.00014371681172633543,0.10905944202573702,0.021926861854528468,Green
8087,0,0.0003500620427075773,0.20236460522324373,0.0407529706788148,Green
8088,0,0.0005634090804960579,0.20033096295749891,0.04051691985589662,Green
8089,0,0.00065450748661533,0.05873738119878569,0.012271082229049398,Green
8090,0,0.0005881171557120979,0.3637558845220718,0.07322167062898403,Green
8091,0,0.0009635554160922766,0.11726239843134924,0.024223324019143663,Green
8092,0,0.0001447705908503849,0.07219252871397815,0.014554322215475934,Green
8093,0,0.0019986834027804433,0.14909548695689617,0.031418044113603584,Green
8094,0,0.002467421907931566,0.1081495697527848,0.023603851476902207,Green
8095,0,0.09286522194743156,0.12523813020739344,0.09933980359942393,Green
8096,0,9.755432256497443e-05,0.05148784950464894,0.010375613358981767,Green
8097,0,0.000533547846134752,0.07771089684885674,0.015969017646679146,Green
8098,0,0.003292020224034786,0.32503765963720066,0.06764114810666795,Green
8099,0,0.002981332503259182,0.13327668943879264,0.02904040389036587,Green
8100,0,0.0040296301245689396,0.09719716386583056,0.02266313687282126,Green
8101,0,9.229830320691689e-05,0.06319584996890742,0.012713008636347016,Green
8102,0,0.000759148079669103,0.5320395441328064,0.10701522729029654,Green
8103,0,0.0003660334507003427,0.39755002964524466,0.0798028326896092,Green
8104,0,0.0008493288652971386,0.11866201973527435,0.024411867039292576,Green
8105,0,0.02199162170290947,0.15380188859185243,0.04835367508069806,Green
8106,0,0.000126866705249995,0.11216047275217975,0.02253358791463594,Green
8107,0,0.004629431944340468,0.2023201219254128,0.04416756994055492,Green
8108,0,0.0003194893477484584,0.05193540283837796,0.010642672045874357,Green
8109,0,0.006022198428399861,0.06283530046651209,0.017384818836022303,Green
8110,0,0.0034140634816139936,0.03689932098783165,0.010111114982857524,Green
8111,0,0.0007871414418332279,0.26791567740728583,0.05421284863492374,Green
8112,0,0.0006520972354337573,0.21753712055448302,0.0440291018992436,Green
8113,0,0.00033225787919946017,0.10258757424641385,0.020783321152642333,Green
8114,0,0.0008151253103278577,0.09687274585446011,0.020026649419154302,Green
8115,0,0.000505442707799375,0.45411385658542364,0.0912271254833242,Green
8116,0,0.0008324322989210486,0.09190207824781306,0.019046361488699447,Green
8117,0,0.0004945075081195683,0.06628767504892759,0.01365314101628117,Green
8118,0,0.001172111206687987,0.1017677892108032,0.021291246807511027,Green
8119,0,0.0001718193816486746,0.1491978467762111,0.02997702486056115,Green
8120,0,0.0005778648075647653,0.021785143625176313,0.004819320571087074,Green
8121,0,0.00028692035120911894,0.0462725608364259,0.009484048448252473,Green
8122,0,0.0016911261947825551,0.037751602314662284,0.0089032214187585,Green
8123,0,0.00030674697482027116,0.2616875753394141,0.05258291264773903,Green
8124,0,0.0003939550020731986,0.04701701424098724,0.009718566849856005,Green
8125,0,0.00016811879322631285,0.25424150319771327,0.05098279567412369,Green
8126,0,0.0003376537119038403,0.09432794353754638,0.019135711677032343,Green
8127,0,0.0022370523773133756,0.12003695705686113,0.02579703331322292,Green
8128,0,0.000277896027546376,0.10914247889309919,0.022050812600656937,Green
8129,0,0.0006951030110940338,0.05785664535706835,0.012127411480288895,Green
8130,0,0.00013184510607970877,0.07524842516364286,0.015155161117592336,Green
8131,0,9.590476693119854e-05,0.03877945556040968,0.007832614925626894,Green
8132,0,0.001397293247282505,0.07970155254001661,0.017058145105829325,Green
8133,0,0.00016612045874353498,0.18262512166462547,0.03665792069991992,Green
8134,0,0.00015789503522682934,0.16213210315916807,0.03255273666001507,Green
8135,0,0.000656712579075247,0.08418601609064036,0.017362573281388266,Green
8136,0,0.0010750846238806843,0.15129748337246174,0.03111956437359689,Green
8137,0,7.175230712164193e-05,0.22955520600833512,0.04596844304736433,Green
8138,0,0.00042740264907479284,0.0792586460134872,0.01619365132195727,Green
8139,0,0.0005516692879609763,0.02097537454421948,0.004636410339212676,Green
8140,0,0.00025694731157273055,0.11332194802585414,0.022869947454429006,Green
8141,0,0.0005823724495712668,0.08585151304305223,0.017636200568267455,Green
8142,0,0.0006004771334119141,0.2205734034517114,0.0445950623970718,Green
8143,0,0.00033770831651054324,0.07831721044930279,0.015933608743068987,Green
8144,0,0.005112115386873483,0.12899227724706558,0.029888147758911895,Green
8145,0,0.0003481778665445745,0.20643845277413664,0.041566232848062976,Green
8146,0,0.00117501737549901,0.17727231552088468,0.03639447700457614,Green
8147,0,0.0003971423197071999,0.3124909460466631,0.06281590306509836,Green
8148,0,0.0001380585876177065,0.21304608265974095,0.04271966340204234,Green
8149,0,0.000428389006992802,0.15806533938321457,0.031955779082237144,Green
8150,0,7.188905365183019e-05,0.18932841175423712,0.03792319359376888,Green
8151,0,6.673814496025444e-05,0.14546323487945018,0.02914603749185823,Green
8152,0,9.985995275201275e-05,0.13826245368011808,0.02773237869822522,Green
8153,0,9.543730702716857e-05,0.1603465989453984,0.03214566963470141,Green
8154,0,0.0013692087726667522,0.13450614876833852,0.0279965967718011,Green
8155,0,0.0016087125753983856,0.05155148218043165,0.011597266496405037,Green
8156,0,0.0008191856555640698,0.199311067568379,0.04051756203812704,Green
8157,0,4.8342038644477726e-05,0.06347913494156285,0.012734500619228149,Green
8158,0,0.0005266021471470594,0.2464561389700425,0.049712509511726136,Green
8159,0,0.00021351320319809022,0.20813564086121136,0.041797938734800734,Green
8160,0,0.003833508864045143,0.06844192666789463,0.016755192424815036,Green
8161,0,0.00016215280338656158,0.16078145890137316,0.032286014022983874,Green
8162,0,0.00022317081020446495,0.1899426833001333,0.038167073308190226,Green
8163,0,0.0024983728304505347,0.22115745350804114,0.04623018896596865,Green
8164,0,0.00022859588789287956,0.16792826160332164,0.03376852903097863,Green
8165,0,0.00016086012474261224,0.030234805322764676,0.006175649164347024,Green
8166,0,0.0006490890169516205,0.13319558146856122,0.027158387507273535,Green
8167,0,0.0009579950012266636,0.3818217133427952,0.07713073866954034,Green
8168,0,0.00024252642178907992,0.24161639652279596,0.048517300441990444,Green
8169,0,0.00022562965168617668,0.0621685545183594,0.012614214625020818,Green
8170,0,0.00038486662670038645,0.15839432419967805,0.03198675814129591,Green
8171,0,0.0009873576171230524,0.3513590246502117,0.07106169102374076,Green
8172,0,0.00041580109391361477,0.3457000881237514,0.06947265849988116,Green
8173,0,7.247815519804136e-05,0.2800741659876669,0.056072815721691795,Green
8174,0,0.0004941116319969296,0.08796261720781834,0.017987812747161207,Green
8175,0,0.013284824602305888,0.18766983040118143,0.04816182576208099,Green
8176,0,0.0008449672546703369,0.302577293106322,0.06119143242500065,Green
8177,0,0.00032762212213128806,0.0491502610708455,0.010092149911874128,Green
8178,0,0.00014099042309680956,0.10190234123601986,0.020493260585681416,Green
8179,0,0.00025889857206493614,0.10795143088353013,0.02179740503435797,Green
8180,0,0.007899295166134834,0.16649553380136314,0.039618542893180494,Green
8181,0,0.000260961358435452,0.1005206888344916,0.02031290685364668,Green
8182,0,0.0003892642416758463,0.14257979461194462,0.028827370315729593,Green
8183,0,0.0004584206617437303,0.19471244136891147,0.03930922480317727,Green
8184,0,0.0014563418924808502,0.14798881102502018,0.03076283571898871,Green
8185,0,0.0001194611846585758,0.17492288205496107,0.03508014535871906,Green
8186,0,0.00011783134541474283,0.16836005041535673,0.03376627515940313,Green
8187,0,0.008554378058761358,0.08603042566894362,0.024049587580797806,Green
8188,0,0.00020927900332026183,0.04812328142826893,0.009792079488309994,Green
8189,0,0.00032997793750837444,0.10269925197006019,0.020803832744018733,Green
8190,0,0.00018771461036521943,0.040689481539203834,0.008288067996132941,Green
8191,0,0.00041999102104455226,0.026303778473427984,0.005596748511521237,Green
8192,0,0.000591365498257801,0.09794900086475024,0.020062892571556284,Green
8193,0,0.0002889877010602504,0.09794522837758593,0.019820235836365385,Green
8194,0,0.005121086211875081,0.0885040578246639,0.021797680534432845,Green
8195,0,0.0032893518451601266,0.05496030937156206,0.013623543350440512,Green
8196,0,0.00019714887166628615,0.17805826240207687,0.0357693715777484,Green
8197,0,0.00015575200959574433,0.1255107002095095,0.02522674164957849,Green
8198,0,0.002352801989763975,0.2571319334661654,0.053308628285044256,Green
8199,0,0.0005628428305499255,0.09733374443798291,0.019917023152036518,Green
8200,0,0.0060412133112549785,0.17050754303921548,0.03893447925684707,Green
8201,0,0.0014558485243469476,0.37102307485297886,0.07536929379007332,Green
8202,0,0.022496051155030727,0.31425157645240814,0.0808471562145062,Green
8203,0,0.0015557204140350224,0.33387254938970734,0.06801908620916947,Green
8204,0,0.0034798120614141226,0.1604755088009113,0.03487895140931355,Green
8205,0,0.0001414351165294647,0.08183043989489638,0.016479236072202846,Green
8206,0,8.379329519812017e-05,0.17164686146795907,0.0343964069297503,Green
8207,0,0.0028785435482859612,0.09646477723231682,0.021595790285092127,Green
8208,0,0.0001697314262855798,0.09941153420311473,0.020018091981651404,Green
8209,0,0.001503356173634529,0.08539497649070905,0.01828168023704943,Green
8210,0,0.0022906068246811625,0.5135285004670992,0.10453818555316474,Green
8211,0,0.0016115534352138638,0.5714416353531031,0.11557756981879169,Green
8212,0,0.00013037674507359042,0.1655289889199398,0.03321009918004683,Green
8213,0,0.0001958795124664903,0.13123361977836975,0.026403427565647137,Green
8214,0,0.0001285807229578495,0.14570636256058267,0.02924413709048281,Green
8215,0,0.0009022099548019469,0.09756760343981448,0.020235288651804448,Green
8216,0,0.000961435865610838,0.27991501541288777,0.056752151775066206,Green
8217,0,0.0005743455083575099,0.17574791251651156,0.035609058909988306,Green
8218,0,0.00016526356193935499,0.14320633140424593,0.028773477130400665,Green
8219,0,0.0006558520224643871,0.05429298773756739,0.011383279165484985,Green
8220,0,0.005848659295588731,0.07748287285197038,0.020175502006865055,Green
8221,0,0.001717099267989397,0.06146701301873953,0.013667082018139421,Green
8222,0,0.0004333372926339507,0.08197143582578015,0.016740956999263184,Green
8223,0,0.0003108347300440073,0.07105547053315266,0.014459761890665734,Green
8224,0,0.00023061780084390193,0.4845613230108909,0.09709675884285328,Green
8225,0,0.0007560661528259516,0.4765436414289808,0.0959135812080569,Green
8226,0,0.00013211771729402245,0.165078724998199,0.033121439173475015,Green
8227,0,0.0001132147153839469,0.08319397245590371,0.016729366263487894,Green
8228,0,0.0008772252011112868,0.0430501408888529,0.009311808338659609,Green
8229,0,0.0005748499184846878,0.09780159652504512,0.02002019923979677,Green
8230,0,0.000900112057570368,0.286258490921345,0.05797178783032528,Green
8231,0,5.935708977631293e-05,0.16041175949580358,0.032129837570981756,Green
8232,0,4.8395686462754384e-05,0.14576105433066347,0.02919092741530289,Green
8233,0,0.00027815215871669353,0.11151740769544155,0.02252600326606166,Green
8234,0,0.0035533887334167954,0.04102374302592939,0.011047459591919313,Green
8235,0,0.007035256549715995,0.20871225649574085,0.047370656538920954,Green
8236,0,0.002386672655120492,0.06515606864694681,0.014940551853485754,Green
8237,0,0.00035078133223578336,0.20069618983435322,0.04041986303265926,Green
8238,0,0.0001852098968811333,0.1172629033636958,0.02360074859024406,Green
8239,0,0.0006306955241598189,0.11856018952787319,0.024216594324902484,Green
8240,0,0.0001394241029629484,0.21498787403151393,0.043109114088673135,Green
8241,0,5.8962172624887904e-05,0.10944557875660062,0.02193628548942003,Green
8242,0,0.0036015690537169573,0.3232136448770094,0.06752398421837544,Green
8243,0,0.00018467040208633987,0.24295774070053458,0.04873928446177597,Green
8244,0,0.0009095293120481074,0.10934622725677504,0.022596868900993487,Green
8245,0,0.0002674796734936535,0.1124228344545894,0.022698550629712797,Green
8246,0,0.00017412203742424027,0.10254826891475399,0.020648951412890186,Green
8247,0,0.004432524926960469,0.0418278180736681,0.011911583556301994,Green
8248,0,0.000489657639991492,0.3169800948740273,0.06378774508679863,Green
8249,0,0.0007535401149652898,0.09622419774480431,0.019847671640933092,Green
8250,0,0.0007414423627778887,0.2383568774754509,0.04826452938531248,Green
8251,0,0.003921006759628653,0.07703665219797827,0.01854413584729857,Green
8252,0,0.0020930741913616656,0.07894403947783402,0.01746326724865613,Green
8253,0,0.0008197345654480159,0.1365761098658722,0.027971009625532846,Green
8254,0,0.00011073215282522141,0.3263004882862846,0.06534868337951708,Green
8255,0,9.468746866332368e-05,0.22148401055821565,0.04437255208657378,Green
8256,0,0.00014943564310669898,0.060471437518544315,0.01221383601819422,Green
8257,0,0.00013825401838403196,0.20367790627903778,0.040846184470514774,Green
8258,0,7.708945413469336e-05,0.23602276876043385,0.04726622531539451,Green
8259,0,0.002541621180716902,0.0933254608324812,0.020698389111069755,Green
8260,0,0.0012828634819015859,0.14789748201691208,0.03060578718890368,Green
8261,0,0.005296692252159119,0.28416887077650227,0.06107112795702774,Green
8262,0,0.003725565504282713,0.11519936218277016,0.0260203248399802,Green
8263,0,0.0004548128723399714,0.12804651881045154,0.025973154059962276,Green
8264,0,0.0009943702141754329,0.08604060998042148,0.01800361816742464,Green
8265,0,0.00014018912333995103,0.05508000823168166,0.01112815294500829,Green
8266,0,0.00011204910988453775,0.1577503240194199,0.03163970409179161,Green
8267,0,9.344356949441135e-05,0.07186693915081582,0.01444814268575869,Green
8268,0,0.0008131913258694112,0.10028429222578873,0.02070741150585327,Green
8269,0,0.000820191646926105,0.10870814649657294,0.022397782616855468,Green
8270,0,0.007293817307800054,0.3044895044014819,0.06673295472653641,Green
8271,0,0.0009808600880205631,0.12809725425085,0.026404138920586444,Green
8272,0,0.00011144786840304733,0.12675664113311047,0.025440486521344525,Green
8273,0,0.00012128735979786143,0.197091466891334,0.03951532326610508,Green
8274,0,0.0038115157745778564,0.1572579830106405,0.03450080922179038,Green
8275,0,0.00037096533342264595,0.03489534350428755,0.007275840967595626,Green
8276,0,0.00012549933744594456,0.24879037695928777,0.0498584748618143,Green
8277,0,0.00018307860009372234,0.11236763944331468,0.02261999076873791,Green
8278,0,0.0014464783715084195,0.10311565555342518,0.021780313807891766,Green
8279,0,0.0005230510258115828,0.08897839101884256,0.018214119024417774,Green
8280,0,0.0036361053702421487,0.08804975900419675,0.020518836097033064,Green
8281,0,0.00028085246740374716,0.254040191122012,0.05103272019832538,Green
8282,0,0.0039057832676917315,0.26284922990137455,0.055694472594428286,Green
8283,0,0.0012296478496864438,0.17730557973030353,0.03644483422580985,Green
8284,0,0.0010987713700160383,0.07146130011799255,0.015171277119611339,Green
8285,0,0.0001786957262083888,0.12553353930561226,0.02524966444208916,Green
8286,0,0.00029911364254076034,0.25273878385553383,0.050787047685139364,Green
8287,0,0.00025661266408860683,0.1659927488561755,0.03340383990250598,Green
8288,0,0.0014255175832659007,0.1707932010805675,0.035299054282726214,Green
8289,0,0.011195909604430197,0.07890995407471735,0.024738718498487626,Green
8290,0,0.0029004478827118875,0.19379218294791042,0.041078794895751586,Green
8291,0,0.0020851482637226585,0.34860842411254067,0.07138980343348625,Green
8292,0,0.0003318845701869577,0.09490148596190318,0.0192458048485302,Green
8293,0,0.005833267141133547,0.2900531861115538,0.06267725093521759,Green
8294,0,0.00010015951702371239,0.06627482365123132,0.01333509234386523,Green
8295,0,0.00025805180775932967,0.11698627439050314,0.023603696324308088,Green
8296,0,0.005297279451042414,0.04275318709698608,0.012788460980231144,Green
8297,0,0.009050169587135315,0.06080898178031776,0.0194019320257718,Green
8298,0,0.0009028595872223376,0.07154095832315899,0.015030479334409664,Green
8299,0,0.004577437322586775,0.05589231593023698,0.014840413044116815,Green
8300,0,0.04679190032184124,0.1034763589254828,0.058128792042569544,Green
8301,0,0.0033065983094274997,0.10141014882837639,0.022927308413217273,Green
8302,0,0.0011157753062434493,0.10833160014015877,0.02255894027302651,Green
8303,0,0.0004200014576781541,0.1021926822464936,0.020774537615441235,Green
8304,0,0.001960312062874436,0.07533151464482112,0.01663455257926377,Green
8305,0,0.007056737039238215,0.05786338134729052,0.017218065900848675,Green
8306,0,0.0001484961132518947,0.1783164656153334,0.03578209001366819,Green
8307,0,0.00544865159317851,0.1604338649052656,0.03644569425559592,Green
8308,0,0.0003785925800912082,0.06200756725691808,0.01270438751545658,Green
8309,0,0.0004266402800567449,0.06647126700220628,0.013635565624486649,Green
8310,0,0.0015947897220030427,0.0733310223614667,0.01594203624989577,Green
8311,0,0.0009827734320424497,0.09508520544858427,0.01980325983535081,Green
8312,0,0.007622591499239206,0.14581251466829578,0.03526057613305052,Green
8313,0,0.0020418186439201238,0.09231994744581179,0.02009744440429845,Green
8314,0,0.00117629652377218,0.10976800676807597,0.022894638572632933,Green
8315,0,0.003068081894889474,0.049285891899005965,0.012311643895712772,Green
8316,0,0.00010386478097643704,0.13273681100416562,0.02663045402561427,Green
8317,0,7.954617904033513e-05,0.13928693449784327,0.027921023842800916,Green
8318,0,0.0005170888733118772,0.14822665365741508,0.030059001830132513,Green
8319,0,0.0003476599347777665,0.10834482705487293,0.021947093358796795,Green
8320,0,0.00011749418044928461,0.09263709454256547,0.018621414252872517,Green
8321,0,0.0004096809076145291,0.06341025117505446,0.013009794961102513,Green
8322,0,0.07705284059047698,0.08468744678897307,0.0785797618301762,Green
8323,0,0.00020655799307860433,0.15258798684166122,0.03068284376279512,Green
8324,0,0.0002328575646970421,0.09054783034988881,0.01829585212173539,Green
8325,0,0.0008570756413973867,0.12853273022197542,0.02639220655751299,Green
8326,0,0.008069841377437114,0.07358495111342385,0.02117286332463446,Green
8327,0,0.00020081575494259598,0.043664985926273506,0.008893649789208776,Green
8328,0,5.809736539958976e-05,0.21459330741235413,0.04296513937479049,Green
8329,0,0.0004836043226532638,0.08471559194338513,0.01733000184679963,Green
8330,0,0.00011564213200472296,0.03810984828626494,0.007714483362856764,Green
8331,0,0.0006815450731664896,0.15162109695468207,0.0308694554494696,Green
8332,0,0.00032645207829773426,0.12491333013112063,0.025243827688862307,Green
8333,0,0.005133623885922134,0.04558038330914752,0.013222975770567209,Green
8334,0,7.960839720908553e-05,0.11428484516609035,0.022920655750985335,Green
8335,0,0.0006892429664731026,0.07108978319671237,0.014769351012520953,Green
8336,0,0.0008991739130578935,0.3652795217730506,0.07377524348505643,Green
8337,0,3.937940491596237e-05,0.15646242820905593,0.03132398916574394,Green
8338,0,0.0004396051866933703,0.05945379823475113,0.01224244379630492,Green
8339,0,0.00019445038924459368,0.04709998614360179,0.00957555754011603,Green
8340,0,0.00047842956264503305,0.05049461305346324,0.010481666260808672,Green
8341,0,0.000432654726319015,0.1615419892290077,0.032654521626856746,Green
8342,0,0.00017231550300493835,0.1311687952459963,0.02637161145160321,Green
8343,0,0.0009342908626422286,0.037977962350108786,0.008343025160135539,Green
8344,0,0.0008582962909713387,0.05101279451663395,0.010889195936103858,Green
8345,0,0.00492818420752883,0.17240238463673976,0.03842302429337101,Green
8346,0,0.0002440815733280033,0.12188299936915072,0.024571865132492543,Green
8347,0,0.0006379539147019387,0.09272644371283693,0.019055651874328932,Green
8348,0,0.00479265374597162,0.0719768373914335,0.018229490475063993,Green
8349,0,0.0007969946134835481,0.10739668482184805,0.022116932655156445,Green
8350,0,0.0002672979491762817,0.1147138755707466,0.02315661347349034,Green
8351,0,0.00045961065916344523,0.12509124753256282,0.025385938033843314,Green
8352,0,7.785326888551936e-05,0.0817090959427396,0.016404101803656333,Green
8353,0,0.00016988678835332393,0.15022413674053614,0.03018073677878988,Green
8354,0,0.00015413365908898414,0.10830401626105342,0.021784110179481866,Green
8355,0,7.659671973669901e-05,0.09145346598335345,0.018351970572460047,Green
8356,0,0.0004961370606906712,0.03500218241506598,0.007397346131565732,Green
8357,0,0.00030282113584689796,0.07858738003830439,0.01595973291633839,Green
8358,0,0.0005344594537746161,0.13923872790501893,0.028275313144023474,Green
8359,0,0.00013869177491869776,0.2269105613461394,0.04549306568916283,Green
8360,0,0.0013129505096003413,0.09632704528427255,0.020315769464534776,Green
8361,0,0.00018901302828453482,0.10415494630027253,0.020982199682682126,Green
8362,0,0.0008006238727830351,0.1087675092038912,0.022394000939004663,Green
8363,0,6.664778920821846e-05,0.08453383871814375,0.016960085974995324,Green
8364,0,0.003719032369554043,0.06520451854736485,0.016016129605116204,Green
8365,0,0.00017979728581849486,0.10187613632780003,0.020519065094214795,Green
8366,0,0.013230456970632076,0.12624485805219918,0.035833337186945494,Green
8367,0,0.004979799594730138,0.07321317192243511,0.01862647406027113,Green
8368,0,0.00021753750625066456,0.18451015214428704,0.03707606043385793,Green
8369,0,0.002392513956874609,0.055975692918719164,0.013109149749243517,Green
8370,0,0.000405312143266201,0.09432441016176148,0.01918913174696525,Green
8371,0,0.00011357140465406701,0.10947298511732916,0.02198545414718908,Green
8372,0,0.0007951922016218305,0.05270623573139493,0.011177400907576449,Green
8373,0,0.0003413108526729047,0.2554546246568314,0.05136397361350459,Green
8374,0,0.039240849390625956,0.24834303216744258,0.08106128594598927,Green
8375,0,0.0002437952673062682,0.09850057073497917,0.019895150360840844,Green
8376,0,0.0006881793262436986,0.17286902800645856,0.03512434906228666,Green
8377,0,0.0003935688000638038,0.17490934680688267,0.035296724401427566,Green
8378,0,0.374135285615921,0.07609084512430364,0.31452639751759753,Amber
8379,0,0.0002890175324864686,0.3831076367414721,0.07685274137428358,Green
8380,0,0.0008254936314187944,0.2857049397078601,0.05780138284670704,Green
8381,0,0.001216771174222231,0.05706689903619614,0.012386796746617012,Green
8382,0,0.0005217028781771659,0.08509674102806536,0.0174367105081548,Green
8383,0,0.0006869121978525073,0.08504655843143759,0.017558841444569522,Green
8384,0,0.0004242538590915501,0.10219631128579869,0.020778665344432973,Green
8385,0,0.0010783875593915581,0.04046042614841163,0.00895479527719557,Green
8386,0,0.0003284746780991554,0.12620385665336856,0.02550355107315303,Green
8387,0,0.07931505590677262,0.08577588295908406,0.08060722131723491,Green
8388,0,0.00014507983723888174,0.05375067186172271,0.010866198242135644,Green
8389,0,0.0005609105457551778,0.13724903342075706,0.027898535120755547,Green
8390,0,0.0018451098061632364,0.18834536145607686,0.039145160136145954,Green
8391,0,0.052276039868593215,0.05631437627870389,0.05308370715061535,Green
8392,0,0.0003819963050773367,0.14927463342787275,0.030160523729636415,Green
8393,0,0.01106809638440609,0.051847445133159246,0.01922396613415672,Green
8394,0,0.0002761029347311705,0.20259546312578733,0.0407399749729424,Green
8395,0,0.0007866890868172049,0.10169941718040777,0.020969234705535314,Green
8396,0,0.00023483316326746717,0.4207360005209736,0.08433506663480868,Green
8397,0,0.00011478321976028383,0.41047814903363994,0.08218745638253619,Green
8398,0,0.0004444554448127746,0.4273049986091729,0.08581656407768477,Green
8399,0,0.00028251055628061297,0.629946249140049,0.12621525827303426,Green
8400,0,0.0032898216508328916,0.41630781621293167,0.08589342056325262,Green
8401,0,0.0058900680858641865,0.12611104354997008,0.02993426317868536,Green
8402,0,0.0004457357223145664,0.1325521284626596,0.026867014270383568,Green
8403,0,0.00022806360211689023,0.09716947787014873,0.019616346455723254,Green
8404,0,0.00046268561854958536,0.22429074359101941,0.04522829721304354,Green
8405,0,0.0006059985840693116,0.2592232594237193,0.0523294507519993,Green
8406,0,0.0011753215221688151,0.08034406122302497,0.017009069462340043,Green
8407,0,0.00021631232812069356,0.06422648335719142,0.013018346533934836,Green
8408,0,6.70487956085708e-05,0.12494408025128188,0.02504245508674323,Green
8409,0,0.0013778396358247846,0.07305760859929883,0.01571379342851959,Green
8410,0,0.00011832123273052275,0.07442296839923175,0.014979250666030765,Green
8411,0,0.00011763893271563575,0.1164380021311865,0.023381711572409807,Green
8412,0,6.695601769024506e-05,0.06085896260863121,0.012225357335878435,Green
8413,0,0.00019129762367811053,0.03847378864949801,0.00784779582884209,Green
8414,0,0.00018789212335832415,0.08925183527411042,0.01800068075350874,Green
8415,0,0.00024754903861321507,0.3285550653363158,0.0659090522981537,Green
8416,0,0.001667206105776131,0.07815296121126873,0.01696435712687465,Green
8417,0,0.00024446682655252514,0.07607141190705058,0.015409855842652132,Green
8418,0,0.0001163641718449071,0.06708403652116277,0.013509898641708476,Green
8419,0,0.0007727157440967857,0.0892696320010324,0.018472098995483903,Green
8420,0,0.0001821412122808397,0.17656746538422574,0.035459206046669814,Green
8421,0,0.0006138127879239619,0.15792933003726733,0.03207691623779263,Green
8422,0,0.00022478458122350277,0.38371411709689407,0.0769226510843576,Green
8423,0,0.0004063719417899847,0.3609865465042982,0.07252240685429161,Green
8424,0,0.0009807674447074532,0.04309068600851,0.009402751157467961,Green
8425,0,4.99131070682779e-05,0.04595452985906894,0.00923083645746841,Green
8426,0,0.0007081702700816095,0.1000480754386305,0.020576151303791382,Green
8427,0,0.0006438628013711422,0.1849660834076418,0.03750830692262527,Green
8428,0,5.3019809274701406e-05,0.0749332436096051,0.015029064569340778,Green
8429,0,0.0019417821895331144,0.3723428128911824,0.07602198832986296,Green
8430,0,0.0005439514177851378,0.4346112727474653,0.08735741568372114,Green
8431,0,0.00043355972738936546,0.23331866385475142,0.047010580552861767,Green
8432,0,0.0006226376164704562,0.1245832581809274,0.02541476172936184,Green
8433,0,0.0002920341619756073,0.09638868470456638,0.019511364270493756,Green
8434,0,3.901172531186603e-05,0.17858799986431592,0.03574880935311267,Green
8435,0,0.0037398148793727163,0.08453882619803045,0.01989961714310426,Green
8436,0,0.00148166281869635,0.07838734670543675,0.016862799596044427,Green
8437,0,0.0002923918422311544,0.188449981035658,0.037923909680916516,Green
8438,0,0.0003388915298273787,0.31012564131455234,0.06229624148677236,Green
8439,0,0.00021286544506438076,0.28025033093291324,0.05622035854263414,Green
8440,0,0.0025552806444466116,0.1821082260648659,0.03846586972853046,Green
8441,0,0.00027482936275191605,0.15064994978952131,0.030349853448105788,Green
8442,0,7.90413745562546e-05,0.1742298045032696,0.03490919400029892,Green
8443,0,0.0026763859670609234,0.2856938710056262,0.05927988297477397,Green
8444,0,0.00047361065517179666,0.06670032034857334,0.013718952593852102,Green
8445,0,0.0004623106098733843,0.19363019713047355,0.03909588791399341,Green
8446,0,0.0005288678104989231,0.09545779159285041,0.019514652566969215,Green
8447,0,0.0008780133910477161,0.1528152769788867,0.031265466108615504,Green
8448,0,0.0005088825360871852,0.10453858927769365,0.021314823884408474,Green
8449,0,0.00011010728485416621,0.08722181833236271,0.01753244949435587,Green
8450,0,0.0009276272030547261,0.13834253581966313,0.0284106089263764,Green
8451,0,9.210866264766082e-05,0.06318571391295472,0.012710829712709069,Green
8452,0,0.0002531968697439879,0.11210740047045463,0.02262403758988611,Green
8453,0,0.00013808464427711442,0.20629228915781522,0.04136892554698472,Green
8454,0,4.681526843341999e-05,0.10806173636260483,0.021649799487267696,Green
8455,0,0.0003477938182186336,0.1516947010399571,0.03061717526256632,Green
8456,0,0.0005816563265398145,0.12108156621121519,0.024681638303474883,Green
8457,0,0.00048259468167088926,0.15850691684250826,0.032087459113838354,Green
8458,0,0.00013840977335348724,0.13673753341927072,0.027458234502536927,Green
8459,0,0.0001609037077287212,0.07978949923708198,0.01608662281359937,Green
8460,0,0.00014147624897304923,0.15420974118765413,0.030955129236709258,Green
8461,0,0.00018989064847119153,0.09140751098204242,0.01843341471518543,Green
8462,0,6.762814591638745e-05,0.07125084553207728,0.014304271623148563,Green
8463,0,0.00013651314948219808,0.12168584833704622,0.024446380186994996,Green
8464,0,6.291947065619751e-05,0.1700432646678887,0.03405898851010269,Green
8465,0,0.000522097572684288,0.03705661671868985,0.007829001401885399,Green
8466,0,0.00011638846481218935,0.05154574785709623,0.010402260343268995,Green
8467,0,0.0004545045492704958,0.1018979392844624,0.02074319149630887,Green
8468,0,0.00047674230299890044,0.01731554148161913,0.0038445021387229455,Green
8469,0,0.00022540015052072704,0.1331981800121994,0.026819956122856457,Green
8470,0,5.148982054379303e-05,0.08129789373063857,0.016300770602562745,Green
8471,0,0.0015086981002241373,0.0746761466131314,0.016142187802805588,Green
8472,0,0.00013104946701787413,0.3043797685917261,0.060980793291959504,Green
8473,0,0.0026679242961108684,0.06166193004913786,0.014466725446716263,Green
8474,0,0.00012780266988556834,0.1340291044855777,0.026908063033023986,Green
8475,0,0.029861564189195635,0.15064697925709883,0.05401864720277627,Green
8476,0,0.002324544917792082,0.30904006869832573,0.06366764967389879,Green
8477,0,0.000164255837444216,0.3505281058206025,0.07023702583407586,Green
8478,0,0.00022692860220558942,0.14430106641852541,0.029041756165469546,Green
8479,0,0.0017398158786818387,0.08680656114306413,0.018753164931558295,Green
8480,0,0.0003620342002250254,0.1634766314406015,0.032984953648300314,Green
8481,0,8.342779692611658e-05,0.08615785873096048,0.017298313983732987,Green
8482,0,0.0001754626544425264,0.29836348585555944,0.05981306729466589,Green
8483,0,0.0017710180021822451,0.15768328075086127,0.032953470551918045,Green
8484,0,0.014065607171505689,0.07814629706883916,0.02688174515097238,Green
8485,0,0.0009898734046146274,0.23144230041258296,0.04708035880620828,Green
8486,0,0.0012230362510308624,0.21395940563745647,0.043770310128315976,Green
8487,0,0.0010301651433110236,0.1815119360692272,0.03712651932849425,Green
8488,0,0.0022118647582829,0.4058949493959762,0.08294848168582154,Green
8489,0,0.00043649622821249066,0.08672985367124564,0.017695167716819116,Green
8490,0,0.00018514396360842512,0.12972537461543862,0.02609319009397446,Green
8491,0,8.749138214625418e-05,0.20668452502025472,0.041406898109767935,Green
8492,0,0.00012282695388421416,0.09035221631775205,0.018168704826657778,Green
8493,0,0.0001464276429032907,0.12156061992452953,0.024429266099228533,Green
8494,0,0.0011080682976171373,0.26850674271584996,0.05458780318126369,Green
8495,0,0.001049297978170216,0.10421096020295866,0.0216816304231279,Green
8496,0,0.002425339352339506,0.13596829098056007,0.029133929677983613,Green
8497,0,0.00012084847257938236,0.09420588046427117,0.018937854870917734,Green
8498,0,5.537912948057055e-05,0.2750371771390363,0.05505173873139171,Green
8499,0,0.008683680556714535,0.054715910882863726,0.01789012662194437,Green
8500,0,0.0011027409695088864,0.19717269854600103,0.040316732484807306,Green
8501,0,7.503171109419781e-05,0.1409821821306438,0.028256461795004115,Green
8502,0,0.00047571639879606664,0.1949044058818917,0.03936145429541518,Green
8503,0,0.0013234753627330063,0.23318271134239923,0.047695322558666244,Green
8504,0,0.0010890033561736345,0.0710967091134742,0.015090544507633743,Green
8505,0,0.01868290174752474,0.11494577438197737,0.03793547627441526,Green
8506,0,0.0016688348958268761,0.23846827903034304,0.049028723722730094,Green
8507,0,0.0003082899085711688,0.2938870620065052,0.059024044328157964,Green
8508,0,0.00014630973601015285,0.1308494530718712,0.02628693840318236,Green
8509,0,6.202536533237435e-05,0.09925731267196199,0.01990108282665829,Green
8510,0,0.0002573248464614153,0.0991085041959146,0.020027560716352047,Green
8511,0,0.00014357734762597828,0.17198978330848677,0.034512818539798124,Green
8512,0,0.011490668356418609,0.1806817063737311,0.0453288759598811,Green
8513,0,0.00022775190009269864,0.15546225723188492,0.031274652966451134,Green
8514,0,0.0007187377894297242,0.06649446631555198,0.013873883494654172,Green
8515,0,0.0003087140328716487,0.03500608141992213,0.007248187510281744,Green
8516,0,6.138320677564479e-05,0.19941232638035963,0.03993157184149244,Green
8517,0,0.0001619826492969878,0.24259984151844716,0.04864955442312701,Green
8518,0,0.0006198219605721533,0.06314152750737971,0.013124163069933662,Green
8519,0,0.0003771898220293224,0.12408746015161726,0.025119243887946903,Green
8520,0,0.00012942998728249222,0.08495311342099046,0.01709416667402408,Green
8521,0,0.00011732737184502184,0.2030537979661097,0.04070462149069795,Green
8522,0,0.0007544327294453978,0.10029280757355692,0.0206621076982677,Green
8523,0,0.0007667925208806991,0.07350703067769539,0.015314840152243634,Green
8524,0,0.0002946790569694713,0.047001235173918424,0.00963599028035926,Green
8525,0,7.115894622984343e-05,0.1085328471725854,0.021763496591500953,Green
8526,0,0.00020257019787095487,0.13644378114961897,0.027450812388220554,Green
8527,0,0.0029415841680020096,0.04062912921849378,0.010479093178100363,Green
8528,0,0.00028048102976754304,0.16968406760098542,0.03416119834401111,Green
8529,0,0.019850878790020943,0.02397125108686034,0.020674953249388825,Green
8530,0,0.007338142953813076,0.06381510214198022,0.018633534791446502,Green
8531,0,0.004924164433032274,0.35944536617215317,0.07582840478085644,Green
8532,0,0.001704240741673857,0.04502186741199154,0.01036776607573739,Green
8533,0,0.0006410763482563198,0.13353991006463684,0.02722084309153242,Green
8534,0,0.0003216662211343646,0.09462293114815452,0.019181919206538393,Green
8535,0,0.0002750356739852577,0.1745255852745559,0.03512514559409938,Green
8536,0,0.0001198081867187284,0.05800512246472443,0.011696871042319867,Green
8537,0,0.00015950887755025178,0.061538676397510705,0.01243534238154234,Green
8538,0,0.0002151063468772918,0.23596741323588916,0.047365567724679654,Green
8539,0,0.0008153976406902075,0.2607707896278742,0.052806476038127,Green
8540,0,0.0002646933367941529,0.19392148077698573,0.03899605082483246,Green
8541,0,4.5572271119453944e-05,0.12310656542938488,0.024657770902772533,Green
8542,0,0.00033599612070247533,0.4291427117554322,0.08609733924764841,Green
8543,0,0.00017780197522370144,0.08180142096056953,0.016502525772292862,Green
8544,0,0.00014712220581714064,0.05505453204066425,0.01112860417278656,Green
8545,0,0.00022109899146016687,0.3999331747984099,0.0801635141528501,Green
8546,0,0.004542259778827429,0.12865494346673143,0.029364796516408224,Green
8547,0,0.0006035925587639212,0.1650134529130238,0.03348556462961589,Green
8548,0,0.0015038357814773917,0.2587784113170911,0.05295875088860013,Green
8549,0,0.0059523191303014755,0.09570005212742246,0.023901865729725667,Green
8550,0,0.00010644556023180485,0.11695267293306126,0.02347569103479769,Green
8551,0,0.00017168784397654234,0.12302964067100311,0.02474327840938185,Green
8552,0,0.00041418384644202887,0.0789995782635057,0.01613126272985476,Green
8553,0,0.0006875999388284981,0.15523440503126582,0.031596960957315956,Green
8554,0,0.0038535525556653736,0.07946548965812157,0.01897593997615661,Green
8555,0,0.0003576805640477687,0.12339128137351792,0.024964400725941794,Green
8556,0,0.00015645271050743757,0.029911508605319295,0.006107463889469807,Green
8557,0,0.0012204606086015702,0.07202267908228539,0.015380904303338331,Green
8558,0,0.0015985904028639197,0.03139707433593269,0.007558287189477673,Green
8559,0,0.010703952237963676,0.09189796548330686,0.026942754887032308,Green
8560,0,0.00011672767723212019,0.08482848261937034,0.017059078665659762,Green
8561,0,0.0010413151350803672,0.0365503350735604,0.008143119122776371,Green
8562,0,0.00020720585598610342,0.12651595001164437,0.025468954687117754,Green
8563,0,0.00023795475426595657,0.09981010133316605,0.02015238407004597,Green
8564,0,0.00011800141946878284,0.23241047944871596,0.04657649702531821,Green
8565,0,0.00031888781813904643,0.034497262869484555,0.0071545628284081465,Green
8566,0,0.0007266043103300035,0.047462338106704985,0.010073751069604998,Green
8567,0,0.002079839864745736,0.12590224397214947,0.026844320686226476,Green
8568,0,0.0022487626411020756,0.111575158290023,0.024114041770886253,Green
8569,0,0.00010911832214333117,0.15714123107956696,0.031515540873628047,Green
8570,0,0.015314495004713536,0.04803605704389371,0.02185880741254957,Green
8571,0,0.00012872776569565757,0.04667860257021816,0.009438702726600155,Green
8572,0,0.0012583876377902925,0.2467885324605247,0.05036441660233716,Green
8573,0,0.00021352478070184587,0.03273516430279191,0.0067178526851198565,Green
8574,0,0.000247098840191029,0.10590047397370568,0.021377773866893955,Green
8575,0,0.04754297211766243,0.0529745213055077,0.04862928195523149,Green
8576,0,9.350646723760292e-05,0.23048702815214328,0.04617221080421873,Green
8577,0,0.0038029942195862533,0.13703000057861678,0.030448395491392354,Green
8578,0,0.00019588261930039155,0.1152153579960404,0.02319977769464839,Green
8579,0,0.00020153326768195258,0.07291945131589479,0.014745116877324518,Green
8580,0,0.0003090233076363802,0.1490543481415055,0.0300580882744102,Green
8581,0,0.0001158219267381355,0.03627503831960051,0.0073476652053106085,Green
8582,0,0.046292996406555174,0.015395968413560784,0.0401135908079563,Green
8583,0,0.0007837739074602723,0.16506226428301568,0.03363947198257134,Green
8584,0,0.005817015981301665,0.05738322375112465,0.01613025753526626,Green
8585,0,6.196252725203522e-05,0.27252655209356774,0.054554880440515166,Green
8586,0,0.0006435887305997313,0.12472892232459218,0.025460655449398215,Green
8587,0,0.00015804814174771308,0.26672367261519203,0.053471173036436566,Green
8588,0,0.001053280127234757,0.19946800320065608,0.040736224741919014,Green
8589,0,0.00017133722722064703,0.21557123699817501,0.04325131718141151,Green
8590,0,0.0008118657744489611,0.11543041583725897,0.023735575787010958,Green
8591,0,0.00010666231537470594,0.08215403267039204,0.016516136386378166,Green
8592,0,0.005721582565456629,0.07687003524843392,0.01995127310205208,Green
8593,0,0.0027428174857050177,0.1458714952515327,0.031368553038870546,Green
8594,0,0.00015947670326568186,0.16710101287920257,0.03354778393845305,Green
8595,0,0.0003132372279651463,0.18714509849993255,0.037679609482358614,Green
8596,0,0.0015568442642688752,0.07958470226699764,0.017162415864814623,Green
8597,0,0.00048362903762608764,0.12392667482366185,0.025172238194833232,Green
8598,0,0.00044961415696889164,0.10373075097685278,0.021105841520945665,Green
8599,0,0.0002941721118986607,0.08369662957229111,0.01697466360397715,Green
8600,0,0.00013807165960315614,0.08426288876803102,0.016963035081288727,Green
8601,0,0.0005847050342708826,0.1420696683575017,0.02888169769891704,Green
8602,0,0.00036723168450407683,0.204544684956725,0.041202722338948256,Green
8603,0,0.0001672717888141051,0.13914262339248346,0.02796234210954797,Green
8604,0,0.0006381436018273234,0.06489073834774714,0.013488662551011284,Green
8605,0,0.0006717297248542308,0.11344006737628146,0.02322539725513967,Green
8606,0,0.00011824065732071176,0.12911685755031063,0.025917964035918693,Green
8607,0,0.004836620949208736,0.09319082069250527,0.022507460897868037,Green
8608,0,8.817123307380825e-05,0.06121204317648575,0.012312945621756194,Green
8609,0,0.0003554255235940218,0.12968371376103138,0.02622108317108149,Green
8610,0,0.0003307270410005003,0.08313634669207275,0.016891850971214945,Green
8611,0,0.0005727367592044174,0.24747149843482347,0.04995248909432822,Green
8612,0,0.00030687574762851,0.06023258187644954,0.012292016973392713,Green
8613,0,0.00012947225477546456,0.04127781097340704,0.008359139998501778,Green
8614,0,0.007801916962489486,0.016472296306196395,0.009535992831230867,Green
8615,0,0.00024641344207338984,0.09479694099084343,0.019156518951827396,Green
8616,0,0.0014293467625975608,0.09412921010175658,0.01996931943042936,Green
8617,0,0.0008565955213271081,0.3475275170673613,0.07019077983053393,Green
8618,0,0.0009020069614052772,0.1311437863781216,0.026950362844748534,Green
8619,0,0.0004764024110045284,0.13115320232732633,0.026611762394268882,Green
8620,0,0.00017905037966556845,0.28240335895305696,0.05662391209434383,Green
8621,0,0.004333022644277662,0.10517843445002076,0.024502105005426277,Green
8622,0,0.0002423131838440895,0.03628055397344009,0.007449961341763289,Green
8623,0,0.0007453758909832687,0.10749055224966031,0.022094411162718673,Green
8624,0,0.0006074664881452918,0.15603170138488132,0.03169231346749249,Green
8625,0,0.00014495137584162875,0.09882526316110914,0.019881013732895126,Green
8626,0,0.0003913157153874636,0.05794144380409119,0.011901341333128207,Green
8627,0,0.0006470703752711416,0.11366861828509903,0.023251379957236713,Green
8628,0,0.00016352298262063415,0.2392534030018714,0.04798149898647078,Green
8629,0,0.003284112270921469,0.07823206663981072,0.018273703144699317,Green
8630,0,0.000333254603901878,0.02960234688829441,0.006187073060780383,Green
8631,0,0.026103221438825132,0.0820779026984895,0.037298157690758005,Green
8632,0,0.008342560240998864,0.07836051774861535,0.02234615174252216,Green
8633,0,0.0004654780263081193,0.3258695282538511,0.0655462880718167,Green
8634,0,0.07899397239089012,0.0945886336380252,0.08211290464031715,Green
8635,0,0.00400379616767168,0.049073146289249935,0.01301766619198733,Green
8636,0,0.002764891274273396,0.12397001832088753,0.027005916683596216,Green
8637,0,0.00010396329598734156,0.08053506522016343,0.01619018368082256,Green
8638,0,0.00041248275665566324,0.04708619284709209,0.009747224774742947,Green
8639,0,0.00015710019652033226,0.3710127053198864,0.07432822122119354,Green
8640,0,0.0002948214067146182,0.039513674270725004,0.008138591979516694,Green
8641,0,0.00066085709258914,0.10299489197680266,0.02112766406943184,Green
8642,0,0.0023036655737087132,0.030759401016206195,0.007994812662208209,Green
8643,0,0.0004957266908604651,0.3735657685805494,0.07510973506879824,Green
8644,0,0.0010011697886511683,0.23626097353048084,0.04805313053701709,Green
8645,0,0.00019166457059327513,0.27893877491475505,0.05594108663942562,Green
8646,0,0.0005786703433841467,0.08299689483585015,0.017062315241877343,Green
8647,0,5.326757309376262e-05,0.2956850030476327,0.059179614668001534,Green
8648,0,0.00039447079179808495,0.071554105584417,0.014626397750321863,Green
8649,0,0.0023366876412183046,0.0666943781978634,0.015208225752547322,Green
8650,0,0.0009365967125631869,0.18910663466355096,0.038570604302760735,Green
8651,0,0.013209381140768528,0.06663147308007475,0.02389379952862977,Green
8652,0,0.00015028322814032437,0.06355969826923563,0.012832166236359384,Green
8653,0,9.417496476089582e-05,0.0716634983825342,0.014408039648315555,Green
8654,0,0.0005753913195803761,0.07352035013244647,0.015164383082153593,Green
8655,0,0.00027612333069555457,0.09700879882227352,0.019622658429011144,Green
8656,0,0.0004751554690301418,0.11910415810070761,0.02420095599536563,Green
8657,0,0.00096766899805516,0.08494567041791691,0.017763269282027507,Green
8658,0,0.0032202944625169035,0.1834755175194804,0.039271339073909596,Green
8659,0,0.00018982194014824927,0.060586348190266266,0.01226912719017185,Green
8660,0,0.0003691635851282626,0.06042541759099176,0.01238041438630096,Green
8661,0,0.00012980832252651453,0.05095723829153082,0.010295294316327374,Green
8662,0,0.0008854127838276327,0.1661134112675083,0.03393101248056376,Green
8663,0,0.0002948705106973648,0.4057585388181531,0.0813876041721885,Green
8664,0,0.0008818195317871869,0.17129245925439415,0.03496394747630857,Green
8665,0,0.0002770155551843345,0.14916393580631845,0.03005439960541115,Green
8666,0,0.0006955240503884851,0.1394436211736646,0.0284451434750437,Green
8667,0,0.00018418581748846918,0.2058792723643176,0.04132320312685429,Green
8668,0,4.763429096783511e-05,0.18302066183096122,0.036642239798966504,Green
8669,0,0.0361746035516262,0.18845796853202995,0.06663127654770695,Green
8670,0,0.00010008729004766792,0.1485947448129522,0.029799018794628568,Green
8671,0,0.0005780813051387667,0.1955363455805382,0.039569734160218646,Green
8672,0,0.0001811494177673012,0.2762669812773141,0.05539831578967665,Green
8673,0,8.023654663702473e-05,0.2721362851993127,0.05449144627717215,Green
8674,0,0.0006639781291596592,0.31741998556272083,0.06401517961587189,Green
8675,0,0.00013016584562137724,0.11957290595082992,0.02401871386666308,Green
8676,0,0.0007652818108908832,0.12137548241254452,0.024887321931221604,Green
8677,0,0.0025948746129870414,0.0908408538177963,0.02024407045394889,Green
8678,0,0.00037456413265317683,0.44143719792963243,0.08858709089204901,Green
8679,0,0.00037257842486724255,0.14871497331112948,0.030041057402119684,Green
8680,0,0.0006210866093169897,0.4446915211732457,0.0894351735221027,Green
8681,0,0.004741314053535462,0.12323799163525156,0.028440649569878677,Green
8682,0,0.000692999712191522,0.07842846504918562,0.016240092779590338,Green
8683,0,0.0009219822240993381,0.10186643610722687,0.02111087300072484,Green
8684,0,0.008252219669520854,0.10996174081841684,0.028594123899300047,Green
8685,0,0.00014886646531522273,0.08205073502240266,0.01652924017673271,Green
8686,0,0.001220979483332485,0.25822079890472704,0.05262094336761139,Green
8687,0,0.0009211787488311528,0.15257231444584068,0.03125140588823305,Green
8688,0,0.00011178540298715234,0.1331375981302952,0.02671694794844875,Green
8689,0,0.00012117391233914531,0.09360555145996578,0.018818049421864467,Green
8690,0,0.0001177336205728352,0.1616974149238741,0.03243366988123308,Green
8691,0,0.0002473853004630655,0.07116262410940467,0.014430433062251384,Green
8692,0,0.004331495775841176,0.10768761052897312,0.02500271872646756,Green
8693,0,0.0026312819682061672,0.15776720337482628,0.03365846624953018,Green
8694,0,0.0008958757971413434,0.23502042452963265,0.04772078554363959,Green
8695,0,0.00027323828253429384,0.22354793317383612,0.04492817726079465,Green
8696,0,0.00020887826976832003,0.11241467707602282,0.022650038031019212,Green
8697,0,8.736857780604624e-05,0.1863700653148011,0.037343907925205054,Green
8698,0,0.0020528567023575307,0.1848198372530668,0.038606252812499374,Green
8699,0,0.0003694516257382929,0.04804414975362331,0.009904391251315293,Green
8700,0,0.0002500222879461944,0.10123982561488189,0.02044798295333333,Green
8701,0,0.00020704493508674204,0.1905267151938535,0.038270978986840086,Green
8702,0,0.00043819519923999907,0.34136163771573924,0.06862288370253984,Green
8703,0,0.0005360727547667921,0.16094288936507317,0.032617436076828064,Green
8704,0,0.00010795227281050757,0.15418968742620434,0.030924299303489267,Green
8705,0,0.0035204687505029143,0.16351142967944216,0.03551866093629076,Green
8706,0,0.00024698974448256195,0.09849277999839597,0.01989614779526524,Green
8707,0,0.0027852801606059073,0.1575010967125667,0.03372844347099806,Green
8708,0,0.0001519808603916317,0.14358146342019434,0.028837877372352168,Green
8709,0,0.0002911217336077243,0.2581402220534939,0.05186094179758495,Green
8710,0,0.0005925586796365678,0.25724326722347185,0.05192270038840362,Green
8711,0,0.00014625529584009198,0.07500353553118858,0.015117711342909785,Green
8712,0,0.003050002921372652,0.15012498318776138,0.03246499897465039,Green
8713,0,0.0005224418477155269,0.14070617188532417,0.02855918785523725,Green
8714,0,0.0005355958011932672,0.09972303242010061,0.020373083124974732,Green
8715,0,7.624321660841815e-05,0.24074514596924998,0.04821002376713672,Green
8716,0,0.002462898357771337,0.16144834679251818,0.0342599880447207,Green
8717,0,0.000532431888859719,0.18962773320885914,0.038351492152859594,Green
8718,0,7.471492135664449e-05,0.2107797539870705,0.0422157227344994,Green
8719,0,0.0021232909522950648,0.12037449081938585,0.025773530925713217,Green
8720,0,0.0011091869790107011,0.06538859836911896,0.01396506925703235,Green
8721,0,0.00013937054318375887,0.14587972806744137,0.029287442048035277,Green
8722,0,0.00019025698420591653,0.0788111685510707,0.01591443929757887,Green
8723,0,0.00041195978410542007,0.18536396514373454,0.037402360856031235,Green
8724,0,0.00023885881819296628,0.0668491119956216,0.01356090945367869,Green
8725,0,0.00010224680881947278,0.38368899864505035,0.07681959717606564,Green
8726,0,6.839229463366792e-05,0.08211422294312107,0.016477558424331146,Green
8727,0,0.0005024924117606133,0.08850274329913452,0.01810254258923539,Green
8728,0,0.0002154183021048084,0.085181870348961,0.017208708711476044,Green
8729,0,0.0010332908015698195,0.09402400912611095,0.01963143446647804,Green
8730,0,0.0001478702703025192,0.0666703152052092,0.013452359257283854,Green
8731,0,0.0006271104444749654,0.07810002069686338,0.016121692494952645,Green
8732,0,0.0009892294183373451,0.08050943556269458,0.01689327064720879,Green
8733,0,0.00030602606711909174,0.24724382446611998,0.04969358574691926,Green
8734,0,0.0005653191707096994,0.15388289476826947,0.031228834290221646,Green
8735,0,0.01087732259184122,0.06780804018867226,0.022263466111207424,Green
8736,0,0.0005865165265277028,0.18310404933027746,0.03709002308727764,Green
8737,0,0.0005245583364740014,0.17473113254190156,0.03536587317755951,Green
8738,0,0.0005284666549414396,0.1946302765344958,0.0393488286308523,Green
8739,0,0.001152698078658432,0.2120572056132258,0.0433335995855719,Green
8740,0,0.00013570860610343516,0.08448965844293141,0.017006498573469028,Green
8741,0,0.0028114282526075837,0.25067006202125686,0.052383155006337424,Green
8742,0,0.0010345101123675703,0.11971848214022897,0.024771304517939845,Green
8743,0,0.0005897852766793221,0.09936278696674201,0.020344385614691856,Green
8744,0,0.009853122383356096,0.06106380949322399,0.020095259805329675,Green
8745,0,0.0169480649754405,0.03762373878179379,0.02108319973671116,Green
8746,0,0.0007699189009144902,0.047050007682565,0.010025936657244591,Green
8747,0,0.00033137649879790845,0.2086758876245937,0.04200027872395705,Green
8748,0,0.001257205195724964,0.07905928120191275,0.016817620396962517,Green
8749,0,0.0016084888717159628,0.06860620230827354,0.015008031559027475,Green
8750,0,0.001255859388038516,0.04779832583180605,0.01056435267679202,Green
8751,0,0.0031109394971281287,0.20490802486974755,0.043470356571652005,Green
8752,0,0.001045883377082646,0.2079840526614255,0.0424335172339512,Green
8753,0,0.00011463268456282094,0.057231088372378676,0.011537923822125989,Green
8754,0,0.0009805830079130829,0.16471728729886562,0.033727923866103585,Green
8755,0,0.00042442319681867957,0.15567840991878804,0.031475220541212545,Green
8756,0,0.00842975303530693,0.26361924593482233,0.05946765161521,Green
8757,0,0.00020978878892492504,0.07165125326467046,0.01449808168407403,Green
8758,0,3.368745892657899e-05,0.13017243983380433,0.026061437933902126,Green
8759,0,8.307519819936716e-05,0.09011314294626592,0.018089088747812673,Green
8760,0,0.0002911197836510837,0.038665497885964004,0.007965995404113666,Green
8761,0,0.0005060343479271978,0.17191862074040812,0.03478855162642337,Green
8762,0,0.0011629735585302115,0.18060573867425198,0.03705152658167456,Green
8763,0,0.00010634196223691106,0.14277797531080821,0.028640668631951166,Green
8764,0,0.0007498952909372747,0.07472348046501162,0.015544612325752142,Green
8765,0,0.0005364958196878433,0.06263335536623979,0.012955867728998231,Green
8766,0,9.398117690579965e-05,0.03839625359503182,0.007754435660531002,Green
8767,0,0.00048085780581459404,0.10805581191787149,0.02199584862822597,Green
8768,0,0.0001421284949174151,0.30488350498580546,0.06109040379309501,Green
8769,0,0.00017307384696323423,0.27985514279427764,0.056109487636426106,Green
8770,0,0.0007267460809089244,0.1396604406711978,0.02851348499896669,Green
8771,0,0.001471423008479178,0.1838562151931958,0.0379483814454225,Green
8772,0,0.005811167042702436,0.08524981028364198,0.02169889569089034,Green
8773,0,0.00014061184629099444,0.17878801581577752,0.03587009264018829,Green
8774,0,0.00046763274585828187,0.17048564433923757,0.03447123506453413,Green
8775,0,0.0001430564487236552,0.059468336157326884,0.0120081123904443,Green
8776,0,0.00012668948038481177,0.07379304837896274,0.014859961260100394,Green
8777,0,0.002228502905927599,0.3490323860341335,0.07158927953156877,Green
8778,0,6.541913353430573e-05,0.07281357811826811,0.014615050930481063,Green
8779,0,9.943242694134825e-05,0.18011855271519647,0.036103256484592366,Green
8780,0,0.0002196233836002648,0.12542655716211493,0.02526101013930319,Green
8781,0,0.0006295278784818947,0.19851632199066888,0.04020688670091928,Green
8782,0,0.005479753063991666,0.11154677909730419,0.026693158270654164,Green
8783,0,0.0015672995010390877,0.3119162059418077,0.0636370807891928,Green
8784,0,0.00018534670525696128,0.06827271938512929,0.013802821241231424,Green
8785,0,0.002534801792353392,0.027467494549559972,0.007521340343794707,Green
8786,0,0.00020183433080092072,0.18024713277971446,0.03621089402058362,Green
8787,0,0.0004162057943176478,0.1364535621087761,0.02762367705720933,Green
8788,0,0.016012486815452576,0.05706041492185848,0.024222072436733758,Green
8789,0,0.0005103718256577849,0.05951416196483749,0.012311129853493724,Green
8790,0,0.0001346770237432793,0.1235953413680086,0.02482680989259634,Green
8791,0,0.0003829101682640612,0.07227360774238428,0.014761049683088102,Green
8792,0,0.007633625366725027,0.023898243555023662,0.010886549004384754,Green
8793,0,0.00017378078773617746,0.08374600432797302,0.016888225495783542,Green
8794,0,0.0006424894439987838,0.016060360405591504,0.0037260636363173273,Green
8795,0,0.020983461290597916,0.04764902496091935,0.026316574024662198,Green
8796,0,0.0002522947179386392,0.22077389048141494,0.044356613870633894,Green
8797,0,0.000651777337770909,0.3361630283706157,0.06775402754433985,Green
8798,0,0.00027354999328963456,0.07264473095100982,0.014747786184833668,Green
8799,0,0.0004821530310437083,0.09042670703911611,0.018471063832658185,Green
8800,0,0.0003423371992539615,0.14923208552995842,0.030120286865394846,Green
8801,0,0.0005702926951926202,0.08047012941547899,0.01655026003924989,Green
8802,0,0.005071254353970289,0.08507365657328833,0.021071734797833894,Green
8803,0,0.00012301151946303435,0.1535066995888559,0.0307997491333416,Green
8804,0,0.00021151565306354314,0.09132792308139587,0.018434797138730002,Green
8805,0,0.0009484480484388768,0.09043923676853712,0.018846605792458518,Green
8806,0,0.00032278394792228937,0.12007434211221372,0.02427309558078057,Green
8807,0,0.00034900184255093336,0.12989366051294443,0.026257933576629627,Green
8808,0,0.00026324574719183147,0.14016552268959884,0.028243701135673226,Green
8809,0,0.0008677894133143127,0.10221692366632994,0.02113761626391743,Green
8810,0,0.00034667168511077763,0.17479623025483454,0.03523658339905552,Green
8811,0,0.0001341024675639346,0.05809342077263987,0.011725966128579119,Green
8812,0,0.0006985867163166404,0.1568288933758039,0.03192464804821409,Green
8813,0,0.0006213451270014048,0.07714249802779075,0.01592557570715927,Green
8814,0,6.960378668736668e-05,0.2000134253213799,0.04005836809362586,Green
8815,0,0.0004271573736332357,0.19545214060744528,0.03943215402039564,Green
8816,0,0.0002244756498839706,0.2800124746152133,0.05618207544294982,Green
8817,0,0.0003158087085466832,0.04711591587479437,0.009675830141796219,Green
8818,0,0.0007581314072012902,0.11503041662082074,0.023612588449925177,Green
8819,0,0.02423340566456318,0.05079311710848355,0.02954534795334725,Green
8820,0,0.0020802430342882873,0.0809794590215193,0.017860086231734486,Green
8821,0,0.0002206306584412232,0.12127680220466026,0.024431864967685027,Green
8822,0,8.336907412740402e-05,0.35171329538754637,0.07040935433681117,Green
8823,0,0.00016392898105550558,0.07015760230814479,0.014162663646473358,Green
8824,0,0.001184668636415154,0.1503177857922295,0.03101129206757802,Green
8825,0,0.003577847918495536,0.1341712024214195,0.029696518819080323,Green
8826,0,0.00010393646371085197,0.17466584443068728,0.03501631805710613,Green
8827,0,0.000141797328251414,0.1493005298105595,0.029973543824713022,Green
8828,0,0.006277734786272049,0.15881523253645524,0.036785234336308675,Green
8829,0,0.00847845058888197,0.14094364319824876,0.03497148911075532,Green
8830,0,0.0002806754841003567,0.07544012941791665,0.015312566270863612,Green
8831,0,0.00040730079635977747,0.07750732183954802,0.015827305004997422,Green
8832,0,0.0007685644319280982,0.20540033528554108,0.041694918602650684,Green
8833,0,0.00020937531080562622,0.1620674889085353,0.032580998030351555,Green
8834,0,0.0018740265164524316,0.0780341524331712,0.017106051699796183,Green
8835,0,0.00026929323794320224,0.14572881454282427,0.029361197498919408,Green
8836,0,0.0008926388924010097,0.14782956648367507,0.030280024410655814,Green
8837,0,0.00016797624994069338,0.1276218932089584,0.025658759641744227,Green
8838,0,0.0009978228015825152,0.03498353983651688,0.007794966208569386,Green
8839,0,0.00014763106300961224,0.031120300148277054,0.006342164880063099,Green
8840,0,5.9396346478024506e-05,0.05265007979593537,0.01057753303636949,Green
8841,0,0.00012066947238054127,0.08428456574742345,0.01695344872738912,Green
8842,0,0.012538259848952293,0.07230638877770182,0.0244918856347022,Green
8843,0,0.002938334597274661,0.10879613026450675,0.024109893730721074,Green
8844,0,0.009370435122400522,0.05901120668584173,0.01929858943508876,Green
8845,0,0.00021386175649240613,0.07642078970655727,0.015455247346505377,Green
8846,0,0.00017224954790435732,0.0869277634003662,0.01752335231839672,Green
8847,0,8.833090396365151e-05,0.12228590698895007,0.02452784612096093,Green
8848,0,0.0026258219964802264,0.04614727346263209,0.011330112289710597,Green
8849,0,0.0015258118277415634,0.1109400626953836,0.023408662001269967,Green
8850,0,0.0058008568361401554,0.09230974159695303,0.023102633788302726,Green
8851,0,0.00016879658214747907,0.07192462194472114,0.01451996165466221,Green
8852,0,0.00017690497916191816,0.03929617623379566,0.008000759230088665,Green
8853,0,0.004624321404844522,0.07115436132761908,0.01793032938939943,Green
8854,0,0.00039162473985925316,0.0723277053019067,0.01477884085226874,Green
8855,0,0.03376029776409268,0.09694710746041582,0.046397659703357304,Green
8856,0,0.0001870103005785495,0.15405690044539275,0.030960988329541382,Green
8857,0,0.005149050336331129,0.18645464561201694,0.041410169391468285,Green
8858,0,0.00028231134929228573,0.1665700507412786,0.03353985922768954,Green
8859,0,0.0022899090312421323,0.07829375415217993,0.017490678055429688,Green
8860,0,0.00048412901815026994,0.09871299815672488,0.02012990284586519,Green
8861,0,0.0011777087347581983,0.09779024578815747,0.02050021614543805,Green
8862,0,0.0003647618868853897,0.27844728398031765,0.055981266305571833,Green
8863,0,0.0020408815238624808,0.03830525957649388,0.00929375713438876,Green
8864,0,0.0003071798826567829,0.05032164541684361,0.010310072989494146,Green
8865,0,0.00015459582209587097,0.3537184035272277,0.07086735736312222,Green
8866,0,0.00019460760522633792,0.05342881487770873,0.010841449059722815,Green
8867,0,0.0001761766558047384,0.4320155634674017,0.08654405401812411,Green
8868,0,0.00012740239180857315,0.16358074598663405,0.03281807111077366,Green
8869,0,0.00014105459849815815,0.20300063081514455,0.04071296984182743,Green
8870,0,8.15487073850818e-05,0.1512180876823222,0.030308856502372496,Green
8871,0,0.0015153401996940374,0.17615460984736303,0.03644319412922783,Green
8872,0,0.003081157710403204,0.046293276710619,0.011723581510446363,Green
8873,0,0.15281714200973512,0.06034003993088178,0.13432172159396444,Green
8874,0,0.00016172861796803772,0.18080270576904514,0.03628992404818345,Green
8875,0,0.0010517278220504521,0.07515354186056178,0.015872090629752714,Green
8876,0,0.00011169380595674739,0.16524635553580289,0.03313862615192597,Green
8877,0,0.0010867445031180977,0.07068275705808472,0.015005947014111419,Green
8878,0,0.0009080583229660987,0.10724900871696919,0.022176248401766713,Green
8879,0,9.859984274953603e-05,0.2055328245917939,0.041185444792558396,Green
8880,0,0.0019126701168715953,0.08707047783122752,0.018944231659742777,Green
8881,0,0.0003153176163323224,0.12377919262301154,0.02500809261766816,Green
8882,0,0.0007003917125985026,0.09342264029788036,0.01924484142965487,Green
8883,0,0.009967275522649288,0.03683760220022478,0.015341340858164385,Green
8884,0,0.0009950928040780127,0.23685351056782392,0.04816677635682718,Green
8885,0,0.0016030310187488794,0.13617709364181557,0.02851784354336221,Green
8886,0,0.006748366355895996,0.16941973044872385,0.039282639174461564,Green
8887,0,0.000148019875632599,0.1589831327435374,0.031915042449213546,Green
8888,0,0.0001142193126725033,0.04098625818879689,0.00828862708789738,Green
8889,0,0.00033026643213815985,0.11198815908914346,0.022661844963539214,Green
8890,0,0.00016446489025838672,0.14211083953286016,0.028553739818778737,Green
8891,0,0.0006996968411840499,0.3648422223149856,0.07352820193594435,Green
8892,0,0.0004958019475452602,0.07347127504583108,0.015090896567202422,Green
8893,0,8.527331228833646e-05,0.12619614771271104,0.02530744819237287,Green
8894,0,0.00013311752409208565,0.13080027840187347,0.026266549699648357,Green
8895,0,7.471968128811569e-05,0.20125428957521777,0.040310633660074036,Green
8896,0,0.0005356252775527536,0.18498497196243266,0.03742549461452872,Green
8897,0,0.00010202077100984752,0.12611780876419765,0.025305178369647404,Green
8898,0,8.508035389240832e-05,0.09350134585248364,0.01876833345361065,Green
8899,0,0.003416811814531684,0.11581654718705678,0.025896758889036697,Green
8900,0,0.0006000071996822953,0.15229877861650834,0.030939761483047497,Green
8901,0,0.00035743386251851916,0.06868317970546416,0.014022583031107642,Green
8902,0,0.0012001510709524154,0.0734536264687504,0.01565084615051201,Green
8903,0,0.020164479687809947,0.17316713679801596,0.05076501110985114,Green
8904,0,0.00010634634891175665,0.13780641468845467,0.02764636001682033,Green
8905,0,8.87664282345213e-05,0.05535097091190245,0.011141207324968105,Green
8906,0,0.004485772736370563,0.1235047717873346,0.028289572546563366,Green
8907,0,0.0003212602983694524,0.10378006379789904,0.021013020998275365,Green
8908,0,4.2096784454770386e-05,0.18634083103238816,0.03730184363404144,Green
8909,0,0.0016714904690161348,0.15263486299029028,0.03186416497327096,Green
8910,0,0.0007015418144874275,0.06119830542409559,0.012800894536409058,Green
8911,0,0.009145775623619557,0.14670678143257923,0.03665797678541149,Green
8912,0,0.0011308434419333934,0.08862236946607327,0.018629148646761365,Green
8913,0,0.00046352928038686516,0.03167605637251548,0.006706034698812586,Green
8914,0,0.0008432766189798713,0.0629406815569137,0.013262757606566632,Green
8915,0,0.0006036402890458703,0.09311683697484968,0.01910627962620663,Green
8916,0,0.00014393641031347216,0.16333375876731737,0.032781900881714246,Green
8917,0,0.00011565640452317894,0.09470027450036259,0.019032580023691056,Green
8918,0,0.0003880583681166172,0.1273611738242932,0.025782681459351933,Green
8919,0,0.00036476321402005856,0.15604600793993093,0.03150101215920223,Green
8920,0,0.0006461886106990277,0.1933525114225849,0.03918745317307619,Green
8921,0,0.027525885775685308,0.13333881081524257,0.048688470783596755,Green
8922,0,0.0012135567842051385,0.12878912572439002,0.02672867057224211,Green
8923,0,0.00036724269739352167,0.21421355894074937,0.043136505946064684,Green
8924,0,0.001030218438245356,0.14120713693662235,0.029065602137920747,Green
8925,0,0.0015203058952465653,0.1237850751060073,0.025973259737398707,Green
8926,0,0.002062533050775528,0.1742184554472436,0.03649371753006913,Green
8927,0,9.678413480287417e-05,0.21958707547256284,0.04399484240235486,Green
8928,0,0.0001759374514222145,0.13472885132628945,0.027086520226395655,Green
8929,0,9.294602641602978e-05,0.07878288099807737,0.015830933020748294,Green
8930,0,0.0006548634963110089,0.11494944236527259,0.02351377927010332,Green
8931,0,0.00011984204320469871,0.09862667524807454,0.019821208684178665,Green
8932,0,0.0007403098745271564,0.1302876603625819,0.0266497799721381,Green
8933,0,0.0016745194792747498,0.09447292221524653,0.020234200026469102,Green
8934,0,0.004081870149821043,0.033775555571819264,0.010020607234220685,Green
8935,0,0.0006095439777709543,0.07765827061446087,0.016019289305108934,Green
8936,0,0.00045059262774884703,0.03885835200319523,0.008132144502838121,Green
8937,0,0.003337446681689471,0.034064157713608476,0.00948278888807327,Green
8938,0,0.0008953831857070327,0.13013929399256396,0.026744165347078415,Green
8939,0,0.0002586296875961125,0.11514241279404515,0.023235386308885917,Green
8940,0,8.034351922105997e-05,0.063955419162486,0.012855358647874043,Green
8941,0,0.00013939232449047267,0.018552334394985017,0.003821980738589381,Green
8942,0,0.000761648325715214,0.051278561415242785,0.010865030943620726,Green
8943,0,0.00837414814159274,0.12662947646305206,0.0320252138058846,Green
8944,0,0.0005152882658876479,0.1268713381114705,0.025786498235004212,Green
8945,0,0.0008545259013772011,0.07476358682112219,0.015636338085326197,Green
8946,0,0.0001678401604294777,0.20436544522056296,0.041007361172456167,Green
8947,0,5.833625145896804e-05,0.11496106904797858,0.023038882810762884,Green
8948,0,0.0008693699608556926,0.11068730263762665,0.022832956496209877,Green
8949,0,0.0012596266577020287,0.06080950904122129,0.013169603134405879,Green
8950,0,0.00017511370533611624,0.050395196979620874,0.010219130360193066,Green
8951,0,0.00017978051910176872,0.1365227132643284,0.02744836706814709,Green
8952,0,0.0011424253811128438,0.15944851056368203,0.03280364241762668,Green
8953,0,0.03593321815133095,0.20847858004234082,0.07044229052953292,Green
8954,0,0.0002710039494559169,0.10341584739847474,0.02089997263925968,Green
8955,0,0.0005661194561980664,0.2696501736583015,0.05438293029661874,Green
8956,0,0.0001862104400061071,0.17582682154850188,0.03531433266170525,Green
8957,0,0.00010453670256538317,0.084087607378583,0.016901150837768903,Green
8958,0,0.0008370643132366239,0.1850562184032112,0.03768089513123154,Green
8959,0,0.0044260543771088125,0.09984869620596151,0.02351058274287935,Green
8960,0,0.00027988028014078734,0.06588853084299291,0.01340161039271121,Green
8961,0,0.00036079845740459864,0.1896830845446469,0.038225255674853055,Green
8962,0,0.0001660113368416205,0.23578664872388547,0.047290138814250385,Green
8963,0,0.0003937130270060152,0.4083414462533953,0.08198325967228386,Green
8964,0,0.004848675802350044,0.3203390944517524,0.0679467595322305,Green
8965,0,0.007967016566544772,0.0836798519072395,0.023109583634683715,Green
8966,0,0.0024136706022545697,0.09087139974362553,0.020105216430528757,Green
8967,0,0.003170151636004448,0.09446997039822158,0.02143011538844787,Green
8968,0,0.0004881552478764206,0.09776153106078805,0.01994283041045874,Green
8969,0,0.0018276732414960863,0.13020565662495778,0.027503269918188418,Green
8970,0,0.003667000215500593,0.10910352953466805,0.024754306079334078,Green
8971,0,0.015774740464985372,0.04102910826146704,0.020825614024281704,Green
8972,0,2.1541012210946063e-05,0.15332266564161395,0.03068176593809154,Green
8973,0,0.14444222152233124,0.1102272762825887,0.13759923247438274,Green
8974,0,0.0005577289732173086,0.43075764461256383,0.0865977121010866,Green
8975,0,0.0001589402760146186,0.09692906068531411,0.019512964357874512,Green
8976,0,0.00036980125005356965,0.06714028798372025,0.013723898596786903,Green
8977,0,0.0005680633243173361,0.15979100046505026,0.03241265075246391,Green
8978,0,0.018199412524700163,0.303485870362084,0.07525670409217691,Green
8979,0,0.002410899451933801,0.06378256309264364,0.014685232180075766,Green
8980,0,0.0065102286636829374,0.1387686751298837,0.03296191795692308,Green
8981,0,0.00016917549073696135,0.24612117531512961,0.04935957545561548,Green
8982,0,5.637187205138617e-05,0.42956054750846273,0.08595720699933362,Green
8983,0,0.0001552450645249337,0.06166236753180325,0.012456669557980594,Green
8984,0,0.0015758517663925886,0.13292851563397515,0.027846384539909095,Green
8985,0,0.00032092730398289857,0.09121030069885191,0.018498801982956697,Green
8986,0,0.0030029430985450745,0.05554107051700598,0.013510568582237254,Green
8987,0,0.00048680990003049376,0.06763337522693556,0.013916122965411504,Green
8988,0,0.0001745757559547201,0.058437354026859484,0.01182713141013567,Green
8989,0,0.001498109195381403,0.18565977814075285,0.03833044298445568,Green
8990,0,7.240032209665515e-05,0.1297183916798,0.02600159859363732,Green
8991,0,0.000385829561855644,0.17261534520066227,0.03483173268961696,Green
8992,0,0.00034300632541999225,0.057883604848670826,0.011851126030070156,Green
8993,0,0.00012603764625964686,0.052369871418680304,0.010574804400743775,Green
8994,0,0.0001813636816223152,0.11972275411090609,0.024089641767479065,Green
8995,0,0.0018637411529198288,0.02402761083038364,0.0062965150884125905,Green
8996,0,0.00044727709610015154,0.055119942429357444,0.011381810162751606,Green
8997,0,0.00021292047167662534,0.123759750931324,0.024922286563606098,Green
8998,0,8.532770516467281e-05,0.14778403817623845,0.02962506979937942,Green
8999,0,0.0006332771154120564,0.12797415716741878,0.026101453125813395,Green
9000,0,0.0013005405897274613,0.12007916191033693,0.02505626485384935,Green
9001,1,0.9437915682792664,0.05589615740807927,0.7662124861050289,Red
9002,1,0.9985805153846741,0.11441998268617792,0.8217484088449749,Red
9003,1,0.9977080941200256,0.15346502265059353,0.8288594798261392,Red
9004,1,0.9910153269767761,0.1294119089800015,0.8186946433774213,Red
9005,1,0.9927091360092163,0.036348488537054024,0.8014370065147839,Red
9006,1,0.9908304929733277,0.16201921620084192,0.8250682376188306,Red
9007,1,0.4731175899505615,0.04354921117960994,0.38720391419637123,Amber
9008,1,0.9919966340065003,0.13182178827245822,0.8199616648596919,Red
9009,1,0.8805886149406433,0.0653466547110282,0.7175402228947203,Red
9010,1,0.6012705802917481,0.09092243389876169,0.4992009510131508,Amber
9011,1,0.989302897453308,0.051891206058145005,0.8018205591742754,Red
9012,1,0.9342839360237122,0.07682802014666576,0.762792752848303,Red
9013,1,0.9747859716415406,0.049216210457241505,0.7896720194046808,Red
9014,1,0.9866787672042846,0.06463111478391823,0.8022692367202114,Red
9015,1,0.9936094999313354,0.14950435542479004,0.8247884710300264,Red
9016,1,0.9884672284126281,0.12051001820850508,0.8148757863718036,Red
9017,1,0.9823270320892334,0.08841000704853265,0.8035436270810934,Red
9018,1,0.9913491129875183,0.059709927202470814,0.8050212758305089,Red
9019,1,0.93646240234375,0.10556837536617075,0.7702835969482342,Red
9020,1,0.9957342624664307,0.04370405675447234,0.805328221324039,Red
9021,1,0.49934091567993166,0.07060626884000715,0.41359398631194677,Amber
9022,1,0.9916169881820678,0.06078957343242974,0.8054515052321403,Red
9023,1,0.9945949077606202,0.25302465302252203,0.8462808568130007,Red
9024,1,0.9909507513046264,0.17493167201561793,0.8277469354468248,Red
9025,1,0.9988970756530762,0.07078829999820622,0.8132753205221023,Red
9026,1,0.9748625040054322,0.07190849192500068,0.7942717015893459,Red
9027,1,0.030558042228221893,0.06228841363592376,0.03690411650976227,Green
9028,1,0.9996530413627625,0.22579886444540254,0.8448822059792904,Red
9029,1,0.970348572731018,0.12838748228897232,0.801956354642609,Red
9030,1,0.01551349014043808,0.18959960415775448,0.05033071294390135,Green
9031,1,0.8128873705863953,0.22066213655851344,0.6944423237808189,Red
9032,1,0.5156452417373657,0.060351289100987665,0.42458645121009014,Amber
9033,1,0.9991208195686341,0.14434446379465615,0.8281655484138385,Red
9034,1,0.9988639831542969,0.20325901000049415,0.8397429885235363,Red
9035,1,0.8479391813278199,0.15472952970892054,0.7092972510040401,Red
9036,1,0.9975287437438964,0.1503583456535018,0.8280946641258176,Red
9037,1,0.9951183795928955,0.07576752140424427,0.8112482079551653,Red
9038,1,0.9985556483268737,0.1519986440863034,0.8292442474787597,Red
9039,1,0.6937361121177673,0.3346632443585827,0.6219215385659305,Red
9040,1,0.960354471206665,0.0940934601722134,0.7871022689997746,Red
9041,1,0.9993032932281494,0.10853141583573526,0.8211489177496666,Red
9042,1,0.9959048628807068,0.13955108716219797,0.8246341077370051,Red
9043,1,0.9752296328544616,0.046606721066226084,0.7895050504968146,Red
9044,1,0.9967175960540772,0.3383982113701796,0.8650537191172977,Red
9045,1,0.7997643828392029,0.0859797956116687,0.6570074653936961,Red
9046,1,0.9993673324584961,0.1349417935092657,0.8264822246686501,Red
9047,1,0.10222901701927184,0.09864171961470782,0.10151155753835903,Green
9048,1,0.9133562445640564,0.14200049480841537,0.7590850946129282,Red
9049,1,0.9996458172798157,0.15510282096286324,0.8307372180164252,Red
9050,1,0.9825832366943359,0.16749592982416983,0.8195657753203027,Red
9051,1,0.6039174675941467,0.13690965668536612,0.5105159054123906,Amber
9052,1,0.9811442971229553,0.05750928198102236,0.7964172940945687,Red
9053,1,0.7829123735427856,0.06283976742790359,0.6388978523198092,Red
9054,1,0.9949716567993164,0.10032769234008188,0.8160428639074696,Red
9055,1,0.6882286071777344,0.14359111098255978,0.5793011079386995,Amber
9056,1,0.9937602519989014,0.1295592880919057,0.8209200592175022,Red
9057,1,0.048917309194803235,0.08802847446491001,0.05673954224882459,Green
9058,1,0.9948833227157593,0.1423414538563519,0.8243749489438779,Red
9059,1,0.155949729681015,0.03445872087113799,0.1316515279190396,Green
9060,1,0.9741633415222168,0.11365605019194107,0.8020618832561617,Red
9061,1,0.9976642608642579,0.13521140380344435,0.8251736894520951,Red
9062,1,0.9996772885322571,0.1584981536255353,0.8314414615509128,Red
9063,1,0.42410343885421753,0.27818840185061394,0.3949204314534968,Amber
9064,1,0.9985017776489258,0.145563068313623,0.8279140357818652,Red
9065,1,0.9348216772079467,0.10394336831004666,0.7686460154283667,Red
9066,1,0.9003117203712463,0.4082304740054358,0.8018954710980841,Red
9067,1,0.0004861759836785495,0.08825664477826949,0.018040269742596732,Green
9068,1,0.9902009963989258,0.02848823987339066,0.7978584450938188,Red
9069,1,0.5924108386039734,0.06215380174380757,0.4863594312319402,Amber
9070,1,0.7645307064056397,0.09400487729252051,0.6304255405830159,Red
9071,1,0.996912407875061,0.10605858255285468,0.8187416428106198,Red
9072,1,0.6022083163261414,0.07135684009278216,0.49603802107946954,Amber
9073,1,0.9997517466545105,0.20284357463573435,0.8403701122507553,Red
9074,1,0.9990855813026428,0.09709932527181045,0.8186883300964763,Red
9075,1,0.9990369439125061,0.18528895098815365,0.8362873453276356,Red
9076,1,0.9252338886260987,0.02435087992697686,0.7450572868862744,Red
9077,1,0.0004005853028502315,0.10187906416715219,0.02069628107571062,Green
9078,1,0.03996405526995658,0.025623229768001174,0.0370958901695655,Green
9079,1,0.9985895633697509,0.19865153289042195,0.8386019572738852,Red
9080,1,0.48313791751861573,0.06504469236450679,0.39951927248779395,Amber
9081,1,0.8243027925491333,0.13391439604932315,0.6862251132491713,Red
